{
  "comment": "//leave comments here if needed",
  "contain_publication_list": "F",
  "email": "",
  "filename": "2d62764b-07c6-4737-aa62-b2f8a19c4f9d",
  "info": "T means true, F means False. If no publications, just leave the publication structure unchanged.",
  "is_personal_homepage": "T",
  "name": "MARK SALLMEN",
  "name_index": [
    {
      "index_in_file": [
        [
          11786,
          11798
        ]
      ],
      "name_format": "Begin_First_Full End_Last_Full",
      "text": "DINA MOREIRA"
    },
    {
      "index_in_file": [
        [
          2436,
          2448
        ]
      ],
      "name_format": "Begin_First_Full End_Last_Full",
      "text": "WILLIAM AIDE"
    },
    {
      "index_in_file": [
        [
          11134,
          11150
        ]
      ],
      "name_format": "Begin_First_Full End_Last_Full",
      "text": "JEFFREY MCFADDEN"
    },
    {
      "index_in_file": [
        [
          2830,
          2838
        ]
      ],
      "name_format": "Begin_First_Full End_Last_Full",
      "text": "MIA BACH"
    },
    {
      "index_in_file": [
        [
          4954,
          4964
        ]
      ],
      "name_format": "Begin_First_Full End_Last_Full",
      "text": "TIM DAWSON"
    },
    {
      "index_in_file": [
        [
          12666,
          12682
        ]
      ],
      "name_format": "Begin_First_Full End_Last_Full",
      "text": "DAVID OCCHIPINTI"
    },
    {
      "index_in_file": [
        [
          9533,
          9543
        ]
      ],
      "name_format": "Begin_First_Full End_Last_Full",
      "text": "JAY LAMBIE"
    },
    {
      "index_in_file": [
        [
          10883,
          10892
        ]
      ],
      "name_format": "Begin_First_Full End_Last_Full",
      "text": "URI MAYER"
    },
    {
      "index_in_file": [
        [
          9282,
          9293
        ]
      ],
      "name_format": "Begin_First_Full End_Last_Full",
      "text": "JOHN KRUSPE"
    },
    {
      "index_in_file": [
        [
          4265,
          4279
        ]
      ],
      "name_format": "Begin_First_Full End_Last_Full",
      "text": "CATHERINE CHEN"
    },
    {
      "index_in_file": [
        [
          11034,
          11048
        ]
      ],
      "name_format": "Begin_First_Full End_Last_Full",
      "text": "BRIAN MCDONAGH"
    },
    {
      "index_in_file": [
        [
          18244,
          18255
        ]
      ],
      "name_format": "Begin_First_Full End_Last_Full",
      "text": "GEOFF YOUNG"
    },
    {
      "index_in_file": [
        [
          13954,
          13967
        ]
      ],
      "name_format": "Begin_First_Full End_Last_Full",
      "text": "JOSHUA PILZER"
    },
    {
      "index_in_file": [
        [
          13517,
          13531
        ]
      ],
      "name_format": "Begin_First_Full End_Last_Full",
      "text": "DENNIS PATRICK"
    },
    {
      "index_in_file": [
        [
          10849,
          10860
        ]
      ],
      "name_format": "Begin_First_Full End_Last_Full",
      "text": "JAMES MASON"
    },
    {
      "index_in_file": [
        [
          8984,
          8997
        ]
      ],
      "name_format": "Begin_First_Full End_Last_Full",
      "text": "ETSUKO KIMURA"
    },
    {
      "index_in_file": [
        [
          8648,
          8664
        ]
      ],
      "name_format": "Begin_First_Full End_Last_Full",
      "text": "GREGORY JOHNSTON"
    },
    {
      "index_in_file": [
        [
          10565,
          10578
        ]
      ],
      "name_format": "Begin_First_Full End_Last_Full",
      "text": "JEAN MACPHAIL"
    },
    {
      "index_in_file": [
        [
          4069,
          4080
        ]
      ],
      "name_format": "Begin_First_Full End_Last_Full",
      "text": "KATE CARVER"
    },
    {
      "index_in_file": [
        [
          15292,
          15306
        ]
      ],
      "name_format": "Begin_First_Full End_Last_Full",
      "text": "ANNETTE SANGER"
    },
    {
      "index_in_file": [
        [
          5445,
          5456
        ]
      ],
      "name_format": "Begin_First_Full End_Last_Full",
      "text": "MARK DUGGAN"
    },
    {
      "index_in_file": [
        [
          4338,
          4354
        ]
      ],
      "name_format": "Begin_First_Full End_Last_Full",
      "text": "STEPHEN CHENETTE"
    },
    {
      "index_in_file": [
        [
          5313,
          5327
        ]
      ],
      "name_format": "Begin_First_Full End_Last_Full",
      "text": "THOMAS DOWLING"
    },
    {
      "index_in_file": [
        [
          15412,
          15425
        ]
      ],
      "name_format": "Begin_First_Full End_Last_Full",
      "text": "CLARE SCHOLTZ"
    },
    {
      "index_in_file": [
        [
          11256,
          11266
        ]
      ],
      "name_format": "Begin_First_Full End_Last_Full",
      "text": "DON MCLEAN"
    },
    {
      "index_in_file": [
        [
          14855,
          14866
        ]
      ],
      "name_format": "Begin_First_Full End_Last_Full",
      "text": "PAUL ROGERS"
    },
    {
      "index_in_file": [
        [
          5966,
          5978
        ]
      ],
      "name_format": "Begin_First_Full End_Last_Full",
      "text": "ROBERT FALCK"
    },
    {
      "index_in_file": [
        [
          13820,
          13834
        ]
      ],
      "name_format": "Begin_First_Full End_Last_Full",
      "text": "STEVEN PHILCOX"
    },
    {
      "index_in_file": [
        [
          4850,
          4861
        ]
      ],
      "name_format": "Begin_First_Full End_Last_Full",
      "text": "MARK DABOLL"
    },
    {
      "index_in_file": [
        [
          3246,
          3260
        ]
      ],
      "name_format": "Begin_First_Full End_Last_Full",
      "text": "HOUMAN BEHZADI"
    },
    {
      "index_in_file": [
        [
          521,
          533
        ],
        [
          569,
          581
        ],
        [
          15111,
          15123
        ]
      ],
      "name_format": "Begin_First_Full End_Last_Full",
      "text": "MARK SALLMEN"
    },
    {
      "index_in_file": [
        [
          8521,
          8535
        ]
      ],
      "name_format": "Begin_First_Full End_Last_Full",
      "text": "JOSEPH JOHNSON"
    },
    {
      "index_in_file": [
        [
          6321,
          6336
        ]
      ],
      "name_format": "Begin_First_Full End_Last_Full",
      "text": "VANESSA FRALICK"
    },
    {
      "index_in_file": [
        [
          10062,
          10075
        ]
      ],
      "name_format": "Begin_First_Full End_Last_Full",
      "text": "BORIS LYSENKO"
    },
    {
      "index_in_file": [
        [
          3586,
          3599
        ]
      ],
      "name_format": "Begin_First_Full End_Last_Full",
      "text": "DAVID BOURQUE"
    },
    {
      "index_in_file": [
        [
          16165,
          16176
        ]
      ],
      "name_format": "Begin_First_Full End_Last_Full",
      "text": "PETER STOLL"
    },
    {
      "index_in_file": [
        [
          8008,
          8016
        ]
      ],
      "name_format": "Begin_First_Full End_Last_Full",
      "text": "JEFF HUH"
    },
    {
      "index_in_file": [
        [
          15989,
          16001
        ]
      ],
      "name_format": "Begin_First_Full End_Last_Full",
      "text": "JAMES SPRAGG"
    },
    {
      "index_in_file": [
        [
          17561,
          17574
        ]
      ],
      "name_format": "Begin_First_Full End_Last_Full",
      "text": "CAMILLE WATTS"
    },
    {
      "index_in_file": [
        [
          16132,
          16144
        ]
      ],
      "name_format": "Begin_First_Full End_Last_Full",
      "text": "LES STOCKLEY"
    },
    {
      "index_in_file": [
        [
          14640,
          14666
        ]
      ],
      "name_format": "Begin_First_Full End_Last_Full",
      "text": "ABIGAIL RICHARDSON-SCHULTE"
    },
    {
      "index_in_file": [
        [
          10120,
          10135
        ]
      ],
      "name_format": "Begin_First_Full End_Last_Full",
      "text": "LORNA MACDONALD"
    },
    {
      "index_in_file": [
        [
          12479,
          12492
        ]
      ],
      "name_format": "Begin_First_Full End_Last_Full",
      "text": "WENDY NIELSEN"
    },
    {
      "index_in_file": [
        [
          3168,
          3183
        ]
      ],
      "name_format": "Begin_First_Full End_Last_Full",
      "text": "JEFFREY BEECHER"
    },
    {
      "index_in_file": [
        [
          13659,
          13672
        ]
      ],
      "name_format": "Begin_First_Full End_Last_Full",
      "text": "PAUL PEDERSEN"
    },
    {
      "index_in_file": [
        [
          8164,
          8178
        ]
      ],
      "name_format": "Begin_First_Full End_Last_Full",
      "text": "FRASER JACKSON"
    },
    {
      "index_in_file": [
        [
          10689,
          10705
        ]
      ],
      "name_format": "Begin_First_Full End_Last_Full",
      "text": "SARA MAIDA-NICOL"
    },
    {
      "index_in_file": [
        [
          15945,
          15958
        ]
      ],
      "name_format": "Begin_First_Full End_Last_Full",
      "text": "NATASHA SMITH"
    },
    {
      "index_in_file": [
        [
          2573,
          2585
        ]
      ],
      "name_format": "Begin_First_Full End_Last_Full",
      "text": "IAN ALBRIGHT"
    },
    {
      "index_in_file": [
        [
          6396,
          6407
        ]
      ],
      "name_format": "Begin_First_Full End_Last_Full",
      "text": "NICK FRASER"
    },
    {
      "index_in_file": [
        [
          15671,
          15686
        ]
      ],
      "name_format": "Begin_First_Full End_Last_Full",
      "text": "CHELSEA SHANOFF"
    },
    {
      "index_in_file": [
        [
          13619,
          13634
        ]
      ],
      "name_format": "Begin_First_Full End_Last_Full",
      "text": "NATHALIE PAULIN"
    },
    {
      "index_in_file": [
        [
          6258,
          6272
        ]
      ],
      "name_format": "Begin_First_Full End_Last_Full",
      "text": "ELIZABETH FODI"
    },
    {
      "index_in_file": [
        [
          12008,
          12019
        ]
      ],
      "name_format": "Begin_First_Full End_Last_Full",
      "text": "MIKE MURLEY"
    },
    {
      "index_in_file": [
        [
          5114,
          5131
        ]
      ],
      "name_format": "Begin_First_Full End_Last_Full",
      "text": "LORI-ANNE DOLLOFF"
    },
    {
      "index_in_file": [
        [
          7491,
          7507
        ]
      ],
      "name_format": "Begin_First_Full End_Last_Full",
      "text": "FARZANEH HEMMASI"
    },
    {
      "index_in_file": [
        [
          11413,
          11430
        ]
      ],
      "name_format": "Begin_First_Full End_Last_Full",
      "text": "KATHLEEN MCMORROW"
    },
    {
      "index_in_file": [
        [
          10746,
          10763
        ]
      ],
      "name_format": "Begin_First_Full End_Last_Full",
      "text": "STEFANO MARCOCCHI"
    },
    {
      "index_in_file": [
        [
          10362,
          10376
        ]
      ],
      "name_format": "Begin_First_Full End_Last_Full",
      "text": "GILLIAN MACKAY"
    },
    {
      "index_in_file": [
        [
          17966,
          17980
        ]
      ],
      "name_format": "Begin_First_Full End_Last_Full",
      "text": "BARTON WOOMERT"
    },
    {
      "index_in_file": [
        [
          9668,
          9678
        ]
      ],
      "name_format": "Begin_First_Full End_Last_Full",
      "text": "SHERRY LEE"
    },
    {
      "index_in_file": [
        [
          7880,
          7892
        ]
      ],
      "name_format": "Begin_First_Full End_Last_Full",
      "text": "DEREK HOLMAN"
    },
    {
      "index_in_file": [
        [
          7071,
          7082
        ]
      ],
      "name_format": "Begin_First_Full End_Last_Full",
      "text": "JOHN HAINES"
    },
    {
      "index_in_file": [
        [
          16672,
          16685
        ]
      ],
      "name_format": "Begin_First_Full End_Last_Full",
      "text": "DANIEL TAYLOR"
    },
    {
      "index_in_file": [
        [
          16060,
          16075
        ]
      ],
      "name_format": "Begin_First_Full End_Last_Full",
      "text": "DOUGLAS STEWART"
    },
    {
      "index_in_file": [
        [
          5998,
          6010
        ]
      ],
      "name_format": "Begin_First_Full End_Last_Full",
      "text": "DAVID FALLIS"
    },
    {
      "index_in_file": [
        [
          13386,
          13397
        ]
      ],
      "name_format": "Begin_First_Full End_Last_Full",
      "text": "DAWN PASCOE"
    },
    {
      "index_in_file": [
        [
          3659,
          3674
        ]
      ],
      "name_format": "Begin_First_Full End_Last_Full",
      "text": "MADELEINE BOYER"
    },
    {
      "index_in_file": [
        [
          4429,
          4444
        ]
      ],
      "name_format": "Begin_First_Full End_Last_Full",
      "text": "GORDON CHRISTIE"
    },
    {
      "index_in_file": [
        [
          4462,
          4474
        ]
      ],
      "name_format": "Begin_First_Full End_Last_Full",
      "text": "MAX CHRISTIE"
    },
    {
      "index_in_file": [
        [
          15226,
          15239
        ]
      ],
      "name_format": "Begin_First_Full End_Last_Full",
      "text": "CHASE SANBORN"
    },
    {
      "index_in_file": [
        [
          9362,
          9374
        ]
      ],
      "name_format": "Begin_First_Full End_Last_Full",
      "text": "GARY KULESHA"
    },
    {
      "index_in_file": [
        [
          12552,
          12565
        ]
      ],
      "name_format": "Begin_First_Full End_Last_Full",
      "text": "NASIM NIKNAFS"
    },
    {
      "index_in_file": [
        [
          13056,
          13068
        ]
      ],
      "name_format": "Begin_First_Full End_Last_Full",
      "text": "JEFF PACKMAN"
    },
    {
      "index_in_file": [
        [
          9849,
          9856
        ]
      ],
      "name_format": "Begin_First_Full End_Last_Full",
      "text": "TENG LI"
    },
    {
      "index_in_file": [
        [
          5512,
          5528
        ]
      ],
      "name_format": "Begin_First_Full End_Last_Full",
      "text": "CHRISTINE DUNCAN"
    },
    {
      "index_in_file": [
        [
          5620,
          5631
        ]
      ],
      "name_format": "Begin_First_Full End_Last_Full",
      "text": "KWASI DUNYO"
    },
    {
      "index_in_file": [
        [
          2301,
          2314
        ]
      ],
      "name_format": "Begin_First_Full End_Last_Full",
      "text": "JOHN ABBERGER"
    },
    {
      "index_in_file": [
        [
          10817,
          10829
        ]
      ],
      "name_format": "Begin_First_Full End_Last_Full",
      "text": "BRYAN MARTIN"
    },
    {
      "index_in_file": [
        [
          16516,
          16527
        ]
      ],
      "name_format": "Begin_First_Full End_Last_Full",
      "text": "STEPHEN TAM"
    },
    {
      "index_in_file": [
        [
          7136,
          7145
        ]
      ],
      "name_format": "Begin_First_Full End_Last_Full",
      "text": "ERIC HALL"
    },
    {
      "index_in_file": [
        [
          9772,
          9781
        ]
      ],
      "name_format": "Begin_First_Full End_Last_Full",
      "text": "JIM LEWIS"
    },
    {
      "index_in_file": [
        [
          15175,
          15187
        ]
      ],
      "name_format": "Begin_First_Full End_Last_Full",
      "text": "ALEX SAMARAS"
    },
    {
      "index_in_file": [
        [
          13178,
          13191
        ]
      ],
      "name_format": "Begin_First_Full End_Last_Full",
      "text": "NORBERT PALEJ"
    },
    {
      "index_in_file": [
        [
          17843,
          17855
        ]
      ],
      "name_format": "Begin_First_Full End_Last_Full",
      "text": "JEFF WOLPERT"
    },
    {
      "index_in_file": [
        [
          15380,
          15392
        ]
      ],
      "name_format": "Begin_First_Full End_Last_Full",
      "text": "EZRA SCHABAS"
    },
    {
      "index_in_file": [
        [
          8366,
          8375
        ]
      ],
      "name_format": "Begin_First_Full End_Last_Full",
      "text": "BINA JOHN"
    },
    {
      "index_in_file": [
        [
          15333,
          15347
        ]
      ],
      "name_format": "Begin_First_Full End_Last_Full",
      "text": "MANUELA SCARCI"
    },
    {
      "index_in_file": [
        [
          17908,
          17918
        ]
      ],
      "name_format": "Begin_First_Full End_Last_Full",
      "text": "LYDIA WONG"
    },
    {
      "index_in_file": [
        [
          11718,
          11733
        ]
      ],
      "name_format": "Begin_First_Full End_Last_Full",
      "text": "CATHERINE MOORE"
    },
    {
      "index_in_file": [
        [
          3855,
          3868
        ]
      ],
      "name_format": "Begin_First_Full End_Last_Full",
      "text": "JOHN BROWNELL"
    },
    {
      "index_in_file": [
        [
          17177,
          17188
        ]
      ],
      "name_format": "Begin_First_Full End_Last_Full",
      "text": "JOHN TUTTLE"
    },
    {
      "index_in_file": [
        [
          8112,
          8126
        ]
      ],
      "name_format": "Begin_First_Full End_Last_Full",
      "text": "SUSAN IRONSIDE"
    },
    {
      "index_in_file": [
        [
          15816,
          15828
        ]
      ],
      "name_format": "Begin_First_Full End_Last_Full",
      "text": "NANCY SICSIC"
    },
    {
      "index_in_file": [
        [
          16442,
          16453
        ]
      ],
      "name_format": "Begin_First_Full End_Last_Full",
      "text": "EDWARD TAIT"
    },
    {
      "index_in_file": [
        [
          16310,
          16325
        ]
      ],
      "name_format": "Begin_First_Full End_Last_Full",
      "text": "MICHAEL SWEENEY"
    },
    {
      "index_in_file": [
        [
          11075,
          11093
        ]
      ],
      "name_format": "Begin_First_Full End_Last_Full",
      "text": "ELIZABETH MCDONALD"
    },
    {
      "index_in_file": [
        [
          7204,
          7220
        ]
      ],
      "name_format": "Begin_First_Full End_Last_Full",
      "text": "WALLACE HALLADAY"
    },
    {
      "index_in_file": [
        [
          4783,
          4796
        ]
      ],
      "name_format": "Begin_First_Full End_Last_Full",
      "text": "JONATHAN CROW"
    },
    {
      "index_in_file": [
        [
          12267,
          12277
        ]
      ],
      "name_format": "Begin_First_Full End_Last_Full",
      "text": "DAVE NEILL"
    },
    {
      "index_in_file": [
        [
          7624,
          7635
        ]
      ],
      "name_format": "Begin_First_Full End_Last_Full",
      "text": "KEELY HICKS"
    },
    {
      "index_in_file": [
        [
          3774,
          3787
        ]
      ],
      "name_format": "Begin_First_Full End_Last_Full",
      "text": "ELIOT BRITTON"
    },
    {
      "index_in_file": [
        [
          11006,
          11021
        ]
      ],
      "name_format": "Begin_First_Full End_Last_Full",
      "text": "RYAN MCCLELLAND"
    },
    {
      "index_in_file": [
        [
          13442,
          13464
        ]
      ],
      "name_format": "Begin_First_Full End_Last_Full",
      "text": "ANNALEE PATIPATANAKOON"
    },
    {
      "index_in_file": [
        [
          2367,
          2381
        ]
      ],
      "name_format": "Begin_First_Full End_Last_Full",
      "text": "PATRICIA AHERN"
    },
    {
      "index_in_file": [
        [
          3518,
          3529
        ]
      ],
      "name_format": "Begin_First_Full End_Last_Full",
      "text": "ROMAN BORYS"
    },
    {
      "index_in_file": [
        [
          7667,
          7678
        ]
      ],
      "name_format": "Begin_First_Full End_Last_Full",
      "text": "MEGAN HODGE"
    },
    {
      "index_in_file": [
        [
          17425,
          17435
        ]
      ],
      "name_format": "Begin_First_Full End_Last_Full",
      "text": "JIM VIVIAN"
    },
    {
      "index_in_file": [
        [
          9623,
          9633
        ]
      ],
      "name_format": "Begin_First_Full End_Last_Full",
      "text": "MEIYEN LEE"
    },
    {
      "index_in_file": [
        [
          5787,
          5800
        ]
      ],
      "name_format": "Begin_First_Full End_Last_Full",
      "text": "ROBIN ELLIOTT"
    },
    {
      "index_in_file": [
        [
          15871,
          15887
        ]
      ],
      "name_format": "Begin_First_Full End_Last_Full",
      "text": "MARK SKAZINETSKY"
    },
    {
      "index_in_file": [
        [
          16935,
          16950
        ]
      ],
      "name_format": "Begin_First_Full End_Last_Full",
      "text": "RICHARD THOMSON"
    },
    {
      "index_in_file": [
        [
          2468,
          2479
        ]
      ],
      "name_format": "Begin_First_Full End_Last_Full",
      "text": "EDDY AITKEN"
    },
    {
      "index_in_file": [
        [
          2605,
          2622
        ]
      ],
      "name_format": "Begin_First_Full End_Last_Full",
      "text": "HILARY APFELSTADT"
    },
    {
      "index_in_file": [
        [
          8308,
          8323
        ]
      ],
      "name_format": "Begin_First_Full End_Last_Full",
      "text": "KELLY JEFFERSON"
    },
    {
      "index_in_file": [
        [
          17067,
          17083
        ]
      ],
      "name_format": "Begin_First_Full End_Last_Full",
      "text": "KATHRYN TREMILLS"
    },
    {
      "index_in_file": [
        [
          13225,
          13242
        ]
      ],
      "name_format": "Begin_First_Full End_Last_Full",
      "text": "JENNIFER PANASIUK"
    },
    {
      "index_in_file": [
        [
          16384,
          16399
        ]
      ],
      "name_format": "Begin_First_Full End_Last_Full",
      "text": "KRISZTINA SZABO"
    },
    {
      "index_in_file": [
        [
          5044,
          5057
        ]
      ],
      "name_format": "Begin_First_Full End_Last_Full",
      "text": "RACHEL DESOER"
    },
    {
      "index_in_file": [
        [
          15637,
          15651
        ]
      ],
      "name_format": "Begin_First_Full End_Last_Full",
      "text": "PATRICIA SHAND"
    },
    {
      "index_in_file": [
        [
          13880,
          13894
        ]
      ],
      "name_format": "Begin_First_Full End_Last_Full",
      "text": "STEPHEN PIERRE"
    },
    {
      "index_in_file": [
        [
          6788,
          6801
        ]
      ],
      "name_format": "Begin_First_Full End_Last_Full",
      "text": "ALLISON GRANT"
    },
    {
      "index_in_file": [
        [
          17670,
          17681
        ]
      ],
      "name_format": "Begin_First_Full End_Last_Full",
      "text": "PAUL WIDNER"
    },
    {
      "index_in_file": [
        [
          7016,
          7036
        ]
      ],
      "name_format": "Begin_First_Full End_Last_Full",
      "text": "SARAH GUTSCHE-MILLER"
    },
    {
      "index_in_file": [
        [
          4534,
          4545
        ]
      ],
      "name_format": "Begin_First_Full End_Last_Full",
      "text": "CARYL CLARK"
    },
    {
      "index_in_file": [
        [
          7738,
          7752
        ]
      ],
      "name_format": "Begin_First_Full End_Last_Full",
      "text": "SUSAN HOEPPNER"
    },
    {
      "index_in_file": [
        [
          5169,
          5183
        ]
      ],
      "name_format": "Begin_First_Full End_Last_Full",
      "text": "CHRIS DONNELLY"
    },
    {
      "index_in_file": [
        [
          11353,
          11363
        ]
      ],
      "name_format": "Begin_First_Full End_Last_Full",
      "text": "KEN MCLEOD"
    },
    {
      "index_in_file": [
        [
          2896,
          2920
        ]
      ],
      "name_format": "Begin_First_Full End_Last_Full",
      "text": "NALAYINI BALASUBRAMANIAM"
    },
    {
      "index_in_file": [
        [
          14404,
          14414
        ]
      ],
      "name_format": "Begin_First_Full End_Last_Full",
      "text": "ERIKA RAUM"
    },
    {
      "index_in_file": [
        [
          4568,
          4580
        ]
      ],
      "name_format": "Begin_First_Full End_Last_Full",
      "text": "TERRY CLARKE"
    },
    {
      "index_in_file": [
        [
          12894,
          12908
        ]
      ],
      "name_format": "Begin_First_Full End_Last_Full",
      "text": "MARIETTA ORLOV"
    },
    {
      "index_in_file": [
        [
          8757,
          8768
        ]
      ],
      "name_format": "Begin_First_Full End_Last_Full",
      "text": "ELI KASSNER"
    },
    {
      "index_in_file": [
        [
          6446,
          6456
        ]
      ],
      "name_format": "Begin_First_Full End_Last_Full",
      "text": "SAL FRATIA"
    },
    {
      "index_in_file": [
        [
          13106,
          13120
        ]
      ],
      "name_format": "Begin_First_Full End_Last_Full",
      "text": "HYUNG-SUN PAIK"
    },
    {
      "index_in_file": [
        [
          7381,
          7396
        ]
      ],
      "name_format": "Begin_First_Full End_Last_Full",
      "text": "CHRISTOS HATZIS"
    },
    {
      "index_in_file": [
        [
          2758,
          2772
        ]
      ],
      "name_format": "Begin_First_Full End_Last_Full",
      "text": "KEITH ATKINSON"
    },
    {
      "index_in_file": [
        [
          9944,
          9955
        ]
      ],
      "name_format": "Begin_First_Full End_Last_Full",
      "text": "JASON LOGUE"
    },
    {
      "index_in_file": [
        [
          12359,
          12372
        ]
      ],
      "name_format": "Begin_First_Full End_Last_Full",
      "text": "LESLIE NEWMAN"
    },
    {
      "index_in_file": [
        [
          17631,
          17645
        ]
      ],
      "name_format": "Begin_First_Full End_Last_Full",
      "text": "MONICA WHICHER"
    },
    {
      "index_in_file": [
        [
          12979,
          12994
        ]
      ],
      "name_format": "Begin_First_Full End_Last_Full",
      "text": "JOSEPH ORLOWSKI"
    },
    {
      "index_in_file": [
        [
          11449,
          11464
        ]
      ],
      "name_format": "Begin_First_Full End_Last_Full",
      "text": "ALISON MELVILLE"
    },
    {
      "index_in_file": [
        [
          13292,
          13304
        ]
      ],
      "name_format": "Begin_First_Full End_Last_Full",
      "text": "JAMES PARKER"
    },
    {
      "index_in_file": [
        [
          7276,
          7296
        ]
      ],
      "name_format": "Begin_First_Full End_Last_Full",
      "text": "RUSSELL HARTENBERGER"
    },
    {
      "index_in_file": [
        [
          17010,
          17024
        ]
      ],
      "name_format": "Begin_First_Full End_Last_Full",
      "text": "BOYANNA TOYICH"
    },
    {
      "index_in_file": [
        [
          9494,
          9505
        ]
      ],
      "name_format": "Begin_First_Full End_Last_Full",
      "text": "ANDREW KWAN"
    },
    {
      "index_in_file": [
        [
          7969,
          7980
        ]
      ],
      "name_format": "Begin_First_Full End_Last_Full",
      "text": "KEVIN HOWEY"
    },
    {
      "index_in_file": [
        [
          7105,
          7116
        ]
      ],
      "name_format": "Begin_First_Full End_Last_Full",
      "text": "DOREEN HALL"
    },
    {
      "index_in_file": [
        [
          17124,
          17136
        ]
      ],
      "name_format": "Begin_First_Full End_Last_Full",
      "text": "LAURA TUCKER"
    },
    {
      "index_in_file": [
        [
          14524,
          14540
        ]
      ],
      "name_format": "Begin_First_Full End_Last_Full",
      "text": "JEFFREY REYNOLDS"
    },
    {
      "index_in_file": [
        [
          11542,
          11556
        ]
      ],
      "name_format": "Begin_First_Full End_Last_Full",
      "text": "LYNDA METELSKY"
    },
    {
      "index_in_file": [
        [
          3074,
          3087
        ]
      ],
      "name_format": "Begin_First_Full End_Last_Full",
      "text": "JOHN BECKWITH"
    },
    {
      "index_in_file": [
        [
          6879,
          6891
        ]
      ],
      "name_format": "Begin_First_Full End_Last_Full",
      "text": "KELSEY GRANT"
    },
    {
      "index_in_file": [
        [
          12722,
          12732
        ]
      ],
      "name_format": "Begin_First_Full End_Last_Full",
      "text": "GREGORY OH"
    },
    {
      "index_in_file": [
        [
          12851,
          12862
        ]
      ],
      "name_format": "Begin_First_Full End_Last_Full",
      "text": "DANIEL OORE"
    },
    {
      "index_in_file": [
        [
          10619,
          10635
        ]
      ],
      "name_format": "Begin_First_Full End_Last_Full",
      "text": "CHRISTINA MAHLER"
    },
    {
      "index_in_file": [
        [
          3744,
          3757
        ]
      ],
      "name_format": "Begin_First_Full End_Last_Full",
      "text": "RUSSELL BRAUN"
    },
    {
      "index_in_file": [
        [
          11637,
          11650
        ]
      ],
      "name_format": "Begin_First_Full End_Last_Full",
      "text": "ROBERT MILLER"
    },
    {
      "index_in_file": [
        [
          13692,
          13702
        ]
      ],
      "name_format": "Begin_First_Full End_Last_Full",
      "text": "DAVID PELL"
    },
    {
      "index_in_file": [
        [
          12320,
          12336
        ]
      ],
      "name_format": "Begin_First_Full End_Last_Full",
      "text": "TIMOTHY NEUFELDT"
    },
    {
      "index_in_file": [
        [
          6933,
          6948
        ]
      ],
      "name_format": "Begin_First_Full End_Last_Full",
      "text": "TYLER GREENLEAF"
    },
    {
      "index_in_file": [
        [
          3043,
          3054
        ]
      ],
      "name_format": "Begin_First_Full End_Last_Full",
      "text": "DAVID BEACH"
    },
    {
      "index_in_file": [
        [
          17771,
          17783
        ]
      ],
      "name_format": "Begin_First_Full End_Last_Full",
      "text": "GORDON WOLFE"
    },
    {
      "index_in_file": [
        [
          6524,
          6535
        ]
      ],
      "name_format": "Begin_First_Full End_Last_Full",
      "text": "ADRIAN FUNG"
    },
    {
      "index_in_file": [
        [
          5687,
          5701
        ]
      ],
      "name_format": "Begin_First_Full End_Last_Full",
      "text": "DARRYL EDWARDS"
    },
    {
      "index_in_file": [
        [
          2931,
          2943
        ]
      ],
      "name_format": "Begin_First_Full End_Last_Full",
      "text": "PETER BARNES"
    },
    {
      "index_in_file": [
        [
          14929,
          14940
        ]
      ],
      "name_format": "Begin_First_Full End_Last_Full",
      "text": "JAMES ROLFE"
    },
    {
      "index_in_file": [
        [
          16236,
          16250
        ]
      ],
      "name_format": "Begin_First_Full End_Last_Full",
      "text": "GORDON SWEENEY"
    },
    {
      "index_in_file": [
        [
          6188,
          6208
        ]
      ],
      "name_format": "Begin_First_Full End_Last_Full",
      "text": "MARY-KATHERINE FINCH"
    },
    {
      "index_in_file": [
        [
          15747,
          15759
        ]
      ],
      "name_format": "Begin_First_Full End_Last_Full",
      "text": "NORA SHULMAN"
    },
    {
      "index_in_file": [
        [
          3945,
          3954
        ]
      ],
      "name_format": "Begin_First_Full End_Last_Full",
      "text": "ROB CARLI"
    },
    {
      "index_in_file": [
        [
          8826,
          8836
        ]
      ],
      "name_format": "Begin_First_Full End_Last_Full",
      "text": "BRIAN KATZ"
    },
    {
      "index_in_file": [
        [
          4619,
          4638
        ]
      ],
      "name_format": "Begin_First_Full End_Last_Full",
      "text": "AMY CLEMENTS-CORTES"
    },
    {
      "index_in_file": [
        [
          8918,
          8937
        ]
      ],
      "name_format": "Begin_First_Full End_Last_Full",
      "text": "PEDRAM KHAVARZAMINI"
    },
    {
      "index_in_file": [
        [
          6735,
          6750
        ]
      ],
      "name_format": "Begin_First_Full End_Last_Full",
      "text": "ELIZABETH GOULD"
    },
    {
      "index_in_file": [
        [
          5588,
          5598
        ]
      ],
      "name_format": "Begin_First_Full End_Last_Full",
      "text": "BOB DUNKIN"
    },
    {
      "index_in_file": [
        [
          6292,
          6304
        ]
      ],
      "name_format": "Begin_First_Full End_Last_Full",
      "text": "GORDON FOOTE"
    },
    {
      "index_in_file": [
        [
          10207,
          10220
        ]
      ],
      "name_format": "Begin_First_Full End_Last_Full",
      "text": "ROB MACDONALD"
    },
    {
      "index_in_file": [
        [
          14304,
          14322
        ]
      ],
      "name_format": "Begin_First_Full End_Last_Full",
      "text": "KATHARINE RAPOPORT"
    },
    {
      "index_in_file": [
        [
          4015,
          4027
        ]
      ],
      "name_format": "Begin_First_Full End_Last_Full",
      "text": "WILLIAM CARN"
    },
    {
      "index_in_file": [
        [
          15583,
          15597
        ]
      ],
      "name_format": "Begin_First_Full End_Last_Full",
      "text": "MAREK SEMENIUK"
    },
    {
      "index_in_file": [
        [
          14472,
          14485
        ]
      ],
      "name_format": "Begin_First_Full End_Last_Full",
      "text": "DAVID RESTIVO"
    },
    {
      "index_in_file": [
        [
          17233,
          17251
        ]
      ],
      "name_format": "Begin_First_Full End_Last_Full",
      "text": "JOAQUIN VALDEPE\u00d1AS"
    },
    {
      "index_in_file": [
        [
          11827,
          11837
        ]
      ],
      "name_format": "Begin_First_Full End_Last_Full",
      "text": "CARL MOREY"
    },
    {
      "index_in_file": [
        [
          12137,
          12150
        ]
      ],
      "name_format": "Begin_First_Full End_Last_Full",
      "text": "JASON NEDECKY"
    },
    {
      "index_in_file": [
        [
          5380,
          5394
        ]
      ],
      "name_format": "Begin_First_Full End_Last_Full",
      "text": "ANDREW DOWNING"
    },
    {
      "index_in_file": [
        [
          7420,
          7432
        ]
      ],
      "name_format": "Begin_First_Full End_Last_Full",
      "text": "TERRY HELMER"
    },
    {
      "index_in_file": [
        [
          6141,
          6153
        ]
      ],
      "name_format": "Begin_First_Full End_Last_Full",
      "text": "ETHAN FILNER"
    },
    {
      "index_in_file": [
        [
          7912,
          7924
        ]
      ],
      "name_format": "Begin_First_Full End_Last_Full",
      "text": "SANDRA HORST"
    },
    {
      "index_in_file": [
        [
          3907,
          3923
        ]
      ],
      "name_format": "Begin_First_Full End_Last_Full",
      "text": "WALTER BUCZYNSKI"
    },
    {
      "index_in_file": [
        [
          17738,
          17751
        ]
      ],
      "name_format": "Begin_First_Full End_Last_Full",
      "text": "KAREN WISEMAN"
    },
    {
      "index_in_file": [
        [
          13762,
          13777
        ]
      ],
      "name_format": "Begin_First_Full End_Last_Full",
      "text": "ALMA PETCHERSKY"
    },
    {
      "index_in_file": [
        [
          14979,
          14993
        ]
      ],
      "name_format": "Begin_First_Full End_Last_Full",
      "text": "SHAUNA ROLSTON"
    },
    {
      "index_in_file": [
        [
          16741,
          16755
        ]
      ],
      "name_format": "Begin_First_Full End_Last_Full",
      "text": "DOMINIC TERESI"
    },
    {
      "index_in_file": [
        [
          18039,
          18054
        ]
      ],
      "name_format": "Begin_First_Full End_Last_Full",
      "text": "PATRICIA WRIGHT"
    },
    {
      "index_in_file": [
        [
          3478,
          3493
        ]
      ],
      "name_format": "Begin_First_Full End_Last_Full",
      "text": "BRUCE BLANDFORD"
    },
    {
      "index_in_file": [
        [
          9711,
          9722
        ]
      ],
      "name_format": "Begin_First_Full End_Last_Full",
      "text": "JOE LESNIAK"
    },
    {
      "index_in_file": [
        [
          9897,
          9911
        ]
      ],
      "name_format": "Begin_First_Full End_Last_Full",
      "text": "ELLEN LOCKHART"
    },
    {
      "index_in_file": [
        [
          16811,
          16825
        ]
      ],
      "name_format": "Begin_First_Full End_Last_Full",
      "text": "MARK TETREAULT"
    },
    {
      "index_in_file": [
        [
          6834,
          6846
        ]
      ],
      "name_format": "Begin_First_Full End_Last_Full",
      "text": "ANDREA GRANT"
    },
    {
      "index_in_file": [
        [
          8576,
          8593
        ]
      ],
      "name_format": "Begin_First_Full End_Last_Full",
      "text": "BEVERLEY JOHNSTON"
    },
    {
      "index_in_file": [
        [
          14005,
          14018
        ]
      ],
      "name_format": "Begin_First_Full End_Last_Full",
      "text": "ZIMFIRA POLOZ"
    },
    {
      "index_in_file": [
        [
          12820,
          12831
        ]
      ],
      "name_format": "Begin_First_Full End_Last_Full",
      "text": "PETER OLSEN"
    },
    {
      "index_in_file": [
        [
          6011,
          6025
        ]
      ],
      "name_format": "Begin_First_Full End_Last_Full",
      "text": "JOAQUIN FARIAS"
    },
    {
      "index_in_file": [
        [
          8459,
          8471
        ]
      ],
      "name_format": "Begin_First_Full End_Last_Full",
      "text": "JOHN JOHNSON"
    },
    {
      "index_in_file": [
        [
          18099,
          18111
        ]
      ],
      "name_format": "Begin_First_Full End_Last_Full",
      "text": "TIMOTHY YING"
    },
    {
      "index_in_file": [
        [
          9250,
          9262
        ]
      ],
      "name_format": "Begin_First_Full End_Last_Full",
      "text": "DAVID KRUPKA"
    },
    {
      "index_in_file": [
        [
          16893,
          16906
        ]
      ],
      "name_format": "Begin_First_Full End_Last_Full",
      "text": "MICHAEL THAUT"
    },
    {
      "index_in_file": [
        [
          6668,
          6679
        ]
      ],
      "name_format": "Begin_First_Full End_Last_Full",
      "text": "AUDREY GOOD"
    },
    {
      "index_in_file": [
        [
          14126,
          14141
        ]
      ],
      "name_format": "Begin_First_Full End_Last_Full",
      "text": "GABRIEL RADFORD"
    },
    {
      "index_in_file": [
        [
          14781,
          14796
        ]
      ],
      "name_format": "Begin_First_Full End_Last_Full",
      "text": "GERALD ROBINSON"
    },
    {
      "index_in_file": [
        [
          12198,
          12215
        ]
      ],
      "name_format": "Begin_First_Full End_Last_Full",
      "text": "CHARLOTTE NEDIGER"
    },
    {
      "index_in_file": [
        [
          14197,
          14207
        ]
      ],
      "name_format": "Begin_First_Full End_Last_Full",
      "text": "DOREEN RAO"
    },
    {
      "index_in_file": [
        [
          4902,
          4915
        ]
      ],
      "name_format": "Begin_First_Full End_Last_Full",
      "text": "SIENNA DAHLEN"
    },
    {
      "index_in_file": [
        [
          9563,
          9575
        ]
      ],
      "name_format": "Begin_First_Full End_Last_Full",
      "text": "JEANNE LAMON"
    },
    {
      "index_in_file": [
        [
          3694,
          3705
        ]
      ],
      "name_format": "Begin_First_Full End_Last_Full",
      "text": "DAVID BRAID"
    },
    {
      "index_in_file": [
        [
          4113,
          4128
        ]
      ],
      "name_format": "Begin_First_Full End_Last_Full",
      "text": "ERNESTO CERVINI"
    },
    {
      "index_in_file": [
        [
          8687,
          8701
        ]
      ],
      "name_format": "Begin_First_Full End_Last_Full",
      "text": "PATRICK JORDAN"
    },
    {
      "index_in_file": [
        [
          3362,
          3373
        ]
      ],
      "name_format": "Begin_First_Full End_Last_Full",
      "text": "ROGER BERGS"
    },
    {
      "index_in_file": [
        [
          3300,
          3312
        ]
      ],
      "name_format": "Begin_First_Full End_Last_Full",
      "text": "MARIE BERARD"
    },
    {
      "index_in_file": [
        [
          17367,
          17384
        ]
      ],
      "name_format": "Begin_First_Full End_Last_Full",
      "text": "FREDERIQUE VEZINA"
    },
    {
      "index_in_file": [
        [
          4686,
          4701
        ]
      ],
      "name_format": "Begin_First_Full End_Last_Full",
      "text": "MICHELLE COLTON"
    },
    {
      "index_in_file": [
        [
          10512,
          10524
        ]
      ],
      "name_format": "Begin_First_Full End_Last_Full",
      "text": "JOHN MACLEOD"
    },
    {
      "index_in_file": [
        [
          4374,
          4386
        ]
      ],
      "name_format": "Begin_First_Full End_Last_Full",
      "text": "EMILY CHIANG"
    },
    {
      "index_in_file": [
        [
          12603,
          12615
        ]
      ],
      "name_format": "Begin_First_Full End_Last_Full",
      "text": "PHIL NIMMONS"
    },
    {
      "index_in_file": [
        [
          17475,
          17489
        ]
      ],
      "name_format": "Begin_First_Full End_Last_Full",
      "text": "CAMERON WALTER"
    },
    {
      "index_in_file": [
        [
          9425,
          9440
        ]
      ],
      "name_format": "Begin_First_Full End_Last_Full",
      "text": "LARYSA KUZMENKO"
    },
    {
      "index_in_file": [
        [
          11911,
          11924
        ]
      ],
      "name_format": "Begin_First_Full End_Last_Full",
      "text": "JOELLE MORTON"
    },
    {
      "index_in_file": [
        [
          6594,
          6612
        ]
      ],
      "name_format": "Begin_First_Full End_Last_Full",
      "text": "CHRISTOPHER GONGOS"
    },
    {
      "index_in_file": [
        [
          5737,
          5749
        ]
      ],
      "name_format": "Begin_First_Full End_Last_Full",
      "text": "ENRICO ELISI"
    },
    {
      "index_in_file": [
        [
          9167,
          9182
        ]
      ],
      "name_format": "Begin_First_Full End_Last_Full",
      "text": "KEVIN KOMISARUK"
    },
    {
      "index_in_file": [
        [
          6062,
          6078
        ]
      ],
      "name_format": "Begin_First_Full End_Last_Full",
      "text": "MICHAEL FERGUSON"
    },
    {
      "index_in_file": [
        [
          18164,
          18175
        ]
      ],
      "name_format": "Begin_First_Full End_Last_Full",
      "text": "DAVID YOUNG"
    },
    {
      "index_in_file": [
        [
          7545,
          7560
        ]
      ],
      "name_format": "Begin_First_Full End_Last_Full",
      "text": "HARCUS HENNIGAR"
    },
    {
      "index_in_file": [
        [
          15035,
          15047
        ]
      ],
      "name_format": "Begin_First_Full End_Last_Full",
      "text": "JOHN RUDOLPH"
    },
    {
      "index_in_file": [
        [
          11857,
          11870
        ]
      ],
      "name_format": "Begin_First_Full End_Last_Full",
      "text": "MARY MORRISON"
    },
    {
      "index_in_file": [
        [
          9996,
          10006
        ]
      ],
      "name_format": "Begin_First_Full End_Last_Full",
      "text": "JUDY LOMAN"
    },
    {
      "index_in_file": [
        [
          7809,
          7821
        ]
      ],
      "name_format": "Begin_First_Full End_Last_Full",
      "text": "PAUL HOFFERT"
    },
    {
      "index_in_file": [
        [
          5823,
          5837
        ]
      ],
      "name_format": "Begin_First_Full End_Last_Full",
      "text": "DONALD ENGLERT"
    },
    {
      "index_in_file": [
        [
          9055,
          9067
        ]
      ],
      "name_format": "Begin_First_Full End_Last_Full",
      "text": "JAMES KIPPEN"
    },
    {
      "index_in_file": [
        [
          10915,
          10930
        ]
      ],
      "name_format": "Begin_First_Full End_Last_Full",
      "text": "ANITA MCALISTER"
    },
    {
      "index_in_file": [
        [
          4211,
          4222
        ]
      ],
      "name_format": "Begin_First_Full End_Last_Full",
      "text": "MEGAN CHANG"
    },
    {
      "index_in_file": [
        [
          14061,
          14074
        ]
      ],
      "name_format": "Begin_First_Full End_Last_Full",
      "text": "TERRY PROMANE"
    },
    {
      "index_in_file": [
        [
          16584,
          16597
        ]
      ],
      "name_format": "Begin_First_Full End_Last_Full",
      "text": "IVARS TAURINS"
    },
    {
      "index_in_file": [
        [
          5243,
          5257
        ]
      ],
      "name_format": "Begin_First_Full End_Last_Full",
      "text": "RICHARD DORSEY"
    },
    {
      "index_in_file": [
        [
          4739,
          4750
        ]
      ],
      "name_format": "Begin_First_Full End_Last_Full",
      "text": "CANDACE COX"
    },
    {
      "index_in_file": [
        [
          9102,
          9113
        ]
      ],
      "name_format": "Begin_First_Full End_Last_Full",
      "text": "MIDORI KOGA"
    },
    {
      "index_in_file": [
        [
          15498,
          15516
        ]
      ],
      "name_format": "Begin_First_Full End_Last_Full",
      "text": "ANGELA SCHWARZKOPF"
    },
    {
      "index_in_file": [
        [
          8045,
          8062
        ]
      ],
      "name_format": "Begin_First_Full End_Last_Full",
      "text": "CORENE HURT-THAUT"
    },
    {
      "index_in_file": [
        [
          3107,
          3119
        ]
      ],
      "name_format": "Begin_First_Full End_Last_Full",
      "text": "HELEN BECQU\u00c9"
    },
    {
      "index_in_file": [
        [
          1032,
          1040
        ]
      ],
      "name_format": "Begin_Last_Full",
      "text": "Sondheim"
    },
    {
      "index_in_file": [
        [
          1098,
          1105
        ],
        [
          1182,
          1189
        ],
        [
          1700,
          1707
        ]
      ],
      "name_format": "Begin_Last_Full",
      "text": "Sallmen"
    },
    {
      "index_in_file": [
        [
          1072,
          1077
        ]
      ],
      "name_format": "Begin_Last_Full",
      "text": "Wolpe"
    },
    {
      "index_in_file": [
        [
          973,
          977
        ]
      ],
      "name_format": "Begin_Last_Full",
      "text": "Husa"
    },
    {
      "index_in_file": [
        [
          956,
          960
        ]
      ],
      "name_format": "Begin_Last_Full",
      "text": "Chen"
    },
    {
      "index_in_file": [
        [
          820,
          831
        ],
        [
          979,
          990
        ]
      ],
      "name_format": "Begin_Last_Full",
      "text": "Lutoslawski"
    },
    {
      "index_in_file": [
        [
          992,
          1000
        ]
      ],
      "name_format": "Begin_Last_Full",
      "text": "Messiaen"
    },
    {
      "index_in_file": [
        [
          1061,
          1067
        ]
      ],
      "name_format": "Begin_Last_Full",
      "text": "Vivier"
    },
    {
      "index_in_file": [
        [
          1021,
          1030
        ]
      ],
      "name_format": "Begin_Last_Full",
      "text": "Schnittke"
    },
    {
      "index_in_file": [
        [
          1042,
          1047
        ]
      ],
      "name_format": "Begin_Last_Full",
      "text": "Togni"
    },
    {
      "index_in_file": [
        [
          1013,
          1019
        ]
      ],
      "name_format": "Begin_Last_Full",
      "text": "Rubbra"
    },
    {
      "index_in_file": [
        [
          1049,
          1059
        ]
      ],
      "name_format": "Begin_Last_Full",
      "text": "Tournemire"
    },
    {
      "index_in_file": [
        [
          962,
          971
        ]
      ],
      "name_format": "Begin_Last_Full",
      "text": "Dutilleux"
    },
    {
      "index_in_file": [
        [
          1002,
          1011
        ]
      ],
      "name_format": "Begin_Last_Full",
      "text": "Prokofiev"
    },
    {
      "index_in_file": [
        [
          2984,
          2997
        ]
      ],
      "name_format": "Begin_First_Full Inside_Middle_Initial End_Last_Full",
      "text": "LEE R. BARTEL"
    },
    {
      "index_in_file": [
        [
          11220,
          11236
        ]
      ],
      "name_format": "Begin_First_Full Inside_Middle_Initial End_Last_Full",
      "text": "TIMOTHY J. MCGEE"
    },
    {
      "index_in_file": [
        [
          14705,
          14722
        ]
      ],
      "name_format": "Begin_First_Full Inside_Middle_Initial End_Last_Full",
      "text": "ERIC N. ROBERTSON"
    },
    {
      "index_in_file": [
        [
          6976,
          6992
        ]
      ],
      "name_format": "Begin_First_Full Inside_Middle_Full End_Last_Full",
      "text": "MARY ANN GRIFFIN"
    },
    {
      "index_in_file": [
        [
          8237,
          8264
        ]
      ],
      "name_format": "Begin_First_Full Inside_Middle_Full End_Last_Full",
      "text": "JEHANBAKHSH (JOHN) JASAVALA"
    },
    {
      "index_in_file": [
        [
          10432,
          10453
        ]
      ],
      "name_format": "Begin_First_Full Inside_Middle_Full End_Last_Full",
      "text": "NADINA MACKIE JACKSON"
    },
    {
      "index_in_file": [
        [
          12076,
          12095
        ]
      ],
      "name_format": "Begin_First_Full Inside_Middle_Full End_Last_Full",
      "text": "GARY KIYOSHI NAGATA"
    },
    {
      "index_in_file": [
        [
          14227,
          14253
        ]
      ],
      "name_format": "Begin_First_Full Inside_Middle_Full End_Last_Full",
      "text": "ALEXANDER (SASHA) RAPOPORT"
    },
    {
      "index_in_file": [
        [
          2506,
          2528
        ]
      ],
      "name_format": "Begin_First_Full Inside_Middle_Full End_Last_Full",
      "text": "MICHAEL PATRICK ALBANO"
    },
    {
      "index_in_file": [
        [
          4167,
          4178
        ]
      ],
      "name_format": "Begin_First_Full Inside_Middle_Full End_Last_Full",
      "text": "KA NIN CHAN"
    },
    {
      "index_in_file": [
        [
          5921,
          5941
        ]
      ],
      "name_format": "Begin_First_Full Inside_Middle_Full End_Last_Full",
      "text": "AMANDA EYER HABERMAN"
    },
    {
      "index_in_file": [
        [
          13348,
          13363
        ]
      ],
      "name_format": "Begin_First_Full Inside_Middle_Full End_Last_Full",
      "text": "MARY ANN PARKER"
    },
    {
      "index_in_file": [
        [
          2696,
          2715
        ]
      ],
      "name_format": "Begin_First_Full Inside_Middle_Full End_Last_Full",
      "text": "ASHER IAN ARMSTRONG"
    },
    {
      "index_in_file": [
        [
          3412,
          3435
        ]
      ],
      "name_format": "Begin_First_Full Inside_Middle_Full End_Last_Full",
      "text": "CALISTA BIERMANS TUNNEY"
    },
    {
      "index_in_file": [
        [
          11599,
          11618
        ]
      ],
      "name_format": "Begin_First_Full Inside_Middle_Full End_Last_Full",
      "text": "SUZANNE MEYERS SAWA"
    },
    {
      "index_in_file": [
        [
          12429,
          12448
        ]
      ],
      "name_format": "Begin_First_Full Inside_Middle_Full End_Last_Full",
      "text": "GREGORY LEE NEWSOME"
    },
    {
      "index_in_file": [
        [
          17311,
          17332
        ]
      ],
      "name_format": "Begin_First_Full Inside_Middle_Full End_Last_Full",
      "text": "STEVEN VANDE MOORTELE"
    },
    {
      "index_in_file": [
        [
          10278,
          10301
        ]
      ],
      "name_format": "Begin_Last_Full Inside_Last_Full Inside_Middle_Initial End_Middle_Initial",
      "text": "JOSEPH MACEROLLO, O. C."
    }
  ],
  "publications": [
    {
      "text": "COPY_SINGLE_PUBLICATION_HERE"
    },
    {
      "text": "COPY_SINGLE_PUBLICATION_HERE"
    }
  ],
  "url": "https://music.utoronto.ca/our-people.php?fid=27"
}