{
  "comment": "//leave comments here if needed",
  "contain_publication_list": "F",
  "email": "Hanna.Ljungvall@neuro.uu.se",
  "filename": "23f6412d-b808-48e4-a709-822082269d25",
  "info": "T means true, F means False. If no publications, just leave the publication structure unchanged.",
  "is_personal_homepage": "T",
  "name": "Hanna Ljungvall",
  "name_index": [
    {
      "index_in_file": [
        [
          111,
          126
        ]
      ],
      "name_format": "Begin_First_Full End_Last_Full",
      "text": "Hanna Ljungvall"
    },
    {
      "in_email": "BEFORE_AT",
      "index_in_file": [
        [
          195,
          210
        ],
        [
          428,
          443
        ]
      ],
      "name_format": "Begin_First_Full End_Last_Full",
      "text": "hanna.ljungvall"
    }
  ],
  "publications": [
    {
      "text": "COPY_SINGLE_PUBLICATION_HERE"
    },
    {
      "text": "COPY_SINGLE_PUBLICATION_HERE"
    }
  ],
  "url": "http://katalog.uu.se/profile/?id=N14-717"
}