{
  "comment": "//leave comments here if needed",
  "contain_publication_list": "F",
  "email": "djn23@pitt.edu",
  "filename": "bf562640-f108-411a-af1b-80968d204caf",
  "info": "T means true, F means False. If no publications, just leave the publication structure unchanged.",
  "is_personal_homepage": "T",
  "name": "David Nero",
  "name_index": [
    {
      "index_in_file": [
        [
          87,
          97
        ]
      ],
      "name_format": "Begin_First_Full End_Last_Full",
      "text": "David Nero"
    }
  ],
  "publications": [
    {
      "text": "COPY_SINGLE_PUBLICATION_HERE"
    },
    {
      "text": "COPY_SINGLE_PUBLICATION_HERE"
    }
  ],
  "url": "http://www.physicsandastronomy.pitt.edu/people/david-nero"
}