{
  "comment": "//leave comments here if needed",
  "contain_publication_list": "F",
  "email": "marciano@umd.edu",
  "filename": "c4860aea-02f7-4f2e-81bc-08b8e22dbde4",
  "info": "T means true, F means False. If no publications, just leave the publication structure unchanged.",
  "is_personal_homepage": "T",
  "name": "Richard Marciano",
  "name_index": [
    {
      "index_in_file": [
        [
          318,
          334
        ]
      ],
      "name_format": "Begin_First_Full End_Last_Full",
      "text": "Richard Marciano"
    },
    {
      "index_in_file": [
        [
          513,
          520
        ]
      ],
      "name_format": "Begin_First_Full",
      "text": "Richard"
    },
    {
      "in_email": "Before_At",
      "index_in_file": [
        [
          417,
          425
        ]
      ],
      "name_format": "Begin_Last_Full",
      "text": "marciano"
    }
  ],
  "publications": [
    {
      "text": "COPY_SINGLE_PUBLICATION_HERE"
    },
    {
      "text": "COPY_SINGLE_PUBLICATION_HERE"
    }
  ],
  "url": "http://www.cs.umd.edu/people/marciano"
}