{
  "comment": "//leave comments here if needed",
  "contain_publication_list": "T",
  "email": "m.j.r.bordewich@durham.ac.uk",
  "filename": "d7027cc4-7204-448e-b7c2-a0a2e44f3338",
  "info": "T means true, F means False. If no publications, just leave the publication structure unchanged.",
  "is_personal_homepage": "T",
  "name": "Dr Magnus Bordewich",
  "name_index": [
    {
      "index_in_file": [
        [
          7355,
          7373
        ]
      ],
      "name_format": "Begin_Last_Full End_First_Full",
      "text": "Solis-Oba, Roberto"
    },
    {
      "index_in_file": [
        [
          7660,
          7677
        ]
      ],
      "name_format": "Begin_Last_Full End_First_Full",
      "text": "Reischuk, R\u00fcdiger"
    },
    {
      "index_in_file": [
        [
          2693,
          2713
        ]
      ],
      "name_format": "Begin_Last_Full End_First_Full",
      "text": "Greenhill, Catherine"
    },
    {
      "index_in_file": [
        [
          2170,
          2189
        ]
      ],
      "name_format": "Begin_Last_Full End_First_Full",
      "text": "Scornavacca, Celine"
    },
    {
      "index_in_file": [
        [
          6971,
          6985
        ]
      ],
      "name_format": "Begin_Last_Full End_First_Full",
      "text": "Mihaescu, Radu"
    },
    {
      "index_in_file": [
        [
          1852,
          1867
        ],
        [
          1995,
          2010
        ],
        [
          2869,
          2884
        ]
      ],
      "name_format": "Begin_Last_Full End_First_Full",
      "text": "Semple, Charles"
    },
    {
      "index_in_file": [
        [
          7339,
          7352
        ]
      ],
      "name_format": "Begin_Last_Full End_First_Full",
      "text": "Jansen, Klaus"
    },
    {
      "index_in_file": [
        [
          1833,
          1850
        ],
        [
          1961,
          1978
        ],
        [
          2151,
          2168
        ],
        [
          2357,
          2374
        ],
        [
          2674,
          2691
        ],
        [
          2849,
          2866
        ],
        [
          3706,
          3723
        ],
        [
          6951,
          6968
        ],
        [
          7267,
          7284
        ]
      ],
      "name_format": "Begin_Last_Full End_First_Full",
      "text": "Bordewich, Magnus"
    },
    {
      "index_in_file": [
        [
          2206,
          2221
        ]
      ],
      "name_format": "Begin_Last_Full End_First_Full",
      "text": "Weller, Mathias"
    },
    {
      "index_in_file": [
        [
          1980,
          1992
        ]
      ],
      "name_format": "Begin_Last_Full End_First_Full",
      "text": "Linz, Simone"
    },
    {
      "index_in_file": [
        [
          7094,
          7110
        ]
      ],
      "name_format": "Begin_Last_Full End_First_Full",
      "text": "Moulton, Vincent"
    },
    {
      "index_in_file": [
        [
          7113,
          7124
        ]
      ],
      "name_format": "Begin_Last_Full End_First_Full",
      "text": "Singh, Mona"
    },
    {
      "index_in_file": [
        [
          2716,
          2729
        ]
      ],
      "name_format": "Begin_Last_Full End_First_Full",
      "text": "Patel, Viresh"
    },
    {
      "index_in_file": [
        [
          1870,
          1882
        ],
        [
          2191,
          2203
        ],
        [
          2377,
          2389
        ]
      ],
      "name_format": "Begin_Last_Full End_First_Full",
      "text": "Tokac, Nihan"
    },
    {
      "index_in_file": [
        [
          7639,
          7657
        ]
      ],
      "name_format": "Begin_Last_Full End_First_Full",
      "text": "Li\u015bkiewicz, Maciej"
    },
    {
      "index_in_file": [
        [
          6850,
          6855
        ]
      ],
      "name_format": "Begin_Last_Full",
      "text": "Aceto"
    },
    {
      "index_in_file": [
        [
          6857,
          6861
        ]
      ],
      "name_format": "Begin_Last_Full",
      "text": "Luca"
    },
    {
      "index_in_file": [
        [
          6874,
          6880
        ]
      ],
      "name_format": "Begin_Last_Full",
      "text": "Monika"
    },
    {
      "index_in_file": [
        [
          6863,
          6872
        ]
      ],
      "name_format": "Begin_Last_Full",
      "text": "Henzinger"
    },
    {
      "index_in_file": [
        [
          6883,
          6888
        ]
      ],
      "name_format": "Begin_Last_Full",
      "text": "Sgall"
    },
    {
      "index_in_file": [
        [
          3959,
          3970
        ]
      ],
      "name_format": "Begin_Last_Full End_First_Initial",
      "text": "Gascuel, O."
    },
    {
      "index_in_file": [
        [
          4708,
          4716
        ],
        [
          5706,
          5714
        ],
        [
          7567,
          7575
        ],
        [
          7867,
          7875
        ]
      ],
      "name_format": "Begin_Last_Full End_First_Initial",
      "text": "Dyer, M."
    },
    {
      "index_in_file": [
        [
          3316,
          3328
        ]
      ],
      "name_format": "Begin_Last_Full End_First_Initial",
      "text": "Mihaescu, R."
    },
    {
      "index_in_file": [
        [
          2530,
          2543
        ],
        [
          2969,
          2982
        ],
        [
          3133,
          3146
        ],
        [
          3300,
          3313
        ],
        [
          3516,
          3529
        ],
        [
          3944,
          3957
        ],
        [
          4189,
          4202
        ],
        [
          4334,
          4347
        ],
        [
          4503,
          4516
        ],
        [
          4677,
          4690
        ],
        [
          4870,
          4883
        ],
        [
          5034,
          5047
        ],
        [
          5206,
          5219
        ],
        [
          5404,
          5417
        ],
        [
          5577,
          5590
        ],
        [
          5690,
          5703
        ],
        [
          5804,
          5817
        ],
        [
          5946,
          5959
        ],
        [
          6111,
          6124
        ],
        [
          6227,
          6240
        ],
        [
          6383,
          6396
        ],
        [
          6538,
          6551
        ],
        [
          6704,
          6717
        ],
        [
          7552,
          7565
        ],
        [
          7852,
          7865
        ],
        [
          8074,
          8087
        ]
      ],
      "name_format": "Begin_Last_Full End_First_Initial",
      "text": "Bordewich, M."
    },
    {
      "index_in_file": [
        [
          5988,
          5997
        ]
      ],
      "name_format": "Begin_Last_Full End_First_Initial",
      "text": "Welsh, D."
    },
    {
      "index_in_file": [
        [
          5961,
          5973
        ]
      ],
      "name_format": "Begin_Last_Full End_First_Initial",
      "text": "Freedman, M."
    },
    {
      "index_in_file": [
        [
          5049,
          5057
        ]
      ],
      "name_format": "Begin_Last_Full End_First_Initial",
      "text": "Linz, S."
    },
    {
      "index_in_file": [
        [
          6566,
          6576
        ]
      ],
      "name_format": "Begin_Last_Full End_First_Initial",
      "text": "Talbot, J."
    },
    {
      "index_in_file": [
        [
          2546,
          2556
        ],
        [
          2985,
          2995
        ],
        [
          3532,
          3542
        ],
        [
          4204,
          4214
        ],
        [
          4364,
          4374
        ],
        [
          4519,
          4529
        ],
        [
          4902,
          4912
        ],
        [
          5074,
          5084
        ],
        [
          5222,
          5232
        ],
        [
          5420,
          5430
        ],
        [
          5604,
          5614
        ],
        [
          5819,
          5829
        ],
        [
          6138,
          6148
        ],
        [
          6243,
          6253
        ],
        [
          6553,
          6563
        ]
      ],
      "name_format": "Begin_Last_Full End_First_Initial",
      "text": "Semple, C."
    },
    {
      "index_in_file": [
        [
          3149,
          3157
        ],
        [
          6720,
          6728
        ]
      ],
      "name_format": "Begin_Last_Full End_First_Initial",
      "text": "Kang, R."
    },
    {
      "index_in_file": [
        [
          6126,
          6135
        ]
      ],
      "name_format": "Begin_Last_Full End_First_Initial",
      "text": "Huber, K."
    },
    {
      "index_in_file": [
        [
          4349,
          4361
        ]
      ],
      "name_format": "Begin_Last_Full End_First_Initial",
      "text": "McCartin, C."
    },
    {
      "index_in_file": [
        [
          3987,
          3998
        ]
      ],
      "name_format": "Begin_Last_Full End_First_Initial",
      "text": "Moulton, V."
    },
    {
      "index_in_file": [
        [
          4217,
          4229
        ]
      ],
      "name_format": "Begin_Last_Full End_First_Initial",
      "text": "Spillner, A."
    },
    {
      "index_in_file": [
        [
          5592,
          5601
        ]
      ],
      "name_format": "Begin_Last_Full End_First_Initial",
      "text": "Evans, G."
    },
    {
      "index_in_file": [
        [
          5975,
          5985
        ]
      ],
      "name_format": "Begin_Last_Full End_First_Initial",
      "text": "Lovasz, L."
    },
    {
      "index_in_file": [
        [
          4692,
          4705
        ],
        [
          7578,
          7591
        ],
        [
          7878,
          7891
        ]
      ],
      "name_format": "Begin_Last_Full End_First_Initial",
      "text": "Karpinski, M."
    },
    {
      "index_in_file": [
        [
          3972,
          3984
        ]
      ],
      "name_format": "Begin_Last_Full Inside_First_Initial End_Middle_Initial",
      "text": "Huber, K. T."
    },
    {
      "index_in_file": [
        [
          5832,
          5844
        ]
      ],
      "name_format": "Begin_Last_Full Inside_First_Initial End_Middle_Initial",
      "text": "Steel, M. A."
    },
    {
      "index_in_file": [
        [
          4885,
          4899
        ]
      ],
      "name_format": "Begin_Last_Full Inside_First_Initial End_Middle_Initial",
      "text": "Rodrigo, A. G."
    },
    {
      "in_email": "BEFORE_AT",
      "index_in_file": [
        [
          488,
          503
        ]
      ],
      "name_format": "Begin_First_Initial Inside_Middle_Initial Inside_Middle_Initial End_Last_Full",
      "text": "m.j.r.bordewich"
    },
    {
      "index_in_file": [
        [
          3688,
          3704
        ]
      ],
      "name_format": "Begin_Last_Full Inside_First_Full End_Middle_Initial",
      "text": "White, Thomas A."
    },
    {
      "index_in_file": [
        [
          3726,
          3743
        ]
      ],
      "name_format": "Begin_Last_Full Inside_First_Full End_Middle_Initial",
      "text": "Searle, Jeremy B."
    },
    {
      "index_in_file": [
        [
          5059,
          5071
        ]
      ],
      "name_format": "Begin_Last_Full Inside_Last_Full End_First_Initial",
      "text": "St. John, K."
    },
    {
      "index_in_file": [
        [
          205,
          221
        ]
      ],
      "name_format": "Begin_First_Full End_Last_Full",
      "text": "Magnus Bordewich"
    }
  ],
  "publications": [
    {
      "length": 127,
      "line_num": [
        34
      ],
      "start_index_in_file": 1833,
      "text": "Bordewich, Magnus, Semple, Charles & Tokac, Nihan (2017). Constructing Tree-Child Networks from Distance Matrices. Algorithmica"
    },
    {
      "length": 189,
      "line_num": [
        35
      ],
      "start_index_in_file": 1961,
      "text": "Bordewich, Magnus, Linz, Simone & Semple, Charles (2017). Lost in space? Generalising subtree prune and regraft to spaces of phylogenetic networks. Journal of Theoretical Biology 423: 1-12."
    },
    {
      "length": 205,
      "line_num": [
        36
      ],
      "start_index_in_file": 2151,
      "text": "Bordewich, Magnus, Scornavacca, Celine, Tokac, Nihan & Weller, Mathias (2017). On the Fixed Parameter Tractability of Agreement-based Phylogenetic Distances. Journal of Mathematical Biology 74(1): 239-257."
    },
    {
      "length": 172,
      "line_num": [
        37
      ],
      "start_index_in_file": 2357,
      "text": "Bordewich, Magnus & Tokac, Nihan (2016). An algorithm for reconstructing ultrametric tree-child networks from inter-taxa distances. Discrete Applied Mathematics 213: 47-59."
    },
    {
      "length": 143,
      "line_num": [
        38
      ],
      "start_index_in_file": 2530,
      "text": "Bordewich, M. & Semple, C. (2016). Determining phylogenetic networks from inter-taxa distances. Journal of Mathematical Biology 73(2): 283-303."
    },
    {
      "length": 174,
      "line_num": [
        39
      ],
      "start_index_in_file": 2674,
      "text": "Bordewich, Magnus, Greenhill, Catherine & Patel, Viresh (2016). Mixing of the Glauber Dynamics for the Ferromagnetic Potts Model. Random Structures & Algorithms 48(1): 21-52."
    },
    {
      "length": 119,
      "line_num": [
        40
      ],
      "start_index_in_file": 2849,
      "text": "Bordewich, Magnus & Semple, Charles (2016). Reticulation-Visible Networks. Advances in Applied Mathematics 78: 114-141."
    },
    {
      "length": 163,
      "line_num": [
        41
      ],
      "start_index_in_file": 2969,
      "text": "Bordewich, M. & Semple, C. (2015). Defining a Phylogenetic Tree with the Minimum Number of r-State Characters. SIAM Journal on Discrete Mathematics 29(2): 835-853."
    },
    {
      "length": 166,
      "line_num": [
        42
      ],
      "start_index_in_file": 3133,
      "text": "Bordewich, M. & Kang, R. (2014). Subset Glauber Dynamics on Graphs, Hypergraphs and Matroids of Bounded Tree-Width. The Electronic Journal of Combinatorics 21(4): 19."
    },
    {
      "length": 215,
      "line_num": [
        43
      ],
      "start_index_in_file": 3300,
      "text": "Bordewich, M. & Mihaescu, R. (2013). Accuracy Guarantees for Phylogeny Reconstruction Algorithms Based on Balanced Minimum Evolution. IEEE/ACM Transactions on Computational Biology and Bioinformatics 10(3): 576-583."
    },
    {
      "length": 171,
      "line_num": [
        44
      ],
      "start_index_in_file": 3516,
      "text": "Bordewich, M. & Semple, C. (2012). Budgeted Nature Reserve Selection with diversity feature loss and arbitrary split systems. Journal of Mathematical Biology 64(1): 69-85."
    },
    {
      "length": 255,
      "line_num": [
        45
      ],
      "start_index_in_file": 3688,
      "text": "White, Thomas A., Bordewich, Magnus & Searle, Jeremy B. (2010). A Network Approach to Study Karyotypic Evolution: The Chromosomal Races of the Common Shrew (Sorex araneus) and House Mouse (Mus musculus) as Model Systems. Systematic Biology 59(3): 262-276."
    },
    {
      "length": 244,
      "line_num": [
        46
      ],
      "start_index_in_file": 3944,
      "text": "Bordewich, M., Gascuel, O., Huber, K. T. & Moulton, V. (2009). Consistency of Topological Moves Based on the Balanced Minimum Evolution Principle of Phylogenetic Inference. Transactions on Computational Biology and Bioinformatics 6(1): 110-117."
    },
    {
      "length": 144,
      "line_num": [
        47
      ],
      "start_index_in_file": 4189,
      "text": "Bordewich, M., Semple, C. & Spillner, A. (2009). Optimizing phylogenetic diversity across two trees. Applied Mathematics Letters 22(5): 638-641."
    },
    {
      "length": 168,
      "line_num": [
        48
      ],
      "start_index_in_file": 4334,
      "text": "Bordewich, M., McCartin, C. & Semple, C. (2008). A 3-approximation algorithm for the subtree distance between phylogenies. Journal of Discrete Algorithms 6(3): 458-471."
    },
    {
      "length": 173,
      "line_num": [
        49
      ],
      "start_index_in_file": 4503,
      "text": "Bordewich, M. & Semple, C. (2008). Nature Reserve Selection Problem: A Tight Approximation Algorithm. Transactions on Computational Biology and Bioinformatics 5(2): 275-280."
    },
    {
      "length": 192,
      "line_num": [
        50
      ],
      "start_index_in_file": 4677,
      "text": "Bordewich, M., Karpinski, M. & Dyer, M. (2008). Path Coupling Using Stopping Times and Counting Independent Sets and Colourings in Hypergraphs. Random Structures and Algorithms 32(3): 375-399."
    },
    {
      "length": 163,
      "line_num": [
        51
      ],
      "start_index_in_file": 4870,
      "text": "Bordewich, M., Rodrigo, A. G. & Semple, C. (2008). Selecting Taxa to Save or Sequence: Desirable Criteria and a Greedy Solution. Systematic Biology 57(6): 825-834."
    },
    {
      "length": 171,
      "line_num": [
        52
      ],
      "start_index_in_file": 5034,
      "text": "Bordewich, M., Linz, S., St. John, K. & Semple, C. (2007). A Reduction Algorithm for Computing the Hybridization Number of Two Trees. Evolutionary Bioinformatics 3: 86-98."
    },
    {
      "length": 197,
      "line_num": [
        53
      ],
      "start_index_in_file": 5206,
      "text": "Bordewich, M. & Semple, C. (2007). Computing the hybridisation number of two phylogenetic trees is fixed parameter tractable. Transactions on Computational Biology and Bioinformatics 4(3): 458-466."
    },
    {
      "length": 172,
      "line_num": [
        54
      ],
      "start_index_in_file": 5404,
      "text": "Bordewich, M. & Semple, C. (2007). Computing the minimum number of hybridisation events for a consistent evolutionary history. Discrete Applied Mathematics 155(8): 914-928."
    },
    {
      "length": 112,
      "line_num": [
        55
      ],
      "start_index_in_file": 5577,
      "text": "Bordewich, M., Evans, G. & Semple, C. (2007). Extending the limits of supertree methods. Annals of Combinatorics"
    },
    {
      "length": 113,
      "line_num": [
        56
      ],
      "start_index_in_file": 5690,
      "text": "Bordewich, M. & Dyer, M. (2007). Path Coupling without contraction. Journal of Discrete Algorithms 5(2): 280-292."
    },
    {
      "length": 141,
      "line_num": [
        57
      ],
      "start_index_in_file": 5804,
      "text": "Bordewich, M., Semple, C. & Steel, M. A. (2006). Identifying X-Trees with Few Characters. The Electronic Journal of Combinatorics 13(1): R83."
    },
    {
      "length": 164,
      "line_num": [
        58
      ],
      "start_index_in_file": 5946,
      "text": "Bordewich, M., Freedman, M., Lovasz, L. & Welsh, D. (2005). Approximate counting and quantum computation. Combinatorics, probability and computing 14(5-6): 737-754."
    },
    {
      "length": 115,
      "line_num": [
        59
      ],
      "start_index_in_file": 6111,
      "text": "Bordewich, M., Huber, K. & Semple, C. (2005). Identifying phylogenetic trees. Discrete Mathematics 300(1-3): 30-43."
    },
    {
      "length": 155,
      "line_num": [
        60
      ],
      "start_index_in_file": 6227,
      "text": "Bordewich, M. & Semple, C. (2005). On the computational complexity of the rooted subtree prune and regraft distance. Annals of combinatorics 8(4): 409-423."
    },
    {
      "length": 154,
      "line_num": [
        61
      ],
      "start_index_in_file": 6383,
      "text": "Bordewich, M. (2004). Approximating the number of acyclic orientations for a class of sparse graphs. Combinatorics, probability and computing 13(1): 1-16."
    },
    {
      "length": 149,
      "line_num": [
        62
      ],
      "start_index_in_file": 6538,
      "text": "Bordewich, M., Semple, C. & Talbot, J. (2004). Counting Consistent Phylogenetic Trees is #P-complete. Advances in Applied Mathematics 33(2): 416-430."
    },
    {
      "length": 229,
      "line_num": [
        63
      ],
      "start_index_in_file": 6704,
      "text": "Bordewich, M. & Kang, R. (2011). Rapid Mixing of Subset Glauber Dynamics on Graphs of Bounded Tree-Width. In Automata, Languages and Programming. Aceto, Luca, Henzinger, Monika & Sgall, J. Piscataway, NJ: Springer. 6755: 533-544."
    },
    {
      "length": 315,
      "line_num": [
        64
      ],
      "start_index_in_file": 6951,
      "text": "Bordewich, Magnus & Mihaescu, Radu (2010), Accuracy Guarantees for Phylogeny Reconstruction Algorithms Based on Balanced Minimum Evolution, in Moulton, Vincent & Singh, Mona eds, Lecture Notes in Computer Science 6293: 10th Workshop on Algorithms in Bioinformatics (WABI 2010). Liverpool, Springer, Berlin, 250-261."
    },
    {
      "length": 284,
      "line_num": [
        65
      ],
      "start_index_in_file": 7267,
      "text": "Bordewich, Magnus (2010), On the approximation complexity hierarchy, in Jansen, Klaus & Solis-Oba, Roberto eds, Lecture Notes in Computer Science 6534: 8th International Workshop on International Workshop on Approximation and Online Algorithms, WAOA 2010. Liverpool, Springer, Berlin."
    },
    {
      "length": 277,
      "line_num": [
        66
      ],
      "start_index_in_file": 7552,
      "text": "Bordewich, M., Dyer, M. & Karpinski, M. (2005), Path coupling using stopping times, in Li\u015bkiewicz, Maciej & Reischuk, R\u00fcdiger eds, Lecture notes in computer science 3623: 15th International Symposium Fundamentals of Computation Theory FCT 2005. L\u00fcbeck, Springer, Berlin, 19-31."
    },
    {
      "length": 205,
      "line_num": [
        67
      ],
      "start_index_in_file": 7852,
      "text": "Bordewich, M., Dyer, M. & Karpinski, M. (2006). Stopping times, metrics and approximate counting. 33rd International Colloquium of Automata, Languages and Programming (ICALP 2006), Venice, Italy, Springer."
    },
    {
      "length": 142,
      "line_num": [
        68
      ],
      "start_index_in_file": 8074,
      "text": "Bordewich, M. (2003). The Complexity of Counting and Randomised Approximation. Department of Mathematics. New College, Oxford University. PhD."
    }
  ],
  "url": "https://www.dur.ac.uk/ecs/profiles/?id=3328"
}