{
  "comment": "//leave comments here if needed",
  "contain_publication_list": "T",
  "email": "hzetzer@education.ucsb.edu",
  "filename": "fb08455c-e343-435c-91da-641a8e7604a6",
  "info": "T means true, F means False. If no publications, just leave the publication structure unchanged.",
  "is_personal_homepage": "T",
  "name": "Heidi Zetzer",
  "name_index": [
    {
      "index_in_file": [
        [
          3810,
          3821
        ],
        [
          6180,
          6191
        ]
      ],
      "name_format": "Begin_First_Initial End_Last_Full",
      "text": "T. Nicholls"
    },
    {
      "index_in_file": [
        [
          3797,
          3805
        ],
        [
          6169,
          6177
        ]
      ],
      "name_format": "Begin_First_Initial End_Last_Full",
      "text": "B. Bergo"
    },
    {
      "index_in_file": [
        [
          5815,
          5823
        ]
      ],
      "name_format": "Begin_First_Initial End_Last_Full",
      "text": "T. Bobes"
    },
    {
      "index_in_file": [
        [
          6903,
          6913
        ]
      ],
      "name_format": "Begin_Last_Full Inside_First_Initial End_Middle_Initial",
      "text": "Page, K.V."
    },
    {
      "index_in_file": [
        [
          7351,
          7366
        ]
      ],
      "name_format": "Begin_Last_Full Inside_First_Initial End_Middle_Initial",
      "text": "Anderson, S. K."
    },
    {
      "index_in_file": [
        [
          7112,
          7126
        ]
      ],
      "name_format": "Begin_Last_Full Inside_First_Initial End_Middle_Initial",
      "text": "Shockley, M.E."
    },
    {
      "index_in_file": [
        [
          7511,
          7525
        ],
        [
          7976,
          7990
        ]
      ],
      "name_format": "Begin_Last_Full Inside_First_Initial End_Middle_Initial",
      "text": "Williams, R.E."
    },
    {
      "index_in_file": [
        [
          7369,
          7385
        ]
      ],
      "name_format": "Begin_Last_Full Inside_First_Initial End_Middle_Initial",
      "text": "Middleton, V. A."
    },
    {
      "index_in_file": [
        [
          7480,
          7493
        ],
        [
          7742,
          7755
        ],
        [
          7817,
          7830
        ],
        [
          7961,
          7974
        ]
      ],
      "name_format": "Begin_Last_Full Inside_First_Initial End_Middle_Initial",
      "text": "Beutler, L.E."
    },
    {
      "index_in_file": [
        [
          5680,
          5692
        ],
        [
          5975,
          5987
        ],
        [
          6099,
          6111
        ],
        [
          6352,
          6364
        ],
        [
          6478,
          6490
        ],
        [
          6579,
          6591
        ],
        [
          6706,
          6718
        ],
        [
          6888,
          6900
        ],
        [
          7097,
          7109
        ],
        [
          7294,
          7306
        ],
        [
          7495,
          7507
        ],
        [
          7727,
          7739
        ],
        [
          7994,
          8006
        ]
      ],
      "name_format": "Begin_Last_Full Inside_First_Initial End_Middle_Initial",
      "text": "Zetzer, H.A."
    },
    {
      "index_in_file": [
        [
          3559,
          3573
        ]
      ],
      "name_format": "Begin_First_Initial Inside_Middle_Initial End_Last_Full",
      "text": "S. K. Anderson"
    },
    {
      "index_in_file": [
        [
          5801,
          5812
        ]
      ],
      "name_format": "Begin_First_Initial Inside_Middle_Initial End_Last_Full",
      "text": "K. V. Hardy"
    },
    {
      "index_in_file": [
        [
          3576,
          3590
        ]
      ],
      "name_format": "Begin_First_Initial Inside_Middle_Initial End_Last_Full",
      "text": "V.A. Middleton"
    },
    {
      "index_in_file": [
        [
          7833,
          7842
        ]
      ],
      "name_format": "Begin_Last_Full End_First_Initial",
      "text": "Maron, M."
    },
    {
      "index_in_file": [
        [
          7584,
          7594
        ]
      ],
      "name_format": "Begin_Last_Full End_First_Initial",
      "text": "Dryden, W."
    },
    {
      "index_in_file": [
        [
          1101,
          1113
        ],
        [
          1267,
          1279
        ],
        [
          1533,
          1545
        ]
      ],
      "name_format": "Begin_First_Full End_Last_Full",
      "text": "Heidi Zetzer"
    },
    {
      "index_in_file": [
        [
          6739,
          6751
        ]
      ],
      "name_format": "Begin_First_Full End_Last_Full",
      "text": "Scott Pytluk"
    },
    {
      "in_email": "BEFORE_AT",
      "index_in_file": [
        [
          1240,
          1247
        ]
      ],
      "name_format": "Begin_First_Initial_Last_Full",
      "text": "hzetzer"
    },
    {
      "index_in_file": [
        [
          2140,
          2146
        ],
        [
          2426,
          2432
        ],
        [
          2834,
          2840
        ],
        [
          3114,
          3120
        ],
        [
          3928,
          3934
        ],
        [
          4665,
          4671
        ],
        [
          4846,
          4852
        ],
        [
          5110,
          5116
        ]
      ],
      "name_format": "Begin_Last_Full",
      "text": "Zetzer"
    }
  ],
  "publications": [
    {
      "length": 294,
      "line_num": [
        93
      ],
      "start_index_in_file": 5680,
      "text": "Zetzer, H.A. \"Power, Privilege, and Parallel Process in Supervision: Multicultural Feminist Reflections on Practice\". In K. V. Hardy & T. Bobes (Eds.) Culturally Sensitive Supervision and Training: Diverse Perspectives and Practical Applications. (pp. 27-34) NY: Routledge. 2016. [Book Chapter]"
    },
    {
      "length": 123,
      "line_num": [
        94
      ],
      "start_index_in_file": 5975,
      "text": "Zetzer, H.A. \"Parallel Process in Multicultural Supervision\". Psychotherapy Bulletin, 50(2), 19-23. 2015. [Journal Article]"
    },
    {
      "length": 252,
      "line_num": [
        95
      ],
      "start_index_in_file": 6099,
      "text": "Zetzer, H.A. \"White Privilege: The Luxury of Undivided Attention\". In B. Bergo & T. Nicholls (Eds.), \"I Don't See Color\": Personal & Critical Perspectives on White Privilege, (pp. ) University Park, PA: Penn State University Press. 2015. [Book Chapter]"
    },
    {
      "length": 125,
      "line_num": [
        96
      ],
      "start_index_in_file": 6352,
      "text": "Zetzer, H.A. \"How to make long-term relationships last\". Foghorn: UCSB Student Housing Newsletter. 2007. [Newsletter Article]"
    },
    {
      "length": 100,
      "line_num": [
        97
      ],
      "start_index_in_file": 6478,
      "text": "Zetzer, H.A. \"Got counseling?\". Foghorn: UCSB Student Housing Newsletter. 2007. [Newsletter Article]"
    },
    {
      "length": 126,
      "line_num": [
        98
      ],
      "start_index_in_file": 6579,
      "text": "Zetzer, H.A. \"There is a cure for the summer-time blues\". Foghorn: UCSB Student Housing Newsletter. 2007. [Newsletter Article]"
    },
    {
      "length": 181,
      "line_num": [
        99
      ],
      "start_index_in_file": 6706,
      "text": "Zetzer, H.A. \"Interview with Dr. Scott Pytluk\". Society of Counseling Psychology, Section for Gay Lesbian and Bisexual Awareness Newsletter, 7, pp. 6 & 8. 2006. [Newsletter Article]"
    },
    {
      "length": 208,
      "line_num": [
        100
      ],
      "start_index_in_file": 6888,
      "text": "Zetzer, H.A. & Page, K.V. \"Making a difference: Interviews of LGBT Mentorship\". Society of Counseling Psychology, Section for Gay Lesbian and Bisexual Awareness Newsletter, 7, p. 4. 2006. [Newsletter Article]"
    },
    {
      "length": 196,
      "line_num": [
        101
      ],
      "start_index_in_file": 7097,
      "text": "Zetzer, H.A. & Shockley, M.E. \"Build the field and they will come: Multicultural organizational development for mental health agencies\". Los Angeles, CA: The California Endowment. 2006. [Handbook]"
    },
    {
      "length": 185,
      "line_num": [
        102
      ],
      "start_index_in_file": 7294,
      "text": "Zetzer, H.A. \"White out: Privilege and its problems\". In Anderson, S. K. & Middleton, V. A. (Eds.), Explorations of privilege, oppression, and diversity (pp. 3-16). 2004. [Book Chapter]"
    },
    {
      "length": 246,
      "line_num": [
        103
      ],
      "start_index_in_file": 7480,
      "text": "Beutler, L.E., Zetzer, H.A., & Williams, R.E. \"Research applications of prescriptive psychotherapy\". In Dryden, W. (Ed.) Research in counseling and psychotherapy: Practical applications (pp. 25-48). London: Sage Publications. 1996. [Book Chapter]"
    },
    {
      "length": 233,
      "line_num": [
        104
      ],
      "start_index_in_file": 7727,
      "text": "Zetzer, H.A. & Beutler, L.E. \"The Assessment of Cognitive Functioning and the WAIS-R\". In Beutler, L.E. & Maron, M. (Eds.), The integrated assessment of adult personality, (pp. 121-186). New York: Guilford Press. 1994. [Book Chapter]"
    },
    {
      "length": 172,
      "line_num": [
        105
      ],
      "start_index_in_file": 7961,
      "text": "Beutler, L.E., Williams, R.E., & Zetzer, H.A. \"Efficacy of treatment for victims of childhood sexual abuse\". The Future of Children, 4. pp. 156-175. 1994. [Journal Article]"
    }
  ],
  "url": "http://education.ucsb.edu/research-faculty/bio?first=Heidi&last=Zetzer"
}