{
  "comment": "//leave comments here if needed",
  "contain_publication_list": "F",
  "email": "Ian.Barker@wits.ac.za",
  "filename": "9d453947-336a-4a9f-b45e-55a330219ecf",
  "info": "T means true, F means False. If no publications, just leave the publication structure unchanged.",
  "is_personal_homepage": "T",
  "name": "Ian Barker",
  "name_index": [
    {
      "index_in_file": [
        [
          197,
          207
        ]
      ],
      "name_format": "Begin_First_Full End_Last_Full",
      "text": "Ian Barker"
    },
    {
      "in_email": "Before_At",
      "index_in_file": [
        [
          154,
          164
        ],
        [
          312,
          322
        ]
      ],
      "name_format": "Begin_First_Full End_Last_Full",
      "text": "Ian.Barker"
    }
  ],
  "publications": [
    {
      "text": "COPY_SINGLE_PUBLICATION_HERE"
    },
    {
      "text": "COPY_SINGLE_PUBLICATION_HERE"
    }
  ],
  "url": "https://www.wits.ac.za/staff/academic-a-z-listing/b/ianbarkerwitsacza/"
}