[{"begin": 0, "end": 73, "text": "Huang YL, Supasai S, Kucera H, Gaikwad NW, Adamo AM, Mathieu P, Oteiza PI", "tokenized_text": "Huang YL , Supasai S , Kucera H , Gaikwad NW , Adamo AM , Mathieu P , Oteiza PI", "type": "authors", "id": 0}, {"begin": 75, "end": 181, "text": "Nutritional marginal zinc deficiency disrupts placental 11β-hydroxysteroid dehydrogenase type 2 modulatio", "tokenized_text": "Nutritional marginal zinc deficiency disrupts placental 11β - hydroxysteroid dehydrogenase type 2 modulation", "type": "title", "id": 1}, {"begin": 195, "end": 199, "text": " 201", "tokenized_text": "2015", "type": "year", "id": 2}]