[{"begin": 0, "end": 74, "text": "Bettaieb A, Hosein E, Chahed S, Abdulaziz A, Kucera HR, Gaikwad NW, Haj FG", "tokenized_text": "Bettaieb A , Hosein E , Chahed S , Abdulaziz A , Kucera HR , Gaikwad NW , Haj FG", "type": "authors", "id": 0}, {"begin": 76, "end": 151, "text": "Decreased adiposity and enhanced glucose tolerance in shikonin treated mice", "tokenized_text": "Decreased adiposity and enhanced glucose tolerance in shikonin treated mice", "type": "title", "id": 1}, {"begin": 153, "end": 160, "text": "Obesity", "tokenized_text": "Obesity", "type": "venue", "id": 2}, {"begin": 178, "end": 182, "text": "2015", "tokenized_text": "2015", "type": "year", "id": 3}]