[{"begin": 0, "end": 4, "text": "2015", "tokenized_text": "2015", "type": "year", "id": 0}, {"begin": 5, "end": 94, "text": "Flannery BM, Silverman JL, Bruun DA, Puhger KR, McCoy MR, Hammock BD, Crawley JN, Lein PJ", "tokenized_text": "Flannery BM , Silverman JL , Bruun DA , Puhger KR , McCoy MR , Hammock BD , Crawley JN , Lein PJ", "type": "authors", "id": 1}, {"begin": 95, "end": 207, "text": "Behavioral assessment of NIH Swiss mice acutely intoxicated with tetramethylenedisulfotetramine Neurotox Teratol", "tokenized_text": "Behavioral assessment of NIH Swiss mice acutely intoxicated with tetramethylenedisulfotetramine Neurotox Teratol", "type": "title", "id": 2}]