[{"begin": 0, "end": 4, "text": "2015", "tokenized_text": "2015", "type": "year", "id": 0}, {"begin": 5, "end": 31, "text": "Wu X, Barnhart CD, Lein PJ", "tokenized_text": "Wu X , Barnhart CD , Lein PJ", "type": "authors", "id": 1}, {"begin": 33, "end": 108, "text": "Lehmler HJ Hepatic metabolism affects the atropselective disposition of 2,2", "tokenized_text": "Lehmler HJ Hepatic metabolism affects the atropselective disposition of 2 , 2", "type": "title", "id": 2}, {"begin": 156, "end": 168, "text": "Env Sci Tech", "tokenized_text": "Env Sci Tech", "type": "venue", "id": 3}]