[{"begin": 0, "end": 4, "text": "2015", "tokenized_text": "2015", "type": "authors", "id": 0}, {"begin": 9, "end": 179, "text": "Price A, Crofton KM, Shafer T, Sachana M, Behl M, Forsby A, Hargreaves A, Landesmann B, Lein PJ, Louisse J, Monnet-Tschudi F, Paini A, Rolaki A, Schrattenholz A, Suñol C", "tokenized_text": "Price A , Crofton KM , Shafer T , Sachana M , Behl M , Forsby A , Hargreaves A , Landesmann B , Lein PJ , Louisse J , Monnet - Tschudi F , Paini A , Rolaki A , Schrattenholz A , Suñol C ,", "type": "authors", "id": 1}, {"begin": 180, "end": 231, "text": " Van Thriel C, Whelan M, Fritsche E Putative Advers", "tokenized_text": "Van Thriel C , Whelan M , Fritsche E Putative Adverse", "type": "authors", "id": 2}, {"begin": 240, "end": 291, "text": " Pathways Relevant to Neurotoxicity Crit Rev Toxico", "tokenized_text": "Pathways Relevant to Neurotoxicity Crit Rev Toxicol", "type": "title", "id": 3}]