[{"begin": 0, "end": 4, "text": "2015", "tokenized_text": "2015", "type": "year", "id": 0}, {"begin": 9, "end": 54, "text": "Z, Zou X, Cui Y, Hulsizer S, Lein PJ, Wulff H", "tokenized_text": "Z , Zou X , Cui Y , Hulsizer S , Lein PJ , Wulff H", "type": "authors", "id": 1}, {"begin": 56, "end": 201, "text": "Pessah IN A comparison of how seizurogenic agents and protectants influence Ca2+ dynamics in primary hippocampal neuronal network Molec Pharmacol", "tokenized_text": "Pessah IN A comparison of how seizurogenic agents and protectants influence Ca2 + dynamics in primary hippocampal neuronal network Molec Pharmacol", "type": "title", "id": 2}]