[{"begin": 0, "end": 58, "text": "2015 Grodzki ACG, Poola B, Pasupuleti N, Nantz MH, Lein PJ", "tokenized_text": "2015 Grodzki ACG , Poola B , Pasupuleti N , Nantz MH , Lein PJ", "type": "authors", "id": 0}, {"begin": 60, "end": 232, "text": "Gorin FA A novel carboline derivative inhibits nitric oxide formation in macrophages independent of effects on TNF&[alpha] and IL-1&[beta] expression J Pharmacol Exp Therap", "tokenized_text": "Gorin FA A novel carboline derivative inhibits nitric oxide formation in macrophages independent of effects on TNF & [ alpha ] and IL - 1 & [ beta ] expression J Pharmacol Exp Therap", "type": "title", "id": 1}]