[{"begin": 257, "end": 307, "text": "profenofos in Egyptian cotton field workers Intl J", "tokenized_text": "profenofos in Egyptian cotton field workers Intl J", "type": "title", "id": 0}, {"begin": 308, "end": 319, "text": "Hyg Environ", "tokenized_text": "Hyg Environ", "type": "venue", "id": 1}, {"begin": 320, "end": 326, "text": "Health", "tokenized_text": "Health", "type": "title", "id": 2}, {"begin": 0, "end": 141, "text": "2015 Singleton ST, Lein PJ, Dadson OA, McGarrigle BP, Farahat FM, Farahat T, Bonner MR, Fenske RA, Galvin K, Laserev MR, Anger WK, Rohlman DS", "tokenized_text": "2015 Singleton ST , Lein PJ , Dadson OA , McGarrigle BP , Farahat FM , Farahat T , Bonner MR , Fenske RA , Galvin K , Laserev MR , Anger WK , Rohlman DS", "type": "authors", "id": 3}, {"begin": 143, "end": 148, "text": "Olson", "tokenized_text": "Olson", "type": "authors", "id": 4}, {"begin": 149, "end": 256, "text": "JR Longitudinal assessment of occupational exposures to the organophosphorous insecticides chlorpyrifos and", "tokenized_text": "JR Longitudinal assessment of occupational exposures to the organophosphorous insecticides chlorpyrifos and", "type": "title", "id": 5}]