[{"begin": 0, "end": 4, "text": "2015", "tokenized_text": "2015", "type": "year", "id": 0}, {"begin": 5, "end": 62, "text": "Harrill JA, Chen H, Streifel K, Yang D, Mundy WR, Lein PJ", "tokenized_text": "Harrill JA , Chen H , Streifel K , Yang D , Mundy WR , Lein PJ", "type": "authors", "id": 1}, {"begin": 63, "end": 215, "text": "Ontogeny of biochemical, morphological and functional parameters of synaptogenesis in primary cultures of rat hippocampal and cortical cells Molec Brain", "tokenized_text": "Ontogeny of biochemical , morphological and functional parameters of synaptogenesis in primary cultures of rat hippocampal and cortical cells Molec Brain", "type": "title", "id": 2}]