[{"begin": 0, "end": 4, "text": "2014", "tokenized_text": "2014", "type": "year", "id": 0}, {"begin": 11, "end": 91, "text": "SN, Flannery BM, Brignolo L, Imai DM, Koehne A, Austin AT, Bruun DA, Tancredi DJ", "tokenized_text": "SN , Flannery BM , Brignolo L , Imai DM , Koehne A , Austin AT , Bruun DA , Tancredi DJ", "type": "authors", "id": 1}, {"begin": 93, "end": 97, "text": "Lein", "tokenized_text": "Lein", "type": "authors", "id": 2}, {"begin": 98, "end": 253, "text": "PJ Factors influencing adverse skin responses in rats receiving repeated subcutaneous injections and potential impact on neurobehavior Current Neurobiology", "tokenized_text": "PJ Factors influencing adverse skin responses in rats receiving repeated subcutaneous injections and potential impact on neurobehavior Current Neurobiology", "type": "title", "id": 3}]