[{"begin": 0, "end": 4, "text": "2014", "tokenized_text": "2014", "type": "year", "id": 0}, {"begin": 5, "end": 22, "text": "Moore CE, Lein PJ", "tokenized_text": "Moore CE , Lein PJ", "type": "authors", "id": 1}, {"begin": 24, "end": 32, "text": "Puschner", "tokenized_text": "Puschner", "type": "authors", "id": 2}, {"begin": 33, "end": 155, "text": "B Microcystins alter chemotactic behavior in Caenorhabditis elegans by selectively targeting the AWA sensory neuron Toxins", "tokenized_text": "B Microcystins alter chemotactic behavior in Caenorhabditis elegans by selectively targeting the AWA sensory neuron Toxins", "type": "title", "id": 3}]