[{"begin": 5, "end": 56, "text": "Stamou M, Wu X, Kania-Korwel I, Lehmler HJ, Lein PJ", "tokenized_text": "Stamou M , Wu X , Kania - Korwel I , Lehmler HJ , Lein PJ", "type": "authors", "id": 0}, {"begin": 57, "end": 190, "text": "Cytochrome p450 mRNA expression in the rodent brain: species-, sex-, and region-dependent differences Drug Metabolism and Disposition", "tokenized_text": "Cytochrome p450 mRNA expression in the rodent brain : species - , sex - , and region - dependent differences Drug Metabolism and Disposition", "type": "title", "id": 1}]