[{"begin": 11, "end": 26, "text": "CN, Rogawski MA", "tokenized_text": "CN , Rogawski MA", "type": "authors", "id": 0}, {"begin": 28, "end": 34, "text": "Yang D", "tokenized_text": "Yang D", "type": "authors", "id": 1}, {"begin": 36, "end": 40, "text": "Lein", "tokenized_text": "Lein", "type": "authors", "id": 2}, {"begin": 77, "end": 85, "text": "P Wexler", "tokenized_text": "P Wexler", "type": "authors", "id": 3}, {"begin": 93, "end": 119, "text": "Encyclopedia of Toxicology", "tokenized_text": "Encyclopedia of Toxicology", "type": "venue", "id": 4}]