[{"begin": 0, "end": 4, "text": "2013", "tokenized_text": "2013", "type": "year", "id": 0}, {"begin": 12, "end": 34, "text": "SM, Lein PJ, Miller MW", "tokenized_text": "SM , Lein PJ , Miller MW", "type": "authors", "id": 1}, {"begin": 36, "end": 131, "text": "Fetal alcohol spectrum disorder: targeted effects of ethanol on cell proliferation and survival", "tokenized_text": "Fetal alcohol spectrum disorder : targeted effects of ethanol on cell proliferation and survival", "type": "title", "id": 2}, {"begin": 147, "end": 154, "text": "Rakic P", "tokenized_text": "Rakic P", "type": "venue", "id": 3}, {"begin": 162, "end": 256, "text": "Comprehensive Developmental Neuroscience: Neural Circuit Development and Function in the Brain", "tokenized_text": "Comprehensive Developmental Neuroscience : Neural Circuit Development and Function in the Brain", "type": "venue", "id": 4}]