[{"begin": 11, "end": 22, "text": "GJ, Lein PJ", "tokenized_text": "GJ , Lein PJ", "type": "authors", "id": 0}, {"begin": 24, "end": 74, "text": "Developmental neurotoxicity of dioxins, A Schecter", "tokenized_text": "Developmental neurotoxicity of dioxins , A Schecter", "type": "title", "id": 1}, {"begin": 82, "end": 100, "text": "Dioxins and Health", "tokenized_text": "Dioxins and Health", "type": "venue", "id": 2}, {"begin": 102, "end": 172, "text": "Including Other Persistent Organic Pollutants and Endocrine Disruptors", "tokenized_text": "Including Other Persistent Organic Pollutants and Endocrine Disruptors", "type": "venue", "id": 3}, {"begin": 187, "end": 194, "text": "Hoboken", "tokenized_text": "Hoboken", "type": "venue", "id": 4}]