[{"begin": 0, "end": 4, "text": "2011", "tokenized_text": "2011", "type": "year", "id": 0}, {"begin": 10, "end": 33, "text": "PJ, Barnhart CD, Pessah", "tokenized_text": "PJ , Barnhart CD , Pessah", "type": "authors", "id": 1}, {"begin": 36, "end": 106, "text": ": Acute hippocampal slice preparations and hippocampal slice cultures,", "tokenized_text": ": Acute hippocampal slice preparations and hippocampal slice cultures ,", "type": "title", "id": 2}, {"begin": 107, "end": 115, "text": "LG Costa", "tokenized_text": "LG Costa", "type": "authors", "id": 3}, {"begin": 117, "end": 127, "text": "G Giordano", "tokenized_text": "G Giordano", "type": "authors", "id": 4}, {"begin": 154, "end": 198, "text": "Vitro Neurotoxicology: Methods and Protocols", "tokenized_text": "Vitro Neurotoxicology : Methods and Protocols", "type": "venue", "id": 5}]