{
  "comment": "//leave comments here if needed",
  "contain_publication_list": "T",
  "email": "COPY_AND_CORRECT_OWNER_EMAIL_HERE",
  "filename": "bfe55fe2-0ead-4dbc-8a6a-33cc9f8f2842",
  "info": "T means true, F means False. If no publications, just leave the publication structure unchanged.",
  "is_personal_homepage": "F",
  "name": "COPY_OWNER_NAME_HERE",
  "publications": [
    {
      "text": "COPY_SINGLE_PUBLICATION_HERE"
    },
    {
      "text": "COPY_SINGLE_PUBLICATION_HERE"
    }
  ],
  "url": "http://www.ma.utexas.edu/users/gordon"
}