{
  "comment": "//leave comments here if needed",
  "contain_publication_list": "T",
  "email": "",
  "filename": "236772e7-7c3d-4082-af90-65d5fb5239bd",
  "info": "T means true, F means False. If no publications, just leave the publication structure unchanged.",
  "is_personal_homepage": "T",
  "name": "Joseph Thomas Rabban",
  "name_index": [
    {
      "index_in_file": [
        [
          756,
          776
        ]
      ],
      "name_format": "Begin_First_Full Inside_Middle_Full End_Last_Full",
      "text": "Joseph Thomas Rabban"
    },
    {
      "index_in_file": [
        [
          2496,
          2502
        ]
      ],
      "name_format": "Begin_Last_Full End_First_Initial",
      "text": "Garg K"
    },
    {
      "index_in_file": [
        [
          3038,
          3047
        ]
      ],
      "name_format": "Begin_Last_Full End_First_Initial",
      "text": "Firetag B"
    },
    {
      "index_in_file": [
        [
          3362,
          3373
        ]
      ],
      "name_format": "Begin_Last_Full End_First_Initial_Middle_Initial",
      "text": "Karnezis AN"
    },
    {
      "index_in_file": [
        [
          2485,
          2494
        ],
        [
          2786,
          2795
        ],
        [
          3027,
          3036
        ],
        [
          3339,
          3348
        ]
      ],
      "name_format": "Begin_Last_Full End_First_Initial_Middle_Initial",
      "text": "Rabban JT"
    },
    {
      "index_in_file": [
        [
          2797,
          2804
        ]
      ],
      "name_format": "Begin_Last_Full End_First_Initial",
      "text": "Vohra P"
    },
    {
      "index_in_file": [
        [
          2516,
          2523
        ],
        [
          3409,
          3416
        ]
      ],
      "name_format": "Begin_Last_Full End_First_Initial_Middle_Initial",
      "text": "Chen LM"
    },
    {
      "index_in_file": [
        [
          2525,
          2536
        ],
        [
          2806,
          2817
        ],
        [
          3069,
          3080
        ]
      ],
      "name_format": "Begin_Last_Full End_First_Initial_Middle_Initial",
      "text": "Zaloudek CJ"
    },
    {
      "index_in_file": [
        [
          3049,
          3058
        ]
      ],
      "name_format": "Begin_Last_Full End_First_Initial_Middle_Initial",
      "text": "Sangoi AR"
    },
    {
      "index_in_file": [
        [
          3350,
          3360
        ]
      ],
      "name_format": "Begin_Last_Full End_First_Initial_Middle_Initial",
      "text": "Calkins SM"
    },
    {
      "index_in_file": [
        [
          3060,
          3067
        ]
      ],
      "name_format": "Begin_Last_Full End_First_Initial_Middle_Initial",
      "text": "Post MD"
    },
    {
      "index_in_file": [
        [
          2504,
          2514
        ],
        [
          3397,
          3407
        ]
      ],
      "name_format": "Begin_Last_Full End_First_Initial",
      "text": "Crawford B"
    },
    {
      "index_in_file": [
        [
          3375,
          3385
        ]
      ],
      "name_format": "Begin_Last_Full End_First_Initial_Middle_Initial",
      "text": "Grenert JP"
    },
    {
      "index_in_file": [
        [
          3387,
          3395
        ]
      ],
      "name_format": "Begin_Last_Full End_First_Initial",
      "text": "Blanco A"
    }
  ],
  "publications": [
    {
      "length": 300,
      "start_index_in_file": 2485,
      "text": "Rabban JT, Garg K, Crawford B, Chen LM, Zaloudek CJ. Early Detection of High Grade Tubal Serous Carcinoma in Women at Low Risk for Hereditary Breast and Ovarian Cancer Syndrome By Systematic Examination of Fallopian Tubes Incidentally Removed During Benign Surgery. Am J Surg Pathol 2014; 38: 729-742"
    },
    {
      "length": 240,
      "start_index_in_file": 2786,
      "text": "Rabban JT, Vohra P, Zaloudek CJ. Non-Gynecologic Metastases to Fallopian Tube Mucosa: A Potential Mimic of Tubal High Grade Serous Carcinoma and Benign Tubal Mucinous Metaplasia or Non-mucinous Hyperplasia. Am J Surg Pathol. 2015; 39: 35-51"
    },
    {
      "length": 311,
      "start_index_in_file": 3027,
      "text": "Rabban JT, Firetag B, Sangoi AR, Post MD, Zaloudek CJ. Incidental Pelvic and Para-aortic Lymph Node Lymphangioleiomyomatosis Detected During Surgical Staging of Pelvic Cancer in Women Without Symptomatic Pulmonary Lymphangioleiomyomatosis or Tuberous Sclerosis Complex. Am J Surg Pathol. 2015 Aug; 39(8):1015-25"
    },
    {
      "length": 305,
      "start_index_in_file": 3339,
      "text": "Rabban JT, Calkins SM, Karnezis AN, Grenert JP, Blanco A, Crawford B, Chen LM. Association of Tumor Morphology With Mismatch-repair Protein Status in Older Endometrial Cancer Patients: Implications for Universal Versus Selective Screening Strategies for Lynch Syndrome. Am J Surg Pathol. 2014; 38: 793-800"
    }
  ],
  "url": "http://labmed.ucsf.edu/about/faculty/pathology-jrabban.html"
}