[{"begin": 0, "end": 7, "text": "Tay, K.", "tokenized_text": "Tay , K .", "type": "authors", "id": 0}, {"begin": 9, "end": 13, "text": "2016", "tokenized_text": "2016", "type": "year", "id": 1}, {"begin": 16, "end": 116, "text": "The cardiovascular effects of preterm birth and neonatal anaemia in sheep The University of Auckland", "tokenized_text": "The cardiovascular effects of preterm birth and neonatal anaemia in sheep The University of Auckland", "type": "title", "id": 2}, {"begin": 132, "end": 140, "text": "Auckland", "tokenized_text": "Auckland", "type": "venue", "id": 3}]