{
  "comment": "//leave comments here if needed",
  "contain_publication_list": "T",
  "email": "R.Vine@sussex.ac.uk",
  "filename": "b438e13e-ddf9-403c-95c7-f9c3e943d0b7",
  "info": "T means true, F means False. If no publications, just leave the publication structure unchanged.",
  "is_personal_homepage": "T",
  "name": "Rebecca Vine",
  "name_index": [
    {
      "index_in_file": [
        [
          226,
          238
        ],
        [
          266,
          278
        ],
        [
          327,
          339
        ],
        [
          729,
          741
        ]
      ],
      "name_format": "Begin_First_Full End_Last_Full",
      "text": "Rebecca Vine"
    },
    {
      "index_in_file": [
        [
          1956,
          1969
        ]
      ],
      "name_format": "Begin_First_Full End_Last_Full",
      "text": "Trevor Hopper"
    },
    {
      "index_in_file": [
        [
          1910,
          1926
        ]
      ],
      "name_format": "Begin_First_Full End_Last_Full",
      "text": "Paul Nightingale"
    },
    {
      "index_in_file": [
        [
          1932,
          1943
        ]
      ],
      "name_format": "Begin_First_Full End_Last_Full",
      "text": "Josh Siepel"
    },
    {
      "index_in_file": [
        [
          2010,
          2023
        ]
      ],
      "name_format": "Begin_Last_Full End_First_Initial",
      "text": "Nightingale P"
    },
    {
      "index_in_file": [
        [
          2002,
          2008
        ]
      ],
      "name_format": "Begin_Last_Full End_First_Initial",
      "text": "Vine R"
    },
    {
      "index_in_file": [
        [
          1989,
          2000
        ]
      ],
      "name_format": "Begin_Last_Full End_First_Initial",
      "text": "Quattrone P"
    },
    {
      "in_email": "Before_At",
      "index_in_file": [
        [
          535,
          541
        ]
      ],
      "name_format": "Begin_First_Initial End_Last_Full",
      "text": "R.Vine"
    }
  ],
  "publications": [
    {
      "length": 225,
      "start_index_in_file": 1989,
      "text": "Quattrone P, Vine R, Nightingale P (2015) \u201cGoverning through numbers: Accounting figures as platforms of engagement in the construction of Heathrow Airport\u201d presented at Organization Science Winter Conference, Park City, Utah"
    }
  ],
  "url": "http://www.sussex.ac.uk/spru/people/lists/person/290196"
}