{
  "comment": "//leave comments here if needed",
  "contain_publication_list": "F",
  "email": "bert.demarsin@law.kuleuven.be",
  "filename": "e748a279-3124-4fb7-ad82-cf8e48e394b5",
  "info": "T means true, F means False. If no publications, just leave the publication structure unchanged.",
  "is_personal_homepage": "T",
  "name": "BERT DEMARSIN",
  "name_index": [
    {
      "index_in_file": [
        [
          50,
          63
        ],
        [
          228,
          241
        ],
        [
          431,
          444
        ],
        [
          698,
          711
        ],
        [
          972,
          985
        ]
      ],
      "name_format": "Begin_First_Full End_Last_Full",
      "text": "BERT DEMARSIN"
    },
    {
      "in_email": "BEFORE_AT",
      "index_in_file": [
        [
          198,
          211
        ]
      ],
      "name_format": "Begin_First_Full End_Last_Full",
      "text": "bert.demarsin"
    }
  ],
  "publications": [
    {
      "text": "COPY_SINGLE_PUBLICATION_HERE"
    },
    {
      "text": "COPY_SINGLE_PUBLICATION_HERE"
    }
  ],
  "url": "https://www.law.kuleuven.be/apps/leden/en/zap/profile/u0043969"
}