{
  "comment": "//leave comments here if needed",
  "contain_publication_list": "T",
  "email": "",
  "filename": "ff3d867a-6570-4b05-8720-da0fa572a156",
  "info": "T means true, F means False. If no publications, just leave the publication structure unchanged.",
  "is_personal_homepage": "T",
  "name": "Yang Shao-Horn",
  "name_index": [
    {
      "index_in_file": [
        [
          53,
          67
        ]
      ],
      "name_format": "Begin_First_Full End_Last_Full",
      "text": "Yang Shao-Horn"
    },
    {
      "index_in_file": [
        [
          3514,
          3530
        ],
        [
          3765,
          3781
        ]
      ],
      "name_format": "Begin_First_Initial Inside_Middle_Initial End_Last_Full",
      "text": "J. B. Goodenough"
    },
    {
      "index_in_file": [
        [
          3532,
          3547
        ]
      ],
      "name_format": "Begin_First_Initial Inside_Middle_Initial End_Last_Full",
      "text": "H. A. Gasteiger"
    },
    {
      "index_in_file": [
        [
          3503,
          3512
        ]
      ],
      "name_format": "Begin_First_Initial Inside_Middle_Initial End_Last_Full",
      "text": "K. J. May"
    },
    {
      "index_in_file": [
        [
          2546,
          2556
        ]
      ],
      "name_format": "Begin_Last_Full Inside_First_Initial End_Middle_Initial",
      "text": "Hong, W.T."
    },
    {
      "index_in_file": [
        [
          2764,
          2775
        ]
      ],
      "name_format": "Begin_Last_Full Inside_First_Initial End_Middle_Initial",
      "text": "Elias, J.S."
    },
    {
      "index_in_file": [
        [
          3019,
          3030
        ]
      ],
      "name_format": "Begin_Last_Full End_First_Initial",
      "text": "Grimaud, A."
    },
    {
      "index_in_file": [
        [
          3959,
          3968
        ]
      ],
      "name_format": "Begin_Last_Full Inside_First_Initial End_Middle_Initial",
      "text": "Lee, S.W."
    },
    {
      "index_in_file": [
        [
          3262,
          3271
        ]
      ],
      "name_format": "Begin_Last_Full End_First_Initial",
      "text": "Lopez, N."
    },
    {
      "index_in_file": [
        [
          3488,
          3501
        ],
        [
          3707,
          3720
        ]
      ],
      "name_format": "Begin_Last_Full End_First_Initial",
      "text": "Suntivich, J."
    },
    {
      "index_in_file": [
        [
          3997,
          4004
        ]
      ],
      "name_format": "Begin_First_Initial End_Last_Full",
      "text": "S. Chen"
    },
    {
      "index_in_file": [
        [
          2616,
          2628
        ],
        [
          2818,
          2830
        ],
        [
          3101,
          3113
        ],
        [
          3318,
          3330
        ],
        [
          3552,
          3564
        ],
        [
          3783,
          3795
        ],
        [
          4033,
          4045
        ]
      ],
      "name_format": "Begin_First_Initial End_Last_Full",
      "text": "Y. Shao-Horn"
    },
    {
      "index_in_file": [
        [
          2787,
          2798
        ]
      ],
      "name_format": "Begin_First_Initial End_Last_Full",
      "text": "L. Giordano"
    },
    {
      "index_in_file": [
        [
          2777,
          2785
        ],
        [
          3067,
          3075
        ]
      ],
      "name_format": "Begin_First_Initial End_Last_Full",
      "text": "M. Risch"
    },
    {
      "index_in_file": [
        [
          3056,
          3065
        ]
      ],
      "name_format": "Begin_First_Initial End_Last_Full",
      "text": "Y.-L. Lee"
    },
    {
      "index_in_file": [
        [
          4006,
          4014
        ]
      ],
      "name_format": "Begin_First_Initial Inside_Middle_Initial End_Last_Full",
      "text": "B.S. Kim"
    },
    {
      "index_in_file": [
        [
          3722,
          3736
        ]
      ],
      "name_format": "Begin_First_Initial Inside_Middle_Initial End_Last_Full",
      "text": "H.A. Gasteiger"
    },
    {
      "index_in_file": [
        [
          3089,
          3096
        ]
      ],
      "name_format": "Begin_First_Initial End_Last_Full",
      "text": "J. Zhou"
    },
    {
      "index_in_file": [
        [
          3042,
          3054
        ]
      ],
      "name_format": "Begin_First_Initial Inside_Middle_Initial End_Last_Full",
      "text": "C.E. Carlton"
    },
    {
      "index_in_file": [
        [
          3349,
          3360
        ]
      ],
      "name_format": "Begin_First_Initial Inside_Middle_Initial End_Last_Full",
      "text": "D.G. Nocera"
    },
    {
      "index_in_file": [
        [
          3983,
          3995
        ]
      ],
      "name_format": "Begin_First_Initial Inside_Middle_Initial End_Last_Full",
      "text": "G.M. Gallant"
    },
    {
      "index_in_file": [
        [
          2587,
          2601
        ]
      ],
      "name_format": "Begin_First_Initial Inside_Middle_Initial End_Last_Full",
      "text": "T.P. Devereaux"
    },
    {
      "index_in_file": [
        [
          2800,
          2812
        ]
      ],
      "name_format": "Begin_First_Initial Inside_Middle_Initial End_Last_Full",
      "text": "A.N. Mansour"
    },
    {
      "index_in_file": [
        [
          3304,
          3316
        ]
      ],
      "name_format": "Begin_First_Initial Inside_Middle_Initial End_Last_Full",
      "text": "G.E. Alliger"
    },
    {
      "index_in_file": [
        [
          3738,
          3749
        ],
        [
          3970,
          3981
        ]
      ],
      "name_format": "Begin_First_Initial End_Last_Full",
      "text": "N. Yabuuchi"
    },
    {
      "index_in_file": [
        [
          2558,
          2574
        ]
      ],
      "name_format": "Begin_First_Initial Inside_Middle_Initial End_Last_Full",
      "text": "K.A. Stoerzinger"
    },
    {
      "index_in_file": [
        [
          3032,
          3040
        ]
      ],
      "name_format": "Begin_First_Initial Inside_Middle_Initial End_Last_Full",
      "text": "K.J. May"
    },
    {
      "index_in_file": [
        [
          3332,
          3344
        ]
      ],
      "name_format": "Begin_First_Initial Inside_Middle_Initial End_Last_Full",
      "text": "C.C. Cummins"
    },
    {
      "index_in_file": [
        [
          2576,
          2585
        ]
      ],
      "name_format": "Begin_First_Initial End_Last_Full",
      "text": "B. Moritz"
    },
    {
      "index_in_file": [
        [
          3751,
          3763
        ]
      ],
      "name_format": "Begin_First_Initial End_Last_Full",
      "text": "H. Nakanishi"
    },
    {
      "index_in_file": [
        [
          4016,
          4028
        ]
      ],
      "name_format": "Begin_First_Initial Inside_Middle_Initial End_Last_Full",
      "text": "P.T. Hammond"
    },
    {
      "index_in_file": [
        [
          3274,
          3285
        ]
      ],
      "name_format": "Begin_First_Initial Inside_Middle_Initial End_Last_Full",
      "text": "D.J. Graham"
    },
    {
      "index_in_file": [
        [
          2603,
          2610
        ]
      ],
      "name_format": "Begin_First_Initial End_Last_Full",
      "text": "W. Yang"
    },
    {
      "index_in_file": [
        [
          3287,
          3297
        ]
      ],
      "name_format": "Begin_First_Initial End_Last_Full",
      "text": "R. McGuire"
    }
  ],
  "publications": [
    {
      "length": 217,
      "line_num": [
        94
      ],
      "start_index_in_file": 2546,
      "text": "Hong, W.T., K.A. Stoerzinger, B. Moritz, T.P. Devereaux, W. Yang, and Y. Shao-Horn, Probing LaMO3 Metal and Oxygen Partial Density of States Using X-ray Emission, Absorption, and Photoelectron Spectroscopy, JPCC 2015."
    },
    {
      "length": 254,
      "line_num": [
        95
      ],
      "start_index_in_file": 2764,
      "text": "Elias, J.S., M. Risch, L. Giordano, A.N. Mansour, and Y. Shao-Horn, Structure, Bonding and Catalytic Activity of Monodisperse, Transition-Metal Substituted CeO2 Nanoparticles, Journal of the American Chemical Society, 136 (49), 17193-17200 December 2014."
    },
    {
      "length": 242,
      "line_num": [
        96
      ],
      "start_index_in_file": 3019,
      "text": "Grimaud, A., K.J. May, C.E. Carlton, Y.-L. Lee, M. Risch, W. T. Hong, J. Zhou and Y. Shao-Horn, Double Perovskite as a Family of Highly Active Catalysts For Oxygen Evolution in Alkaline Solution, Nature Communications, 4, 2439 September 2013."
    },
    {
      "length": 225,
      "line_num": [
        97
      ],
      "start_index_in_file": 3262,
      "text": "Lopez, N. , D.J. Graham, R. McGuire, Jr., G.E. Alliger, Y. Shao-Horn, C.C. Cummins and D.G. Nocera, Reversible Reduction of Oxygen to Peroxide Facilitated by Molecular Recognition, Science, 335 (6067), 450 - 453 January 2012."
    },
    {
      "length": 218,
      "line_num": [
        98
      ],
      "start_index_in_file": 3488,
      "text": "Suntivich, J., K. J. May, J. B. Goodenough, H. A. Gasteiger and Y. Shao-Horn, A perovskite oxide optimized for oxygen evolution catalysis from molecular orbital principles, Science, 334 (6061), 1383-1385 December 2011."
    },
    {
      "length": 251,
      "line_num": [
        99
      ],
      "start_index_in_file": 3707,
      "text": "Suntivich, J., H.A. Gasteiger, N. Yabuuchi, H. Nakanishi, J. B. Goodenough, Y. Shao-Horn, Design principles for oxygen-reduction activity on perovskite oxide catalysts for fuel cells and metal\u2013air batteries, Nature Chemistry, 3 (7), 546\u2013550 July 2011."
    },
    {
      "length": 213,
      "line_num": [
        100
      ],
      "start_index_in_file": 3959,
      "text": "Lee, S.W., N. Yabuuchi, G.M. Gallant, S. Chen, B.S. Kim, P.T. Hammond and Y. Shao-Horn, High-power lithium batteries from functionalized carbon nanotube electrodes, Nature Nanotechnology, 5 (7), 531\u2013537 July 2010."
    }
  ],
  "url": "http://meche.mit.edu/people/?id=78"
}