{
  "comment": "//leave comments here if needed",
  "contain_publication_list": "F",
  "email": "grossenb@engr.wisc.edu",
  "filename": "2ce6d260-bd18-49b6-b397-9ae1841688f3",
  "info": "T means true, F means False. If no publications, just leave the publication structure unchanged.",
  "is_personal_homepage": "T",
  "name": "Laura Grossenbacher",
  "name_index": [
    {
      "index_in_file": [
        [
          160,
          179
        ],
        [
          180,
          199
        ]
      ],
      "name_format": "Begin_First_Full End_Last_Full",
      "text": "Laura Grossenbacher"
    }
  ],
  "publications": [
    {
      "text": "COPY_SINGLE_PUBLICATION_HERE"
    },
    {
      "text": "COPY_SINGLE_PUBLICATION_HERE"
    }
  ],
  "url": "https://directory.engr.wisc.edu/epd/Faculty/Grossenbacher_Laura/"
}