{
  "comment": "//leave comments here if needed",
  "contain_publication_list": "F",
  "email": "L.Azzini@tudelft.nl",
  "filename": "2883e10e-6d9e-49a9-af34-a19242d4e702",
  "info": "T means true, F means False. If no publications, just leave the publication structure unchanged.",
  "is_personal_homepage": "T",
  "name": "L. (Lucia) Azzini",
  "name_index": [
    {
      "index_in_file": [
        [
          90,
          107
        ]
      ],
      "name_format": "Begin_First_Initial Inside_First_Full End_Last_Full",
      "text": "L. (Lucia) Azzini"
    }
  ],
  "publications": [
    {
      "text": "COPY_SINGLE_PUBLICATION_HERE"
    },
    {
      "text": "COPY_SINGLE_PUBLICATION_HERE"
    }
  ],
  "url": "http://staff.tudelft.nl/en/L.Azzini/"
}