{
  "comment": "//leave comments here if needed",
  "contain_publication_list": "F",
  "email": "jmurphy@engr.wisc.edu",
  "filename": "f1898a60-a900-4681-831b-74a8c382b334",
  "info": "T means true, F means False. If no publications, just leave the publication structure unchanged.",
  "is_personal_homepage": "T",
  "name": "John G. Murphy",
  "name_index": [
    {
      "index_in_file": [
        [
          143,
          157
        ],
        [
          158,
          172
        ]
      ],
      "name_format": "Begin_First_Full Inside_Middle_Initial End_Last_Full",
      "text": "John G. Murphy"
    }
  ],
  "publications": [
    {
      "text": "COPY_SINGLE_PUBLICATION_HERE"
    },
    {
      "text": "COPY_SINGLE_PUBLICATION_HERE"
    }
  ],
  "url": "https://directory.engr.wisc.edu/ep/Faculty/Murphy_John/"
}