{
  "comment": "//leave comments here if needed",
  "contain_publication_list": "F",
  "email": "ronac@umich.edu",
  "filename": "1af5ef05-e2a5-41b9-8fed-8ba151db6827",
  "info": "T means true, F means False. If no publications, just leave the publication structure unchanged.",
  "is_personal_homepage": "T",
  "name": "Rona Carter",
  "name_index": [
    {
      "index_in_file": [
        [
          468,
          479
        ]
      ],
      "name_format": "Begin_First_Full End_Last_Full",
      "text": "Rona Carter"
    },
    {
      "index_in_file": [
        [
          571,
          577
        ]
      ],
      "name_format": "Begin_Last_Full",
      "text": "Carter"
    }
  ],
  "publications": [
    {
      "text": "COPY_SINGLE_PUBLICATION_HERE"
    },
    {
      "text": "COPY_SINGLE_PUBLICATION_HERE"
    }
  ],
  "url": "http://ssw.umich.edu/faculty/profiles/tenure-track/ronac"
}