{
  "comment": "//leave comments here if needed",
  "contain_publication_list": "T",
  "email": "COPY_AND_CORRECT_OWNER_EMAIL_HERE",
  "filename": "76084bca-3576-46f6-8b94-f4901a8e0623",
  "info": "T means true, F means False. If no publications, just leave the publication structure unchanged.",
  "is_personal_homepage": "F",
  "name": "COPY_OWNER_NAME_HERE",
  "publications": [
    {
      "text": "COPY_SINGLE_PUBLICATION_HERE"
    },
    {
      "text": "COPY_SINGLE_PUBLICATION_HERE"
    }
  ],
  "url": "http://www.psychology.uwa.edu.au/contact/staff?type=profile&dn=cn%3DKate%20Crookes%2Cou%3DResearch%20Section%20%28Psychology%29%2Cou%3DSchool%20of%20Psychology%2Cou%3DFaculty%20of%20Science%2Cou%3DFaculties%2Co%3DThe%20University%20of%20Western%20Australia"
}