[{"begin": 0, "end": 12, "text": "Zetzer, H.A.", "tokenized_text": "Zetzer , H . A .", "type": "authors", "id": 0}, {"begin": 14, "end": 115, "text": "Power, Privilege, and Parallel Process in Supervision: Multicultural Feminist Reflections on Practice", "tokenized_text": "Power , Privilege , and Parallel Process in Supervision : Multicultural Feminist Reflections on Practice", "type": "title", "id": 1}, {"begin": 151, "end": 245, "text": "Culturally Sensitive Supervision and Training: Diverse Perspectives and Practical Applications", "tokenized_text": "Culturally Sensitive Supervision and Training : Diverse Perspectives and Practical Applications", "type": "venue", "id": 2}]