[{"begin": 0, "end": 12, "text": "Zetzer, H.A.", "tokenized_text": "Zetzer , H . A .", "type": "authors", "id": 0}, {"begin": 14, "end": 64, "text": "White Privilege: The Luxury of Undivided Attention", "tokenized_text": "White Privilege : The Luxury of Undivided Attention", "type": "title", "id": 1}, {"begin": 79, "end": 82, "text": "& T", "tokenized_text": "& T", "type": "authors", "id": 2}, {"begin": 108, "end": 119, "text": "t See Color", "tokenized_text": "t See Color", "type": "title", "id": 3}, {"begin": 120, "end": 173, "text": ": Personal & Critical Perspectives on White Privilege", "tokenized_text": ": Personal & Critical Perspectives on White Privilege", "type": "venue", "id": 4}, {"begin": 232, "end": 236, "text": "2015", "tokenized_text": "2015", "type": "year", "id": 5}]