[{"begin": 0, "end": 12, "text": "Zetzer, H.A.", "tokenized_text": "Zetzer , H . A .", "type": "authors", "id": 0}, {"begin": 14, "end": 54, "text": "How to make long-term relationships last", "tokenized_text": "How to make long - term relationships last", "type": "title", "id": 1}, {"begin": 57, "end": 97, "text": "Foghorn: UCSB Student Housing Newsletter", "tokenized_text": "Foghorn : UCSB Student Housing Newsletter", "type": "venue", "id": 2}, {"begin": 99, "end": 103, "text": "2007", "tokenized_text": "2007", "type": "year", "id": 3}]