[{"begin": 0, "end": 12, "text": "Zetzer, H.A.", "tokenized_text": "Zetzer , H . A .", "type": "authors", "id": 0}, {"begin": 14, "end": 55, "text": "There is a cure for the summer-time blues", "tokenized_text": "There is a cure for the summer - time blues", "type": "title", "id": 1}, {"begin": 58, "end": 98, "text": "Foghorn: UCSB Student Housing Newsletter", "tokenized_text": "Foghorn : UCSB Student Housing Newsletter", "type": "venue", "id": 2}, {"begin": 100, "end": 104, "text": "2007", "tokenized_text": "2007", "type": "year", "id": 3}]