[{"begin": 0, "end": 12, "text": "Zetzer, H.A.", "tokenized_text": "Zetzer , H . A .", "type": "authors", "id": 0}, {"begin": 14, "end": 45, "text": "Interview with Dr. Scott Pytluk", "tokenized_text": "Interview with Dr . Scott Pytluk", "type": "title", "id": 1}, {"begin": 48, "end": 80, "text": "Society of Counseling Psychology", "tokenized_text": "Society of Counseling Psychology", "type": "venue", "id": 2}, {"begin": 82, "end": 139, "text": "Section for Gay Lesbian and Bisexual Awareness Newsletter", "tokenized_text": "Section for Gay Lesbian and Bisexual Awareness Newsletter", "type": "venue", "id": 3}]