[{"begin": 0, "end": 25, "text": "Zetzer, H.A. & Page, K.V.", "tokenized_text": "Zetzer , H . A . & Page , K . V .", "type": "authors", "id": 0}, {"begin": 27, "end": 77, "text": "Making a difference: Interviews of LGBT Mentorship", "tokenized_text": "Making a difference : Interviews of LGBT Mentorship", "type": "title", "id": 1}, {"begin": 80, "end": 112, "text": "Society of Counseling Psychology", "tokenized_text": "Society of Counseling Psychology", "type": "venue", "id": 2}, {"begin": 114, "end": 171, "text": "Section for Gay Lesbian and Bisexual Awareness Newsletter", "tokenized_text": "Section for Gay Lesbian and Bisexual Awareness Newsletter", "type": "venue", "id": 3}]