[{"begin": 165, "end": 169, "text": "2004", "tokenized_text": "2004", "type": "year", "id": 0}, {"begin": 0, "end": 12, "text": "Zetzer, H.A.", "tokenized_text": "Zetzer , H . A .", "type": "authors", "id": 1}, {"begin": 14, "end": 51, "text": "White out: Privilege and its problems", "tokenized_text": "White out : Privilege and its problems", "type": "title", "id": 2}, {"begin": 67, "end": 84, "text": "S. K. & Middleton", "tokenized_text": "S . K . & Middleton", "type": "authors", "id": 3}, {"begin": 86, "end": 90, "text": "V. A", "tokenized_text": "V . A", "type": "authors", "id": 4}, {"begin": 100, "end": 125, "text": "Explorations of privilege", "tokenized_text": "Explorations of privilege", "type": "venue", "id": 5}, {"begin": 127, "end": 137, "text": "oppression", "tokenized_text": "oppression", "type": "venue", "id": 6}]