[{"begin": 0, "end": 28, "text": "Zetzer, H.A. & Beutler, L.E.", "tokenized_text": "Zetzer , H . A . & Beutler , L . E .", "type": "authors", "id": 0}, {"begin": 30, "end": 85, "text": "The Assessment of Cognitive Functioning and the WAIS-R\"", "tokenized_text": "The Assessment of Cognitive Functioning and the WAIS - R \"", "type": "title", "id": 1}, {"begin": 99, "end": 111, "text": "L.E. & Maron", "tokenized_text": "L . E . & Maron", "type": "authors", "id": 2}, {"begin": 113, "end": 114, "text": "M", "tokenized_text": "M", "type": "authors", "id": 3}, {"begin": 124, "end": 170, "text": "The integrated assessment of adult personality", "tokenized_text": "The integrated assessment of adult personality", "type": "venue", "id": 4}]