[{"begin": 0, "end": 45, "text": "Beutler, L.E., Williams, R.E., & Zetzer, H.A.", "tokenized_text": "Beutler , L . E . , Williams , R . E . , & Zetzer , H . A .", "type": "authors", "id": 0}, {"begin": 47, "end": 106, "text": "Efficacy of treatment for victims of childhood sexual abuse", "tokenized_text": "Efficacy of treatment for victims of childhood sexual abuse", "type": "title", "id": 1}, {"begin": 109, "end": 131, "text": "The Future of Children", "tokenized_text": "The Future of Children", "type": "venue", "id": 2}]