{
  "comment": "//leave comments here if needed",
  "contain_publication_list": "F",
  "email": "a.williamson@unsw.edu.au",
  "filename": "9e567b58-64e3-405a-a10b-ca09d11ddbd2",
  "info": "T means true, F means False. If no publications, just leave the publication structure unchanged.",
  "is_personal_homepage": "T",
  "name": "Ann Williamson",
  "name_index": [
    {
      "index_in_file": [
        [
          1037,
          1051
        ],
        [
          1062,
          1076
        ],
        [
          1305,
          1319
        ]
      ],
      "name_format": "Begin_First_Full End_Last_Full",
      "text": "Ann Williamson"
    },
    {
      "index_in_file": [
        [
          1514,
          1524
        ]
      ],
      "name_format": "Begin_Last_Full",
      "text": "Williamson"
    },
    {
      "index_in_file": [
        [
          1969,
          1972
        ],
        [
          2379,
          2382
        ],
        [
          2467,
          2470
        ],
        [
          2707,
          2710
        ],
        [
          2916,
          2919
        ]
      ],
      "name_format": "Begin_First_Full",
      "text": "Ann"
    },
    {
      "in_email": "Before_At",
      "index_in_file": [
        [
          1266,
          1278
        ]
      ],
      "name_format": "Begin_First_Initial End_Last_Full",
      "text": "a.williamson"
    }
  ],
  "publications": [
    {
      "text": "COPY_SINGLE_PUBLICATION_HERE"
    },
    {
      "text": "COPY_SINGLE_PUBLICATION_HERE"
    }
  ],
  "url": "http://www.aviation.unsw.edu.au/about/profiles/williamson.html"
}