[{"begin": 0, "end": 82, "text": "Hong, W.T., K.A. Stoerzinger, B. Moritz, T.P. Devereaux, W. Yang, and Y. Shao-Horn", "tokenized_text": "Hong , W . T . , K . A . Stoerzinger , B . Moritz , T . P . Devereaux , W . Yang , and Y . Shao - Horn", "type": "authors", "id": 0}, {"begin": 84, "end": 173, "text": "Probing LaMO3 Metal and Oxygen Partial Density of States Using X-ray Emission, Absorption", "tokenized_text": "Probing LaMO3 Metal and Oxygen Partial Density of States Using X - ray Emission , Absorption", "type": "title", "id": 1}, {"begin": 193, "end": 205, "text": "Spectroscopy", "tokenized_text": "Spectroscopy", "type": "authors", "id": 2}, {"begin": 212, "end": 216, "text": "2015", "tokenized_text": "2015", "type": "year", "id": 3}]