[{"begin": 0, "end": 66, "text": "Elias, J.S., M. Risch, L. Giordano, A.N. Mansour, and Y. Shao-Horn", "tokenized_text": "Elias , J . S . , M . Risch , L . Giordano , A . N . Mansour , and Y . Shao - Horn", "type": "authors", "id": 0}, {"begin": 68, "end": 77, "text": "Structure", "tokenized_text": "Structure", "type": "title", "id": 1}, {"begin": 79, "end": 174, "text": "Bonding and Catalytic Activity of Monodisperse, Transition-Metal Substituted CeO2 Nanoparticles", "tokenized_text": "Bonding and Catalytic Activity of Monodisperse , Transition - Metal Substituted CeO2 Nanoparticles", "type": "title", "id": 2}, {"begin": 176, "end": 216, "text": "Journal of the American Chemical Society", "tokenized_text": "Journal of the American Chemical Society", "type": "venue", "id": 3}]