[{"begin": 0, "end": 94, "text": "Grimaud, A., K.J. May, C.E. Carlton, Y.-L. Lee, M. Risch, W. T. Hong, J. Zhou and Y. Shao-Horn", "tokenized_text": "Grimaud , A . , K . J . May , C . E . Carlton , Y . - L . Lee , M . Risch , W . T . Hong , J . Zhou and Y . Shao - Horn", "type": "authors", "id": 0}, {"begin": 96, "end": 128, "text": "Double Perovskite as a Family of", "tokenized_text": "Double Perovskite as a Family of", "type": "title", "id": 1}, {"begin": 129, "end": 194, "text": "Highly Active Catalysts For Oxygen Evolution in Alkaline Solution", "tokenized_text": "Highly Active Catalysts For Oxygen Evolution in Alkaline Solution", "type": "title", "id": 2}, {"begin": 196, "end": 217, "text": "Nature Communications", "tokenized_text": "Nature Communications", "type": "venue", "id": 3}, {"begin": 237, "end": 241, "text": "2013", "tokenized_text": "2013", "type": "year", "id": 4}]