[{"begin": 158, "end": 179, "text": "Molecular Recognition", "tokenized_text": "Molecular Recognition", "type": "venue", "id": 0}, {"begin": 181, "end": 188, "text": "Science", "tokenized_text": "Science", "type": "venue", "id": 1}, {"begin": 0, "end": 98, "text": "Lopez, N. , D.J. Graham, R. McGuire, Jr., G.E. Alliger, Y. Shao-Horn, C.C. Cummins and D.G. Nocera", "tokenized_text": "Lopez , N . , D . J . Graham , R . McGuire , Jr . , G . E . Alliger , Y . Shao - Horn , C . C . Cummins and D . G . Nocera", "type": "authors", "id": 2}, {"begin": 100, "end": 157, "text": "Reversible Reduction of Oxygen to Peroxide Facilitated by", "tokenized_text": "Reversible Reduction of Oxygen to Peroxide Facilitated by", "type": "title", "id": 3}]