[{"begin": 0, "end": 77, "text": "Suntivich, J., K. J. May, J. B. Goodenough, H. A. Gasteiger and Y. Shao-Horn,", "tokenized_text": "Suntivich , J . , K . J . May , J . B . Goodenough , H . A . Gasteiger and Y . Shao - Horn ,", "type": "authors", "id": 0}, {"begin": 78, "end": 171, "text": "A perovskite oxide optimized for oxygen evolution catalysis from molecular orbital principles", "tokenized_text": "A perovskite oxide optimized for oxygen evolution catalysis from molecular orbital principles", "type": "title", "id": 1}, {"begin": 173, "end": 180, "text": "Science", "tokenized_text": "Science", "type": "venue", "id": 2}]