[{"begin": 215, "end": 224, "text": "e Chemist", "tokenized_text": "Chemistry", "type": "venue", "id": 0}, {"begin": 0, "end": 88, "text": "Suntivich, J., H.A. Gasteiger, N. Yabuuchi, H. Nakanishi, J. B. Goodenough, Y. Shao-Horn", "tokenized_text": "Suntivich , J . , H . A . Gasteiger , N . Yabuuchi , H . Nakanishi , J . B . Goodenough , Y . Shao - Horn", "type": "authors", "id": 1}, {"begin": 90, "end": 206, "text": "Design principles for oxygen-reduction activity on perovskite oxide catalysts for fuel cells and metal–air batteri", "tokenized_text": "Design principles for oxygen - reduction activity on perovskite oxide catalysts for fuel cells and metal–air batteries", "type": "title", "id": 2}, {"begin": 208, "end": 214, "text": ", Natu", "tokenized_text": "Nature", "type": "venue", "id": 3}]