[{"begin": 165, "end": 186, "text": "Nature Nanotechnology", "tokenized_text": "Nature Nanotechnology", "type": "venue", "id": 0}, {"begin": 0, "end": 86, "text": "Lee, S.W., N. Yabuuchi, G.M. Gallant, S. Chen, B.S. Kim, P.T. Hammond and Y. Shao-Horn", "tokenized_text": "Lee , S . W . , N . Yabuuchi , G . M . Gallant , S . Chen , B . S . Kim , P . T . Hammond and Y . Shao - Horn", "type": "authors", "id": 1}, {"begin": 88, "end": 163, "text": "High-power lithium batteries from functionalized carbon nanotube electrodes", "tokenized_text": "High - power lithium batteries from functionalized carbon nanotube electrodes", "type": "title", "id": 2}]