{
  "comment": "//leave comments here if needed",
  "contain_publication_list": "F",
  "email": "lgooding@fsu.edu",
  "filename": "911eee67-2694-4ac6-b62c-ffda6e15d6df",
  "info": "T means true, F means False. If no publications, just leave the publication structure unchanged.",
  "is_personal_homepage": "T",
  "name": "Lori Gooding",
  "name_index": [
    {
      "index_in_file": [
        [
          111,
          123
        ],
        [
          124,
          136
        ],
        [
          247,
          259
        ]
      ],
      "name_format": "Begin_First_Full End_Last_Full",
      "text": "Lori Gooding"
    },
    {
      "index_in_file": [
        [
          212,
          219
        ],
        [
          349,
          356
        ],
        [
          683,
          690
        ],
        [
          1047,
          1054
        ]
      ],
      "name_format": "Begin_Last_Full",
      "text": "Gooding"
    }
  ],
  "publications": [
    {
      "text": "COPY_SINGLE_PUBLICATION_HERE"
    },
    {
      "text": "COPY_SINGLE_PUBLICATION_HERE"
    }
  ],
  "url": "http://www.music.fsu.edu/Faculty-and-Staff/Faculty/Lori-Gooding"
}