{
  "comment": "//leave comments here if needed",
  "contain_publication_list": "F",
  "email": "Devan.Pillay@wits.ac.za",
  "filename": "03387714-1315-4b4d-a57f-0fb7d51c2ccb",
  "info": "T means true, F means False. If no publications, just leave the publication structure unchanged.",
  "is_personal_homepage": "T",
  "name": "Devan Pillay",
  "name_index": [
    {
      "index_in_file": [
        [
          191,
          203
        ]
      ],
      "name_format": "Begin_First_Full End_Last_Full",
      "text": "Devan Pillay"
    },
    {
      "index_in_file": [
        [
          133,
          145
        ],
        [
          283,
          295
        ]
      ],
      "name_format": "Begin_First_Full End_Last_Full",
      "text": "Devan.Pillay"
    }
  ],
  "publications": [
    {
      "text": "COPY_SINGLE_PUBLICATION_HERE"
    },
    {
      "text": "COPY_SINGLE_PUBLICATION_HERE"
    }
  ],
  "url": "https://www.wits.ac.za/staff/academic-a-z-listing/p/devanpillaywitsacza/"
}