{
  "comment": "//no email",
  "contain_publication_list": "F",
  "email": "",
  "filename": "586dd53e-04d6-4395-a8f4-24ce2648f1bb",
  "info": "T means true, F means False. If no publications, just leave the publication structure unchanged.",
  "is_personal_homepage": "T",
  "name": "Mark Collins",
  "name_index": [
    {
      "index_in_file": [
        [
          835,
          851
        ]
      ],
      "name_format": "Begin_First_Full End_Last_Full",
      "text": "Gregory Otterson"
    },
    {
      "index_in_file": [
        [
          900,
          922
        ]
      ],
      "name_format": "Begin_First_Full End_Last_Full",
      "text": "Bhuvaneswari Ramaswamy"
    },
    {
      "index_in_file": [
        [
          439,
          454
        ]
      ],
      "name_format": "Begin_First_Full End_Last_Full",
      "text": "Kristen Ciombor"
    },
    {
      "index_in_file": [
        [
          1069,
          1084
        ]
      ],
      "name_format": "Begin_First_Full End_Last_Full",
      "text": "Elena Tchekneva"
    },
    {
      "index_in_file": [
        [
          601,
          610
        ]
      ],
      "name_format": "Begin_First_Full End_Last_Full",
      "text": "John Hays"
    },
    {
      "index_in_file": [
        [
          669,
          682
        ]
      ],
      "name_format": "Begin_First_Full End_Last_Full",
      "text": "Bhavana Konda"
    },
    {
      "index_in_file": [
        [
          489,
          501
        ],
        [
          1156,
          1168
        ],
        [
          1173,
          1185
        ]
      ],
      "name_format": "Begin_First_Full End_Last_Full",
      "text": "Mark Collins"
    },
    {
      "index_in_file": [
        [
          558,
          572
        ]
      ],
      "name_format": "Begin_First_Full End_Last_Full",
      "text": "Adewale Fawole"
    },
    {
      "index_in_file": [
        [
          420,
          429
        ]
      ],
      "name_format": "Begin_First_Full End_Last_Full",
      "text": "Tong Chen"
    },
    {
      "index_in_file": [
        [
          506,
          515
        ]
      ],
      "name_format": "Begin_First_Full End_Last_Full",
      "text": "Jishu Das"
    },
    {
      "index_in_file": [
        [
          405,
          415
        ]
      ],
      "name_format": "Begin_First_Full End_Last_Full",
      "text": "James Chen"
    },
    {
      "index_in_file": [
        [
          1002,
          1016
        ]
      ],
      "name_format": "Begin_First_Full End_Last_Full",
      "text": "Sagar Sardesai"
    },
    {
      "index_in_file": [
        [
          710,
          725
        ]
      ],
      "name_format": "Begin_First_Full End_Last_Full",
      "text": "Maryam Lustberg"
    },
    {
      "index_in_file": [
        [
          816,
          830
        ]
      ],
      "name_format": "Begin_First_Full End_Last_Full",
      "text": "Thomas Olencki"
    },
    {
      "index_in_file": [
        [
          365,
          377
        ]
      ],
      "name_format": "Begin_First_Full End_Last_Full",
      "text": "Erin Bertino"
    },
    {
      "index_in_file": [
        [
          324,
          336
        ]
      ],
      "name_format": "Begin_First_Full End_Last_Full",
      "text": "Joseph Amann"
    },
    {
      "index_in_file": [
        [
          766,
          781
        ]
      ],
      "name_format": "Begin_First_Full End_Last_Full",
      "text": "Anterpreet Neki"
    },
    {
      "index_in_file": [
        [
          465,
          479
        ]
      ],
      "name_format": "Begin_First_Full End_Last_Full",
      "text": "Steven Clinton"
    },
    {
      "index_in_file": [
        [
          264,
          281
        ]
      ],
      "name_format": "Begin_First_Full End_Last_Full",
      "text": "Robert Wesolowski"
    },
    {
      "index_in_file": [
        [
          955,
          974
        ]
      ],
      "name_format": "Begin_First_Full End_Last_Full",
      "text": "Sameek Roychowdhury"
    },
    {
      "index_in_file": [
        [
          1032,
          1044
        ]
      ],
      "name_format": "Begin_First_Full End_Last_Full",
      "text": "Manisha Shah"
    },
    {
      "index_in_file": [
        [
          382,
          395
        ]
      ],
      "name_format": "Begin_First_Full End_Last_Full",
      "text": "David Carbone"
    },
    {
      "index_in_file": [
        [
          856,
          873
        ]
      ],
      "name_format": "Begin_First_Full End_Last_Full",
      "text": "Sandipkumar Patel"
    },
    {
      "index_in_file": [
        [
          1108,
          1125
        ]
      ],
      "name_format": "Begin_First_Full End_Last_Full",
      "text": "Jeffrey VanDeusen"
    },
    {
      "index_in_file": [
        [
          520,
          533
        ]
      ],
      "name_format": "Begin_First_Full End_Last_Full",
      "text": "Mikhail Dikov"
    },
    {
      "index_in_file": [
        [
          1051,
          1064
        ]
      ],
      "name_format": "Begin_First_Full End_Last_Full",
      "text": "Peter Shields"
    },
    {
      "index_in_file": [
        [
          1089,
          1103
        ]
      ],
      "name_format": "Begin_First_Full End_Last_Full",
      "text": "Gabriel Tinoco"
    },
    {
      "index_in_file": [
        [
          539,
          553
        ]
      ],
      "name_format": "Begin_First_Full End_Last_Full",
      "text": "Allan Espinosa"
    },
    {
      "index_in_file": [
        [
          984,
          997
        ]
      ],
      "name_format": "Begin_First_Full End_Last_Full",
      "text": "Robert Rupert"
    },
    {
      "index_in_file": [
        [
          631,
          643
        ]
      ],
      "name_format": "Begin_First_Full End_Last_Full",
      "text": "Joanne Jeter"
    },
    {
      "index_in_file": [
        [
          880,
          893
        ]
      ],
      "name_format": "Begin_First_Full End_Last_Full",
      "text": "Imran Rafique"
    },
    {
      "index_in_file": [
        [
          788,
          799
        ]
      ],
      "name_format": "Begin_First_Full End_Last_Full",
      "text": "Anne Noonan"
    },
    {
      "index_in_file": [
        [
          342,
          359
        ]
      ],
      "name_format": "Begin_First_Full End_Last_Full",
      "text": "Rajeswara Arasada"
    },
    {
      "index_in_file": [
        [
          615,
          621
        ]
      ],
      "name_format": "Begin_First_Full End_Last_Full",
      "text": "Kai He"
    },
    {
      "index_in_file": [
        [
          747,
          761
        ]
      ],
      "name_format": "Begin_First_Full End_Last_Full",
      "text": "Amir Mortazavi"
    },
    {
      "index_in_file": [
        [
          579,
          596
        ]
      ],
      "name_format": "Begin_First_Full End_Last_Full",
      "text": "Cassandra Grenade"
    },
    {
      "index_in_file": [
        [
          692,
          705
        ]
      ],
      "name_format": "Begin_First_Full End_Last_Full",
      "text": "David Liebner"
    },
    {
      "index_in_file": [
        [
          935,
          950
        ]
      ],
      "name_format": "Begin_First_Full End_Last_Full",
      "text": "Raquel Reinbolt"
    },
    {
      "index_in_file": [
        [
          648,
          659
        ]
      ],
      "name_format": "Begin_First_Full End_Last_Full",
      "text": "Kari Kendra"
    },
    {
      "index_in_file": [
        [
          304,
          319
        ]
      ],
      "name_format": "Begin_First_Full End_Last_Full",
      "text": "Nicole Williams"
    },
    {
      "index_in_file": [
        [
          286,
          299
        ]
      ],
      "name_format": "Begin_First_Full End_Last_Full",
      "text": "Muhammed Alam"
    },
    {
      "index_in_file": [
        [
          730,
          742
        ]
      ],
      "name_format": "Begin_First_Initial Inside_Middle_Full End_Last_Full",
      "text": "J. Paul Monk"
    },
    {
      "index_in_file": [
        [
          1615,
          1622
        ],
        [
          1883,
          1890
        ]
      ],
      "name_format": "Begin_Last_Full",
      "text": "Collins"
    }
  ],
  "publications": [
    {
      "text": "COPY_SINGLE_PUBLICATION_HERE"
    },
    {
      "text": "COPY_SINGLE_PUBLICATION_HERE"
    }
  ],
  "url": "https://internalmedicine.osu.edu/medicaloncology/directory/mcollins/index.cfm"
}