{
  "comment": "//leave comments here if needed",
  "contain_publication_list": "F",
  "email": "f.strobel@bham.ac.uk",
  "filename": "d7e8eaab-5e30-48f3-9a6f-75d455cfce8a",
  "info": "T means true, F means False. If no publications, just leave the publication structure unchanged.",
  "is_personal_homepage": "T",
  "name": "Frank Strobel",
  "name_index": [
    {
      "index_in_file": [
        [
          168,
          181
        ],
        [
          474,
          487
        ]
      ],
      "name_format": "Begin_First_Full End_Last_Full",
      "text": "Frank Strobel"
    },
    {
      "in_email": "Before_At",
      "index_in_file": [
        [
          303,
          312
        ]
      ],
      "name_format": "Begin_First_Initial End_Last_Full",
      "text": "f.strobel"
    }
  ],
  "publications": [
    {
      "text": "COPY_SINGLE_PUBLICATION_HERE"
    },
    {
      "text": "COPY_SINGLE_PUBLICATION_HERE"
    }
  ],
  "url": "http://www.birmingham.ac.uk/schools/business/staff/profile.aspx?ReferenceId=6202&Name=dr-frank-strobel"
}