{
  "comment": "//leave comments here if needed",
  "contain_publication_list": "F",
  "email": "cchavez4@uoregon.edu",
  "filename": "8aa4bf3c-cb46-414a-95fa-491d8f3850b5",
  "info": "T means true, F means False. If no publications, just leave the publication structure unchanged.",
  "is_personal_homepage": "T",
  "name": "Christopher Chavez",
  "name_index": [
    {
      "index_in_file": [
        [
          976,
          994
        ]
      ],
      "name_format": "Begin_First_Full End_Last_Full",
      "text": "Christopher Chavez"
    },
    {
      "in_email": "Before_At",
      "index_in_file": [
        [
          1066,
          1073
        ]
      ],
      "name_format": "Begin_First_Initial_Last_Full",
      "text": "cchavez"
    }
  ],
  "publications": [
    {
      "text": "COPY_SINGLE_PUBLICATION_HERE"
    },
    {
      "text": "COPY_SINGLE_PUBLICATION_HERE"
    }
  ],
  "url": "http://las.uoregon.edu/profile/cchavez4/"
}