{
  "comment": "//leave comments here if needed",
  "contain_publication_list": "F",
  "email": "stephanie.topp@jcu.edu.au",
  "filename": "f98db2f8-2ea2-4e56-b468-6c932a13e188",
  "info": "T means true, F means False. If no publications, just leave the publication structure unchanged.",
  "is_personal_homepage": "T",
  "name": "Stephanie Topp",
  "name_index": [
    {
      "index_in_file": [
        [
          3281,
          3291
        ]
      ],
      "name_format": "Begin_First_Full End_Last_Full",
      "text": "Komla Tsey"
    },
    {
      "index_in_file": [
        [
          3211,
          3224
        ]
      ],
      "name_format": "Begin_First_Full End_Last_Full",
      "text": "Robyn Preston"
    },
    {
      "index_in_file": [
        [
          3446,
          3462
        ]
      ],
      "name_format": "Begin_First_Full End_Last_Full",
      "text": "Maxine Whittaker"
    },
    {
      "index_in_file": [
        [
          3332,
          3341
        ]
      ],
      "name_format": "Begin_First_Full End_Last_Full",
      "text": "Robin Ray"
    },
    {
      "index_in_file": [
        [
          3377,
          3391
        ]
      ],
      "name_format": "Begin_First_Full End_Last_Full",
      "text": "Lachlan McIver"
    },
    {
      "index_in_file": [
        [
          107,
          121
        ],
        [
          353,
          367
        ]
      ],
      "name_format": "Begin_First_Full End_Last_Full",
      "text": "Stephanie Topp"
    },
    {
      "index_in_file": [
        [
          432,
          441
        ],
        [
          2776,
          2785
        ]
      ],
      "name_format": "Begin_First_Full",
      "text": "Stephanie"
    }
  ],
  "publications": [
    {
      "text": "COPY_SINGLE_PUBLICATION_HERE"
    },
    {
      "text": "COPY_SINGLE_PUBLICATION_HERE"
    }
  ],
  "url": "https://research.jcu.edu.au/portfolio/stephanie.topp"
}