{
  "comment": "//leave comments here if needed",
  "contain_publication_list": "F",
  "email": "suo@seas.harvard.edu",
  "filename": "f6abdb8c-ba12-4ed5-89f3-d75fcf92b90e",
  "info": "T means true, F means False. If no publications, just leave the publication structure unchanged.",
  "is_personal_homepage": "T",
  "name": "Zhigang Suo",
  "name_index": [
    {
      "index_in_file": [
        [
          26,
          37
        ]
      ],
      "name_format": "Begin_First_Full End_Last_Full",
      "text": "Zhigang Suo"
    },
    {
      "index_in_file": [
        [
          4354,
          4363
        ]
      ],
      "name_format": "Begin_First_Full End_Last_Full",
      "text": "Nanshu Lu"
    },
    {
      "index_in_file": [
        [
          660,
          663
        ],
        [
          1571,
          1574
        ],
        [
          2051,
          2054
        ],
        [
          3272,
          3275
        ],
        [
          3534,
          3537
        ],
        [
          4047,
          4050
        ]
      ],
      "name_format": "Begin_Last_Full",
      "text": "Suo"
    }
  ],
  "publications": [
    {
      "text": "COPY_SINGLE_PUBLICATION_HERE"
    },
    {
      "text": "COPY_SINGLE_PUBLICATION_HERE"
    }
  ],
  "url": "http://www.seas.harvard.edu/directory/suo"
}