{
  "comment": "//leave comments here if needed",
  "contain_publication_list": "F",
  "email": "",
  "filename": "71eee5fe-532c-48b9-8450-a37989ddd9e3",
  "info": "T means true, F means False. If no publications, just leave the publication structure unchanged.",
  "is_personal_homepage": "T",
  "name": "Anat Geva",
  "name_index": [
    {
      "index_in_file": [
        [
          166,
          175
        ],
        [
          201,
          210
        ],
        [
          211,
          220
        ]
      ],
      "name_format": "Begin_First_Full End_Last_Full",
      "text": "Anat Geva"
    }
  ],
  "publications": [
    {
      "text": "COPY_SINGLE_PUBLICATION_HERE"
    },
    {
      "text": "COPY_SINGLE_PUBLICATION_HERE"
    }
  ],
  "url": "http://faculty-new.arch.tamu.edu/ageva"
}