{
  "comment": "//leave comments here if needed",
  "contain_publication_list": "T",
  "email": "couples@uw.edu",
  "filename": "b75b9cb3-d265-4f2e-ab83-ac267cdf57a8",
  "info": "T means true, F means False. If no publications, just leave the publication structure unchanged.",
  "is_personal_homepage": "T",
  "name": "Pepper Schwartz",
  "name_index": [
    {
      "index_in_file": [
        [
          218,
          233
        ],
        [
          1711,
          1726
        ]
      ],
      "name_format": "Begin_First_Full End_Last_Full",
      "text": "Pepper Schwartz"
    },
    {
      "index_in_file": [
        [
          611,
          625
        ]
      ],
      "name_format": "Begin_First_Full End_Last_Full",
      "text": "Martha Kempner"
    },
    {
      "index_in_file": [
        [
          590,
          606
        ]
      ],
      "name_format": "Begin_Last_Full End_First_Full",
      "text": "Schwartz, Pepper"
    }
  ],
  "publications": [
    {
      "length": 95,
      "line_num": [
        39
      ],
      "start_index_in_file": 590,
      "text": "Schwartz, Pepper and Martha Kempner. Fifty Great Myths about Human Sexuality. Wiley Press, 2015"
    }
  ],
  "url": "https://soc.washington.edu/people/pepper-schwartz"
}