{
  "comment": "//leave comments here if needed",
  "contain_publication_list": "F",
  "email": "hickey7@purdue.edu",
  "filename": "f02699cd-aaf8-4336-bf3a-6ec7b0a21bad",
  "info": "T means true, F means False. If no publications, just leave the publication structure unchanged.",
  "is_personal_homepage": "T",
  "name": "Kathleen Hickey",
  "name_index": [
    {
      "index_in_file": [
        [
          75,
          90
        ],
        [
          343,
          358
        ]
      ],
      "name_format": "Begin_First_Full End_Last_Full",
      "text": "Kathleen Hickey"
    },
    {
      "index_in_file": [
        [
          304,
          310
        ],
        [
          741,
          747
        ]
      ],
      "name_format": "Begin_Last_Full",
      "text": "Hickey"
    }
  ],
  "publications": [
    {
      "text": "COPY_SINGLE_PUBLICATION_HERE"
    },
    {
      "text": "COPY_SINGLE_PUBLICATION_HERE"
    }
  ],
  "url": "https://www.cla.purdue.edu/academic/vpa/dance/directory/index.aspx?p=Kathleen_Hickey"
}