{
  "comment": "//leave comments here if needed",
  "contain_publication_list": "F",
  "email": "thomas.e.johnson@colostate.edu",
  "filename": "7c692b59-1e83-448f-88d1-c14b01484890",
  "info": "T means true, F means False. If no publications, just leave the publication structure unchanged.",
  "is_personal_homepage": "T",
  "name": "Thomas E Johnson",
  "name_index": [
    {
      "index_in_file": [
        [
          369,
          385
        ]
      ],
      "name_format": "Begin_First_Full Inside_Middle_Initial End_Last_Full",
      "text": "Thomas E Johnson"
    },
    {
      "in_email": "Before_At",
      "index_in_file": [
        [
          450,
          466
        ]
      ],
      "name_format": "Begin_First_Full Inside_Middle_Initial End_Last_Full",
      "text": "thomas.e.johnson"
    },
    {
      "index_in_file": [
        [
          551,
          565
        ]
      ],
      "name_format": "Begin_First_Full_Last_Full",
      "text": "thomas-johnson"
    }
  ],
  "publications": [
    {
      "text": "COPY_SINGLE_PUBLICATION_HERE"
    },
    {
      "text": "COPY_SINGLE_PUBLICATION_HERE"
    }
  ],
  "url": "http://www.cvmbs.colostate.edu/DirectorySearch/Search/MemberProfile/CVMBS/3990/Johnson/Thomas"
}