{
  "comment": "//leave comments here if needed",
  "contain_publication_list": "T",
  "email": "k.tay@auckland.ac.nz",
  "filename": "b559ac73-44e3-4797-b938-f6ca37fd59a6",
  "info": "T means true, F means False. If no publications, just leave the publication structure unchanged.",
  "is_personal_homepage": "T",
  "name": "Kai Yie Tay",
  "name_index": [
    {
      "index_in_file": [
        [
          234,
          245
        ]
      ],
      "name_format": "Begin_First_Full Inside_Middle_Full End_Last_Full",
      "text": "Kai Yie Tay"
    },
    {
      "index_in_file": [
        [
          382,
          388
        ]
      ],
      "name_format": "Begin_Last_Full End_First_Initial",
      "text": "Tay, K"
    }
  ],
  "publications": [
    {
      "length": 141,
      "line_num": [
        17
      ],
      "start_index_in_file": 382,
      "text": "Tay, K. (2016). The cardiovascular effects of preterm birth and neonatal anaemia in sheep The University of Auckland. ResearchSpace@Auckland."
    }
  ],
  "url": "https://unidirectory.auckland.ac.nz/profile/k-tay"
}