{
  "comment": "//leave comments here if needed",
  "contain_publication_list": "F",
  "email": "cezar.zota@eit.lth.se",
  "filename": "16d3c58d-fd95-4d3f-bd9b-a9dbbf83227b",
  "info": "T means true, F means False. If no publications, just leave the publication structure unchanged.",
  "is_personal_homepage": "T",
  "name": "Cezar Zota",
  "name_index": [
    {
      "index_in_file": [
        [
          269,
          279
        ],
        [
          280,
          290
        ],
        [
          291,
          301
        ],
        [
          364,
          374
        ]
      ],
      "name_format": "Begin_First_Full End_Last_Full",
      "text": "Cezar Zota"
    }
  ],
  "publications": [
    {
      "text": "COPY_SINGLE_PUBLICATION_HERE"
    },
    {
      "text": "COPY_SINGLE_PUBLICATION_HERE"
    }
  ],
  "url": "http://www.eit.lth.se/staff/cezar.zota"
}