{
  "comment": "//leave comments here if needed",
  "contain_publication_list": "F",
  "email": "yichen.hu@anu.edu.au",
  "filename": "c3f0493b-a5d3-4d1f-8278-c878aa218f50",
  "info": "T means true, F means False. If no publications, just leave the publication structure unchanged.",
  "is_personal_homepage": "T",
  "name": "Yichen Hu",
  "name_index": [
    {
      "index_in_file": [
        [
          1104,
          1120
        ]
      ],
      "name_format": "Begin_First_Full End_Last_Full",
      "text": "Dinusha Vatsalan"
    },
    {
      "index_in_file": [
        [
          1089,
          1098
        ]
      ],
      "name_format": "Begin_First_Full End_Last_Full",
      "text": "Qing Wang"
    },
    {
      "index_in_file": [
        [
          1073,
          1087
        ]
      ],
      "name_format": "Begin_First_Full End_Last_Full",
      "text": "Peter Christen"
    },
    {
      "index_in_file": [
        [
          265,
          274
        ],
        [
          278,
          287
        ],
        [
          417,
          426
        ]
      ],
      "name_format": "Begin_First_Full End_Last_Full",
      "text": "Yichen Hu"
    },
    {
      "in_email": "BEFORE_AT",
      "index_in_file": [
        [
          355,
          364
        ]
      ],
      "name_format": "Begin_First_Full End_Last_Full",
      "text": "yichen.hu"
    }
  ],
  "publications": [
    {
      "text": "COPY_SINGLE_PUBLICATION_HERE"
    },
    {
      "text": "COPY_SINGLE_PUBLICATION_HERE"
    }
  ],
  "url": "http://people.cecs.anu.edu.au/user/5656"
}