{
  "comment": "//leave comments here if needed",
  "contain_publication_list": "T",
  "email": "mudalyv@ukzn.ac.za",
  "filename": "72f7173b-e9ad-4e9a-b267-ca082f7da010",
  "info": "T means true, F means False. If no publications, just leave the publication structure unchanged.",
  "is_personal_homepage": "T",
  "name": "Viloman Mudaly",
  "name_index": [
    {
      "index_in_file": [
        [
          6624,
          6637
        ]
      ],
      "name_format": "Begin_Last_Full End_First_Initial",
      "text": "Rampersad, R."
    },
    {
      "index_in_file": [
        [
          7235,
          7247
        ]
      ],
      "name_format": "Begin_Last_Full End_First_Initial",
      "text": "Sriraman, B."
    },
    {
      "index_in_file": [
        [
          7524,
          7532
        ]
      ],
      "name_format": "Begin_Last_Full End_First_Initial",
      "text": "Bizony M"
    },
    {
      "index_in_file": [
        [
          8830,
          8839
        ]
      ],
      "name_format": "Begin_Last_Full End_First_Initial",
      "text": "Mudaly, R"
    },
    {
      "index_in_file": [
        [
          8405,
          8413
        ]
      ],
      "name_format": "Begin_Last_Full End_First_Initial",
      "text": "Julie, C"
    },
    {
      "index_in_file": [
        [
          3883,
          3893
        ],
        [
          4068,
          4078
        ],
        [
          4201,
          4211
        ],
        [
          4399,
          4409
        ],
        [
          4545,
          4555
        ],
        [
          4748,
          4758
        ],
        [
          4922,
          4932
        ],
        [
          5096,
          5106
        ],
        [
          5236,
          5246
        ],
        [
          5396,
          5406
        ],
        [
          5576,
          5586
        ],
        [
          5709,
          5719
        ],
        [
          5878,
          5888
        ],
        [
          6101,
          6111
        ],
        [
          6293,
          6303
        ],
        [
          6396,
          6406
        ],
        [
          6609,
          6619
        ],
        [
          6862,
          6872
        ],
        [
          7023,
          7033
        ],
        [
          7128,
          7138
        ],
        [
          7259,
          7269
        ],
        [
          7376,
          7386
        ],
        [
          7550,
          7560
        ],
        [
          7719,
          7729
        ],
        [
          7934,
          7944
        ],
        [
          8223,
          8233
        ],
        [
          8658,
          8668
        ],
        [
          8844,
          8854
        ],
        [
          9086,
          9096
        ],
        [
          9302,
          9312
        ],
        [
          9560,
          9570
        ],
        [
          9723,
          9733
        ]
      ],
      "name_format": "Begin_Last_Full End_First_Initial",
      "text": "Mudaly, V."
    },
    {
      "index_in_file": [
        [
          8391,
          8400
        ]
      ],
      "name_format": "Begin_Last_Full End_First_Initial",
      "text": "Mudaly, V"
    },
    {
      "index_in_file": [
        [
          4560,
          4571
        ]
      ],
      "name_format": "Begin_Last_Full End_First_Initial",
      "text": "Dowlath, E."
    },
    {
      "index_in_file": [
        [
          6411,
          6426
        ]
      ],
      "name_format": "Begin_Last_Full End_First_Initial",
      "text": "Moore-Russo, D."
    },
    {
      "index_in_file": [
        [
          4763,
          4772
        ]
      ],
      "name_format": "Begin_Last_Full End_First_Initial",
      "text": "Reddy, L."
    },
    {
      "index_in_file": [
        [
          3898,
          3909
        ]
      ],
      "name_format": "Begin_Last_Full End_First_Initial",
      "text": "Moodley, U."
    },
    {
      "index_in_file": [
        [
          7683,
          7696
        ]
      ],
      "name_format": "Begin_Last_Full End_First_Initial",
      "text": "Mamokgethi S."
    },
    {
      "index_in_file": [
        [
          7701,
          7711
        ]
      ],
      "name_format": "Begin_Last_Full End_First_Initial",
      "text": "Schafer M."
    },
    {
      "index_in_file": [
        [
          5411,
          5422
        ]
      ],
      "name_format": "Begin_Last_Full End_First_Initial",
      "text": "Sukhdeo, S."
    },
    {
      "index_in_file": [
        [
          7510,
          7519
        ]
      ],
      "name_format": "Begin_Last_Full End_First_Initial",
      "text": "Graven, M"
    },
    {
      "index_in_file": [
        [
          5724,
          5734
        ]
      ],
      "name_format": "Begin_Last_Full End_First_Initial",
      "text": "Naidoo, J."
    },
    {
      "index_in_file": [
        [
          9252,
          9267
        ]
      ],
      "name_format": "Begin_First_Full End_Last_Full",
      "text": "Sonica Froneman"
    },
    {
      "index_in_file": [
        [
          9669,
          9680
        ]
      ],
      "name_format": "Begin_First_Full End_Last_Full",
      "text": "Jaap Kuiper"
    },
    {
      "index_in_file": [
        [
          550,
          564
        ],
        [
          565,
          579
        ]
      ],
      "name_format": "Begin_First_Full End_Last_Full",
      "text": "Viloman Mudaly"
    },
    {
      "index_in_file": [
        [
          9497,
          9513
        ]
      ],
      "name_format": "Begin_First_Full End_Last_Full",
      "text": "Lorraine Burgess"
    },
    {
      "index_in_file": [
        [
          9272,
          9288
        ]
      ],
      "name_format": "Begin_First_Full End_Last_Full",
      "text": "Pentecost Nkhoma"
    },
    {
      "index_in_file": [
        [
          9235,
          9250
        ]
      ],
      "name_format": "Begin_First_Full End_Last_Full",
      "text": "Susan Nieuwoudt"
    },
    {
      "index_in_file": [
        [
          7885,
          7896
        ]
      ],
      "name_format": "Begin_First_Full End_Last_Full",
      "text": "Werner Blum"
    },
    {
      "index_in_file": [
        [
          7901,
          7919
        ]
      ],
      "name_format": "Begin_First_Full End_Last_Full",
      "text": "Hans-Wolfgang Henn"
    },
    {
      "index_in_file": [
        [
          9477,
          9492
        ]
      ],
      "name_format": "Begin_First_Full End_Last_Full",
      "text": "Shaheeda Jaffer"
    },
    {
      "index_in_file": [
        [
          6986,
          6996
        ]
      ],
      "name_format": "Begin_Last_Full Inside_First_Initial End_Middle_Initial",
      "text": "Maree J G."
    },
    {
      "index_in_file": [
        [
          4414,
          4426
        ]
      ],
      "name_format": "Begin_Last_Full Inside_First_Initial End_Middle_Initial",
      "text": "Uddin, R. S."
    },
    {
      "index_in_file": [
        [
          4937,
          4949
        ]
      ],
      "name_format": "Begin_Last_Full Inside_First_Initial End_Middle_Initial",
      "text": "Singh, R. I."
    },
    {
      "index_in_file": [
        [
          4216,
          4228
        ]
      ],
      "name_format": "Begin_Last_Full Inside_First_Initial End_Middle_Initial",
      "text": "Jugoo, R. V."
    },
    {
      "index_in_file": [
        [
          5251,
          5264
        ]
      ],
      "name_format": "Begin_Last_Full Inside_First_Initial End_Middle_Initial",
      "text": "Budaloo, V.R."
    },
    {
      "index_in_file": [
        [
          7949,
          7964
        ],
        [
          8238,
          8253
        ]
      ],
      "name_format": "Begin_Last_Full Inside_Last_Full End_First_Initial",
      "text": "De Villiers, M."
    },
    {
      "index_in_file": [
        [
          8774,
          8788
        ]
      ],
      "name_format": "Begin_First_Initial_Middle_Initial Inside_Last_Full End_Last_Full",
      "text": "MD de Villiers"
    },
    {
      "index_in_file": [
        [
          8585,
          8605
        ]
      ],
      "name_format": "Begin_Last_Full Inside_Last_Full Inside_First_Full End_Middle_Initial",
      "text": "Werner Blum, Peter L"
    },
    {
      "index_in_file": [
        [
          2785,
          2793
        ]
      ],
      "name_format": "Begin_First_Initial End_Last_Full",
      "text": "V Mudaly"
    },
    {
      "in_email": "BEFORE_AT",
      "index_in_file": [
        [
          700,
          707
        ]
      ],
      "name_format": "Begin_Last_Full_First_Initial",
      "text": "mudalyv"
    }
  ],
  "publications": [
    {
      "length": 203,
      "line_num": [
        83
      ],
      "start_index_in_file": 3864,
      "text": "Published in 2016: Mudaly, V. and Moodley, U. (2015) A study of learners\u2019 conceptual development in mathematics in a grade eight class using concept mapping. Journal of Educational Studies 14 (1): 20 -40"
    },
    {
      "length": 132,
      "line_num": [
        84
      ],
      "start_index_in_file": 4068,
      "text": "Mudaly, V. (2016). (Re)-Forming Pre-Service Mathematics Teacher Education. International Scientific Researches Journal, 72(7): 65-82"
    },
    {
      "length": 197,
      "line_num": [
        85
      ],
      "start_index_in_file": 4201,
      "text": "Mudaly, V. and Jugoo, R. V. (2016) The use of Action Research in a Computer Programming module taught using a Blended Learning Environment. International Scientific Researches Journal, 72(9): 52-69"
    },
    {
      "length": 145,
      "line_num": [
        86
      ],
      "start_index_in_file": 4399,
      "text": "Mudaly, V. and Uddin, R. S. (2016) Technology in Mathematics: Use of GeoGebra applets International Scientific Researches Journal, 72(9): 190-212"
    },
    {
      "length": 202,
      "line_num": [
        87
      ],
      "start_index_in_file": 4545,
      "text": "Mudaly, V. and Dowlath, E. (2016) Pre-service teachers\u2019 use of mathematical modelling. International Scientific Researches Journal, 72(8): 59-79 International Scientific Researches Journal, 72(8): 59-79"
    },
    {
      "length": 173,
      "line_num": [
        88
      ],
      "start_index_in_file": 4748,
      "text": "Mudaly, V. and Reddy, L. (2016). The role of visualisation in the proving process of Euclidean geometry problems. International Scientific Researches Journal, 72(8): 178-204"
    },
    {
      "length": 173,
      "line_num": [
        89
      ],
      "start_index_in_file": 4922,
      "text": "Mudaly, V. and Singh, R. I. (2016). Teachers\u2019 use of multiple representations when teaching Mathematics Literacy. International Scientific Researches Journal, 72(6): 346-367"
    },
    {
      "length": 139,
      "line_num": [
        90
      ],
      "start_index_in_file": 5096,
      "text": "Mudaly, V. (2016). Pre-service teachers\u2019 understanding of the concept of proof. International Scientific Researches Journal, 72(5): 137-158"
    },
    {
      "length": 159,
      "line_num": [
        91
      ],
      "start_index_in_file": 5236,
      "text": "Mudaly, V. and Budaloo, V.R. (2016). The Use of Visual Reasoning by Successful Mathematics Teachers. International Scientific Researches Journal, 72 (6): 26-51"
    },
    {
      "length": 179,
      "line_num": [
        92
      ],
      "start_index_in_file": 5396,
      "text": "Mudaly, V. and Sukhdeo, S. (2015). Mathematics Learning in the Midst of School Transition from Primary to Secondary School. International Journal of Social Sciences 11(3): 244-252"
    },
    {
      "length": 132,
      "line_num": [
        93
      ],
      "start_index_in_file": 5576,
      "text": "Mudaly, V. (2015). Pre-service Teacher Knowledge: Thinking about conceptual understanding. International Journal of Social Sciences."
    },
    {
      "length": 168,
      "line_num": [
        94
      ],
      "start_index_in_file": 5709,
      "text": "Mudaly, V. and Naidoo, J. (2015). The concrete-representational-abstract sequence of instruction in mathematics classrooms. Perspectives in Education, 33 (1), pp 45-59."
    },
    {
      "length": 222,
      "line_num": [
        95
      ],
      "start_index_in_file": 5878,
      "text": "Mudaly, V. (2014). A Visualisation-based Semiotic Analysis of Learners\u2019 Conceptual Understanding of Graphical Functional Relationships. African Journal of Research in Mathematics, Science and Technology Education. pp 2-11."
    },
    {
      "length": 191,
      "line_num": [
        96
      ],
      "start_index_in_file": 6101,
      "text": "Mudaly, V. (2013). Is proving a visual act? Mevlana International Journal of Education (MIJE) Vol. 3(3). Special Issue: Special Issue: Dynamic and Interactive Mathematics Learning Environment"
    },
    {
      "length": 102,
      "line_num": [
        97
      ],
      "start_index_in_file": 6293,
      "text": "Mudaly, V. (2012). Diagrams in Mathematics: To draw or not to draw? Perspectives in Education, 30 (2)."
    },
    {
      "length": 212,
      "line_num": [
        98
      ],
      "start_index_in_file": 6396,
      "text": "Mudaly, V. and Moore-Russo, D. (2011). South African Teachers\u2019 conceptualisations of gradient: A study of historically disadvantaged teachers in an Advanced Certificate in Education programme. Pythagoras, 32 (1)."
    },
    {
      "length": 252,
      "line_num": [
        99
      ],
      "start_index_in_file": 6609,
      "text": "Mudaly, V. and Rampersad, R. (2010). The role of visualisation in learners\u2019 conceptual understanding of graphical functional relationships. African Journal of Research in Mathematics, Science and Technology Education. Volume 14 Issue 1. UNISA (36 \u2013 48)"
    },
    {
      "length": 160,
      "line_num": [
        100
      ],
      "start_index_in_file": 6862,
      "text": "Mudaly, V. (2009). Iterative processes in mathematics education. Perspectives in Education, 27 (3), September 2009. Editor: Maree J G. Science Africa. Pretoria."
    },
    {
      "length": 104,
      "line_num": [
        101
      ],
      "start_index_in_file": 7023,
      "text": "Mudaly, V. (2007). Proof and Proving in Secondary Schools. Pythagoras, 66, December 2007. AMESA (64-75)."
    },
    {
      "length": 130,
      "line_num": [
        102
      ],
      "start_index_in_file": 7128,
      "text": "Mudaly, V. (2007). Can our learners model in mathematics? The Montana Mathematics Enthusiast, (1). Editor: Sriraman, B. (93 - 102)"
    },
    {
      "length": 116,
      "line_num": [
        103
      ],
      "start_index_in_file": 7259,
      "text": "Mudaly, V. (2006). Mathematical Modelling using Sketchpad. Bulletin for Academic Staff and Students, 16 (1). (19-31)"
    },
    {
      "length": 173,
      "line_num": [
        104
      ],
      "start_index_in_file": 7376,
      "text": "Mudaly, V. (2006). Marking Matric scripts is a learning process. Learning and Teaching Mathematics: A Journal of AMESA, (3). Editors: Graven, M and Bizony M. AMESA (41 \u2013 46)"
    },
    {
      "length": 168,
      "line_num": [
        105
      ],
      "start_index_in_file": 7550,
      "text": "Mudaly, V. (1994). Modelling of real-world problems is often the starting point for proof. Pythagoras, (60), December 2004. Editors: Mamokgethi S. and Schafer M. AMESA."
    },
    {
      "length": 214,
      "line_num": [
        106
      ],
      "start_index_in_file": 7719,
      "text": "Mudaly, V. (2004). Modeling of real-world problems is often the starting point of proof. ICMI Study 14: Applications and Modelling in Mathematics Education. Editors: Werner Blum and Hans-Wolfgang Henn. (187 \u2013 192)."
    },
    {
      "length": 288,
      "line_num": [
        107
      ],
      "start_index_in_file": 7934,
      "text": "Mudaly, V. and De Villiers, M. (2000). Pupils\u2019 needs for conviction and explanation within the context of dynamic geometry. Proceedings of the Sixth National Congress of the Association for Mathematics Education in South Africa. Editor: Artha Beukes. Bloemfontein. Hooglandpers. (210-216)"
    },
    {
      "length": 148,
      "line_num": [
        108
      ],
      "start_index_in_file": 8223,
      "text": "Mudaly, V. and De Villiers, M. (2000). Learners\u2019 needs for conviction and explanation within the context of dynamic geometry. Pythagoras, 52, 20-23."
    },
    {
      "length": 242,
      "line_num": [
        109
      ],
      "start_index_in_file": 8391,
      "text": "Mudaly, V and Julie, C (2006). Mathematical Modelling of Social Issues in School Mathematics in South Africa. This is an ICMI Book: Modelling and Applications in Mathematics Education. Editors: Werner Blum, Peter L. Galbraith and Mogens Niss."
    },
    {
      "length": 171,
      "line_num": [
        110
      ],
      "start_index_in_file": 8658,
      "text": "Mudaly, V. (2010). Can diagrams help in solving problems? Proceedings of the 16th Annual Congress of AMESA. Editor: MD de Villiers. Durban, 28 March to 1 April. (166 -173)"
    },
    {
      "length": 255,
      "line_num": [
        111
      ],
      "start_index_in_file": 8830,
      "text": "Mudaly, R and Mudaly, V. (2006). Empowering secondary school learners to explore risk perceptions and the role of gender among young people in the context of HIV / AIDS. New Frontiers in School Science and Technology. SAASTE CONFERENCE- 03 - 06 July 2006."
    },
    {
      "length": 215,
      "line_num": [
        112
      ],
      "start_index_in_file": 9086,
      "text": "Mudaly, V. (2004). Mathematical Modelling and Proof. The Tenth Annual Congress of the Association of Mathematics Education of South Africa. Editors: Susan Nieuwoudt, Sonica Froneman and Pentecost Nkhoma. (177 \u2013 182)"
    },
    {
      "length": 257,
      "line_num": [
        113
      ],
      "start_index_in_file": 9302,
      "text": "Mudaly, V. (2003) Real World Mathematics for the Real World. Proceedings of the Ninth National Congress of the Association for Mathematics Education in South Africa. Editors: Shaheeda Jaffer and Lorraine Burgess. Volume 1 (356-361). University of Cape Town."
    },
    {
      "length": 162,
      "line_num": [
        114
      ],
      "start_index_in_file": 9560,
      "text": "Mudaly, V. (1999). Who said that proof was boring? Proceedings of the 7th Annual SAARMSE Conference. Editor: Jaap Kuiper. January 13-16 Harare, Zimbabwe. SAARMSE."
    },
    {
      "length": 214,
      "line_num": [
        115
      ],
      "start_index_in_file": 9723,
      "text": "Mudaly, V. (1997). Who said that proof was boring? Proceedings of the Third National Congress of the Association for Mathematics Education in South Africa. Editors: M. de Villiers and P. Kelsall. Durban (123 \u2013 130)"
    }
  ],
  "url": "http://soe.ukzn.ac.za/staff-profile/mathematics-and-computer-science-education/viloman-mudaly.aspx"
}