[{"begin": 227, "end": 386, "text": "of maternal plasma reliably identifies trisomy 18 and trisomy 13 as well as Down syndrome: an international collaborative study Genetics in medicine : official", "tokenized_text": "of maternal plasma reliably identifies trisomy 18 and trisomy 13 as well as Down syndrome : an international collaborative study Genetics in medicine : official", "type": "title", "id": 0}, {"begin": 387, "end": 438, "text": "journal of the American College of Medical Genetics", "tokenized_text": "journal of the American College of Medical Genetics", "type": "venue", "id": 1}, {"begin": 440, "end": 444, "text": "2012", "tokenized_text": "2012", "type": "year", "id": 2}, {"begin": 0, "end": 226, "text": "Palomaki Glenn E, Deciu Cosmin, Kloza Edward M, Lambert-Messerlian Geralyn M, Haddow James E, Neveux Louis M, Ehrich Mathias, van den Boom Dirk, Bombard Allan T, Grody Wayne W, Nelson Stanley F, Canick Jacob A   DNA sequencing", "tokenized_text": "Palomaki Glenn E , Deciu Cosmin , Kloza Edward M , Lambert - Messerlian Geralyn M , Haddow James E , Neveux Louis M , Ehrich Mathias , van den Boom Dirk , Bombard Allan T , Grody Wayne W , Nelson Stanley F , Canick Jacob A DNA sequencing", "type": "authors", "id": 3}]