[{"begin": 243, "end": 248, "text": "novel", "tokenized_text": "novel", "type": "title", "id": 0}, {"begin": 249, "end": 337, "text": "brain expressed genes Journal of the American Academy of Child and Adolescent Psychiatry", "tokenized_text": "brain expressed genes Journal of the American Academy of Child and Adolescent Psychiatry", "type": "venue", "id": 1}, {"begin": 339, "end": 343, "text": "2012", "tokenized_text": "2012", "type": "year", "id": 2}, {"begin": 0, "end": 171, "text": "Loo Sandra K, Shtir Corina, Doyle Alysa E, Mick Eric, McGough James J, McCracken James, Biederman Joseph, Smalley Susan L, Cantor Rita M, Faraone Stephen V, Nelson Stanley", "tokenized_text": "Loo Sandra K , Shtir Corina , Doyle Alysa E , Mick Eric , McGough James J , McCracken James , Biederman Joseph , Smalley Susan L , Cantor Rita M , Faraone Stephen V , Nelson Stanley", "type": "authors", "id": 3}, {"begin": 172, "end": 242, "text": "F   Genome-wide association study of intelligence: additive effects of", "tokenized_text": "F Genome - wide association study of intelligence : additive effects of", "type": "title", "id": 4}]