[{"begin": 0, "end": 231, "text": "Elia Josephine, Glessner Joseph T, Wang Kai, Takahashi Nagahide, Shtir Corina J, Hadley Dexter, Sleiman Patrick M A, Zhang Haitao, Kim Cecilia E, Robison Reid, Lyon Gholson J, Flory James H, Bradfield Jonathan P, Imielinski Marcin,", "tokenized_text": "Elia Josephine , Glessner Joseph T , Wang Kai , Takahashi Nagahide , Shtir Corina J , Hadley Dexter , Sleiman Patrick M A , Zhang Haitao , Kim Cecilia E , Robison Reid , Lyon Gholson J , Flory James H , Bradfield Jonathan P , Imielinski Marcin ,", "type": "authors", "id": 0}, {"begin": 724, "end": 966, "text": "Warnke Andreas, Walitza Susanne, Meyer Jobst, PÃ¡lmason Haukur, Seitz Christiane, Loo Sandra K, Smalley Susan L, Biederman Joseph, Kent Lindsey, Asherson Philip, Anney Richard J L, Gaynor J William, Shaw Philip, Devoto Marcella, White Peter", "tokenized_text": "Warnke Andreas , Walitza Susanne , Meyer Jobst , PÃ¡lmason Haukur , Seitz Christiane , Loo Sandra K , Smalley Susan L , Biederman Joseph , Kent Lindsey , Asherson Philip , Anney Richard J L , Gaynor J William , Shaw Philip , Devoto Marcella , White Peter S", "type": "authors", "id": 1}, {"begin": 485, "end": 723, "text": "Franke Barbara, Mick Eric O, Roeyers Herbert, Buitelaar Jan, Lesch Klaus-Peter, Banaschewski Tobias, Ebstein Richard P, Mulas Fernando, Oades Robert D, Sergeant Joseph, Sonuga-Barke Edmund, Renner Tobias J, Romanos Marcel, Romanos Jasmin,", "tokenized_text": "Franke Barbara , Mick Eric O , Roeyers Herbert , Buitelaar Jan , Lesch Klaus - Peter , Banaschewski Tobias , Ebstein Richard P , Mulas Fernando , Oades Robert D , Sergeant Joseph , Sonuga - Barke Edmund , Renner Tobias J , Romanos Marcel , Romanos Jasmin ,", "type": "authors", "id": 2}, {"begin": 966, "end": 1088, "text": " S, Grant Struan F A, Buxbaum Joseph D, Rapoport Judith L, Williams Nigel M, Nelson Stanley F, Faraone Stephen V, Hakonars", "tokenized_text": ", Grant Struan F A , Buxbaum Joseph D , Rapoport Judith L , Williams Nigel M , Nelson Stanley F , Faraone Stephen V , Hakonarson", "type": "authors", "id": 3}, {"begin": 1089, "end": 1255, "text": "n Hakon   Genome-wide copy number variation study associates metabotropic glutamate receptor gene networks with attention deficit hyperactivity disorder Nature geneti", "tokenized_text": "Hakon Genome - wide copy number variation study associates metabotropic glutamate receptor gene networks with attention deficit hyperactivity disorder Nature genetics", "type": "title", "id": 4}, {"begin": 1257, "end": 1261, "text": ", 20", "tokenized_text": "2012", "type": "year", "id": 5}, {"begin": 232, "end": 484, "text": "Hou Cuiping, Frackelton Edward C, Chiavacci Rosetta M, Sakurai Takeshi, Rabin Cara, Middleton Frank A, Thomas Kelly A, Garris Maria, Mentch Frank, Freitag Christine M, Steinhausen Hans-Christoph, Todorov Alexandre A, Reif Andreas, Rothenberger Aribert,", "tokenized_text": "Hou Cuiping , Frackelton Edward C , Chiavacci Rosetta M , Sakurai Takeshi , Rabin Cara , Middleton Frank A , Thomas Kelly A , Garris Maria , Mentch Frank , Freitag Christine M , Steinhausen Hans - Christoph , Todorov Alexandre A , Reif Andreas , Rothenberger Aribert ,", "type": "authors", "id": 6}]