[{"begin": 1736, "end": 1973, "text": "dine, Ennis Sean, Freitag Christine M, Geschwind Daniel H, Haines Jonathan L, Klauck Sabine M, McMahon William M, Maestrini Elena, Miller Judith, Monaco Anthony P, Nelson Stanley F, Nurnberger John I, Oliveira Guiomar, Parr Jeremy R, Per", "tokenized_text": ", Ennis Sean , Freitag Christine M , Geschwind Daniel H , Haines Jonathan L , Klauck Sabine M , McMahon William M , Maestrini Elena , Miller Judith , Monaco Anthony P , Nelson Stanley F , Nurnberger John I , Oliveira Guiomar , Parr Jeremy R , Pericak", "type": "authors", "id": 0}, {"begin": 750, "end": 995, "text": "h Miriam, Leboyer Marion, Le Couteur Ann, Leventhal Bennett L, Liu Xiao-Qing, Lombard Frances, Lord Catherine, Lotspeich Linda, Lund Sabata C, Magalhaes Tiago R, Mantoulan Carine, McDougle Christopher J, Melhem Nadine M, Merikangas Alison, Minsh", "tokenized_text": "Miriam , Leboyer Marion , Le Couteur Ann , Leventhal Bennett L , Liu Xiao - Qing , Lombard Frances , Lord Catherine , Lotspeich Linda , Lund Sabata C , Magalhaes Tiago R , Mantoulan Carine , McDougle Christopher J , Melhem Nadine M , Merikangas Alison , Minshew", "type": "authors", "id": 1}, {"begin": 518, "end": 749, "text": "r Stephen J, Heron Elizabeth A, Holt Richard, Howe Jennifer L, Hughes Gillian, Hus Vanessa, Igliozzi Roberta, Jacob Suma, Kenny Graham P, Kim Cecilia, Kolevzon Alexander, Kustanovich Vlad, Lajonchere Clara M, Lamb Janine A, Law-Smi", "tokenized_text": "Stephen J , Heron Elizabeth A , Holt Richard , Howe Jennifer L , Hughes Gillian , Hus Vanessa , Igliozzi Roberta , Jacob Suma , Kenny Graham P , Kim Cecilia , Kolevzon Alexander , Kustanovich Vlad , Lajonchere Clara M , Lamb Janine A , Law - Smith", "type": "authors", "id": 2}, {"begin": 0, "end": 264, "text": "Anney Richard, Klei Lambertus, Pinto Dalila, Almeida Joana, Bacchelli Elena, Baird Gillian, Bolshakova Nadia, BÃ¶lte Sven, Bolton Patrick F, Bourgeron Thomas, Brennan Sean, Brian Jessica, Casey Jillian, Conroy Judith, Correia Catarina, Corsello Christina, Crawfo", "tokenized_text": "Anney Richard , Klei Lambertus , Pinto Dalila , Almeida Joana , Bacchelli Elena , Baird Gillian , Bolshakova Nadia , BÃ¶lte Sven , Bolton Patrick F , Bourgeron Thomas , Brennan Sean , Brian Jessica , Casey Jillian , Conroy Judith , Correia Catarina , Corsello Christina , Crawford", "type": "authors", "id": 3}, {"begin": 2219, "end": 2308, "text": "rew D, Sutcliffe James S, Szatmari Peter, Vieland Veronica J, Hakonarson Hakon, Devlin Be", "tokenized_text": "D , Sutcliffe James S , Szatmari Peter , Vieland Veronica J , Hakonarson Hakon , Devlin Bernie", "type": "authors", "id": 4}, {"begin": 2311, "end": 2400, "text": "e   Individual common variants exert weak effects on the risk for autism spectrum disorde", "tokenized_text": "Individual common variants exert weak effects on the risk for autism spectrum disorderspi", "type": "title", "id": 5}, {"begin": 2401, "end": 2425, "text": "spi Human molecular gene", "tokenized_text": "Human molecular genetics", "type": "venue", "id": 6}, {"begin": 2427, "end": 2431, "text": "cs, ", "tokenized_text": "2012", "type": "year", "id": 7}, {"begin": 1489, "end": 1736, "text": "an, Vincent John B, Volkmar Fred, Vorstman J A S, Wallace Simon, Wing Kirsty, Wittemeyer Kerstin, Wood Shawn, Zurawiecki Danielle, Zwaigenbaum Lonnie, Bailey Anthony J, Battaglia Agatino, Cantor Rita M, Coon Hilary, Cuccaro Michael L, Dawson Geral", "tokenized_text": "Vincent John B , Volkmar Fred , Vorstman J A S , Wallace Simon , Wing Kirsty , Wittemeyer Kerstin , Wood Shawn , Zurawiecki Danielle , Zwaigenbaum Lonnie , Bailey Anthony J , Battaglia Agatino , Cantor Rita M , Coon Hilary , Cuccaro Michael L , Dawson Geraldine", "type": "authors", "id": 8}, {"begin": 1249, "end": 1488, "text": "yn, Roge Bernadette, Rutter Michael L, Schlitt Sabine, Shah Naisha, Sheffield Val C, Soorya Latha, Sousa InÃªs, Stoppioni Vera, Sykes Nuala, Tancredi Raffaella, Thompson Ann P, Thomson Susanne, Tryfon Ana, Tsiantis John, Van Engeland Her", "tokenized_text": ", Roge Bernadette , Rutter Michael L , Schlitt Sabine , Shah Naisha , Sheffield Val C , Soorya Latha , Sousa InÃªs , Stoppioni Vera , Sykes Nuala , Tancredi Raffaella , Thompson Ann P , Thomson Susanne , Tryfon Ana , Tsiantis John , Van Engeland Herman ,", "type": "authors", "id": 9}, {"begin": 996, "end": 1249, "text": "w Nancy J, Mirza Ghazala K, Munson Jeff, Noakes Carolyn, Nygren Gudrun, Papanikolaou Katerina, Pagnamenta Alistair T, Parrini Barbara, Paton Tara, Pickles Andrew, Posey David J, Poustka Fritz, Ragoussis Jiannis, Regan Regina, Roberts Wendy, Roeder Kathr", "tokenized_text": "Nancy J , Mirza Ghazala K , Munson Jeff , Noakes Carolyn , Nygren Gudrun , Papanikolaou Katerina , Pagnamenta Alistair T , Parrini Barbara , Paton Tara , Pickles Andrew , Posey David J , Poustka Fritz , Ragoussis Jiannis , Regan Regina , Roberts Wendy , Roeder Kathryn", "type": "authors", "id": 10}, {"begin": 265, "end": 517, "text": "d Emily L, de Jonge Maretha, Delorme Richard, Duketis Eftichia, Duque Frederico, Estes Annette, Farrar Penny, Fernandez Bridget A, Folstein Susan E, Fombonne Eric, Gilbert John, Gillberg Christopher, Glessner Joseph T, Green Andrew, Green Jonathan, Gut", "tokenized_text": "Emily L , de Jonge Maretha , Delorme Richard , Duketis Eftichia , Duque Frederico , Estes Annette , Farrar Penny , Fernandez Bridget A , Folstein Susan E , Fombonne Eric , Gilbert John , Gillberg Christopher , Glessner Joseph T , Green Andrew , Green Jonathan , Guter", "type": "authors", "id": 11}, {"begin": 1973, "end": 2218, "text": "icak-Vance Margaret A, Piven Joseph, Schellenberg Gerard D, Scherer Stephen W, Vicente Astrid M, Wassink Thomas H, Wijsman Ellen M, Betancur Catalina, Buxbaum Joseph D, Cook Edwin H, Gallagher Louise, Gill Michael, Hallmayer Joachim, Paterson An", "tokenized_text": "- Vance Margaret A , Piven Joseph , Schellenberg Gerard D , Scherer Stephen W , Vicente Astrid M , Wassink Thomas H , Wijsman Ellen M , Betancur Catalina , Buxbaum Joseph D , Cook Edwin H , Gallagher Louise , Gill Michael , Hallmayer Joachim , Paterson Andrew", "type": "authors", "id": 12}]