[{"begin": 0, "end": 146, "text": "Strom Samuel P, Gao Yong-Qing, Martinez Ariadna, Ortube Carolina, Chen Zugen, Nelson Stanley F, Nusinowitz Steven, Farber Deborah B, Gorin Michael", "tokenized_text": "Strom Samuel P , Gao Yong - Qing , Martinez Ariadna , Ortube Carolina , Chen Zugen , Nelson Stanley F , Nusinowitz Steven , Farber Deborah B , Gorin Michael", "type": "authors", "id": 0}, {"begin": 147, "end": 233, "text": "B   Molecular diagnosis of putative Stargardt Disease probands by exome sequencing BMC", "tokenized_text": "B Molecular diagnosis of putative Stargardt Disease probands by exome sequencing BMC", "type": "title", "id": 1}, {"begin": 234, "end": 250, "text": "medical genetics", "tokenized_text": "medical genetics", "type": "venue", "id": 2}, {"begin": 252, "end": 256, "text": "2012", "tokenized_text": "2012", "type": "year", "id": 3}]