[{"begin": 266, "end": 281, "text": " SDF1 Nature ge", "tokenized_text": "Nature genetics", "type": "venue", "id": 0}, {"begin": 283, "end": 287, "text": "tics", "tokenized_text": "2012", "type": "year", "id": 1}, {"begin": 0, "end": 180, "text": "Bonnard Carine, Strobl Anna C, Shboul Mohammad, Lee Hane, Merriman Barry, Nelson Stanley F, Ababneh Osama H, Uz Elif, GÃ¼ran TÃ¼lay, Kayserili HÃ¼lya, Hamamy Hanan, Reversade", "tokenized_text": "Bonnard Carine , Strobl Anna C , Shboul Mohammad , Lee Hane , Merriman Barry , Nelson Stanley F , Ababneh Osama H , Uz Elif , GÃ¼ran TÃ¼lay , Kayserili HÃ¼lya , Hamamy Hanan , Reversade Bruno", "type": "authors", "id": 2}, {"begin": 183, "end": 265, "text": "uno   Mutations in IRX5 impair craniofacial development and germ cell migration vi", "tokenized_text": "Mutations in IRX5 impair craniofacial development and germ cell migration via SDF1", "type": "title", "id": 3}]