[{"begin": 0, "end": 238, "text": "Arboleda Valerie A, Lee Hane, Parnaik Rahul, Fleming Alice, Banerjee Abhik, Ferraz-de-Souza Bruno, DÃ©lot EmmanuÃ¨le C, Rodriguez-Fernandez Imilce A, Braslavsky Debora, BergadÃ¡ Ignacio, Dell'angelica Esteban C, Nelson Stanley F, Ma", "tokenized_text": "Arboleda Valerie A , Lee Hane , Parnaik Rahul , Fleming Alice , Banerjee Abhik , Ferraz - de - Souza Bruno , DÃ©lot EmmanuÃ¨le C , Rodriguez - Fernandez Imilce A , Braslavsky Debora , BergadÃ¡ Ignacio , Dell ' angelica Esteban C , Nelson Stanley F , Martinez", "type": "authors", "id": 0}, {"begin": 238, "end": 280, "text": "rtinez-Agosto Julian A, Achermann John C, ", "tokenized_text": "- Agosto Julian A , Achermann John C , Vilain", "type": "authors", "id": 1}, {"begin": 288, "end": 355, "text": "ric   Mutations in the PCNA-binding domain of CDKN1C cause IMAGe sy", "tokenized_text": "Mutations in the PCNA - binding domain of CDKN1C cause IMAGe syndrome", "type": "title", "id": 2}, {"begin": 356, "end": 371, "text": "drome Nature ge", "tokenized_text": "Nature genetics", "type": "venue", "id": 3}, {"begin": 373, "end": 377, "text": "tics", "tokenized_text": "2012", "type": "year", "id": 4}]