[{"begin": 284, "end": 311, "text": "College of Medical Genetics", "tokenized_text": "College of Medical Genetics", "type": "venue", "id": 0}, {"begin": 313, "end": 317, "text": "2014", "tokenized_text": "2014", "type": "year", "id": 1}, {"begin": 0, "end": 100, "text": "Strom Samuel P, Lee Hane, Das Kingshuk, Vilain Eric, Nelson Stanley F, Grody Wayne W, Deignan Joshua", "tokenized_text": "Strom Samuel P , Lee Hane , Das Kingshuk , Vilain Eric , Nelson Stanley F , Grody Wayne W , Deignan Joshua", "type": "authors", "id": 2}, {"begin": 101, "end": 283, "text": "L   Assessing the necessity of confirmatory testing for exome-sequencing results in a clinical molecular diagnostic laboratory Genetics in medicine : official journal of the American", "tokenized_text": "L Assessing the necessity of confirmatory testing for exome - sequencing results in a clinical molecular diagnostic laboratory Genetics in medicine : official journal of the American", "type": "title", "id": 3}]