[{"begin": 452, "end": 555, "text": "n the RNA exosome component gene EXOSC3 cause pontocerebellar hypoplasia and spinal motor neuron degene", "tokenized_text": "RNA exosome component gene EXOSC3 cause pontocerebellar hypoplasia and spinal motor neuron degeneration", "type": "title", "id": 0}, {"begin": 556, "end": 571, "text": "ation Nature ge", "tokenized_text": "Nature genetics", "type": "venue", "id": 1}, {"begin": 573, "end": 577, "text": "tics", "tokenized_text": "2012", "type": "year", "id": 2}, {"begin": 233, "end": 444, "text": "w J, Castro-Gago Manuel, Sobrido MarÃ­a-JesÃºs, Sanefuji Masafumi, Shieh Perry B, Salamon Noriko, Kim Ronald C, Vinters Harry V, Chen Zugen, Zerres Klaus, Ryan Monique M, Nelson Stanley F, Jen Joanna C   Mut", "tokenized_text": "J , Castro - Gago Manuel , Sobrido MarÃ­a - JesÃºs , Sanefuji Masafumi , Shieh Perry B , Salamon Noriko , Kim Ronald C , Vinters Harry V , Chen Zugen , Zerres Klaus , Ryan Monique M , Nelson Stanley F , Jen Joanna C Mutations", "type": "authors", "id": 3}, {"begin": 448, "end": 451, "text": "ns ", "tokenized_text": "the", "type": "title", "id": 4}, {"begin": 0, "end": 232, "text": "Wan Jijun, Yourshaw Michael, Mamsa Hafsa, Rudnik-SchÃ¶neborn Sabine, Menezes Manoj P, Hong Ji Eun, Leong Derek W, Senderek Jan, Salman Michael S, Chitayat David, Seeman Pavel, von Moers Arpad, Graul-Neumann Luitgard, Kornberg Andr", "tokenized_text": "Wan Jijun , Yourshaw Michael , Mamsa Hafsa , Rudnik - SchÃ¶neborn Sabine , Menezes Manoj P , Hong Ji Eun , Leong Derek W , Senderek Jan , Salman Michael S , Chitayat David , Seeman Pavel , von Moers Arpad , Graul - Neumann Luitgard , Kornberg Andrew", "type": "authors", "id": 5}]