[{"begin": 0, "end": 226, "text": "Palomaki Glenn E, Kloza Edward M, Lambert-Messerlian Geralyn M, Haddow James E, Neveux Louis M, Ehrich Mathias, van den Boom Dirk, Bombard Allan T, Deciu Cosmin, Grody Wayne W, Nelson Stanley F, Canick Jacob A   DNA sequencing", "tokenized_text": "Palomaki Glenn E , Kloza Edward M , Lambert - Messerlian Geralyn M , Haddow James E , Neveux Louis M , Ehrich Mathias , van den Boom Dirk , Bombard Allan T , Deciu Cosmin , Grody Wayne W , Nelson Stanley F , Canick Jacob A DNA sequencing", "type": "authors", "id": 0}, {"begin": 227, "end": 345, "text": "of maternal plasma to detect Down syndrome: an international clinical validation study Genetics in medicine : official", "tokenized_text": "of maternal plasma to detect Down syndrome : an international clinical validation study Genetics in medicine : official", "type": "title", "id": 1}, {"begin": 346, "end": 397, "text": "journal of the American College of Medical Genetics", "tokenized_text": "journal of the American College of Medical Genetics", "type": "venue", "id": 2}, {"begin": 399, "end": 403, "text": "2011", "tokenized_text": "2011", "type": "year", "id": 3}]