[{"begin": 453, "end": 477, "text": " Wayne Robert K, Novembr", "tokenized_text": "Wayne Robert K , Novembre", "type": "authors", "id": 0}, {"begin": 485, "end": 552, "text": " Genome sequencing highlights the dynamic early history of dogs PLo", "tokenized_text": "Genome sequencing highlights the dynamic early history of dogs PLoS", "type": "title", "id": 1}, {"begin": 553, "end": 561, "text": " genetic", "tokenized_text": "genetics", "type": "venue", "id": 2}, {"begin": 563, "end": 567, "text": " 201", "tokenized_text": "2014", "type": "year", "id": 3}, {"begin": 0, "end": 164, "text": "Freedman Adam H, Gronau Ilan, Schweizer Rena M, Ortega-Del Vecchyo Diego, Han Eunjung, Silva Pedro M, Galaverni Marco, Fan Zhenxin, Marx Peter, Lorente-Galdos Belen", "tokenized_text": "Freedman Adam H , Gronau Ilan , Schweizer Rena M , Ortega - Del Vecchyo Diego , Han Eunjung , Silva Pedro M , Galaverni Marco , Fan Zhenxin , Marx Peter , Lorente - Galdos Belen", "type": "authors", "id": 4}, {"begin": 166, "end": 171, "text": "Beale", "tokenized_text": "Beale", "type": "authors", "id": 5}, {"begin": 187, "end": 192, "text": "Oscar", "tokenized_text": "Oscar", "type": "authors", "id": 6}, {"begin": 194, "end": 205, "text": "Hormozdiari", "tokenized_text": "Hormozdiari", "type": "authors", "id": 7}, {"begin": 220, "end": 223, "text": "Can", "tokenized_text": "Can", "type": "title", "id": 8}, {"begin": 225, "end": 452, "text": "VilÃ  Carles, Squire Kevin, Geffen Eli, Kusak Josip, Boyko Adam R, Parker Heidi G, Lee Clarence, Tadigotla Vasisht, Siepel Adam, Bustamante Carlos D, Harkins Timothy T, Nelson Stanley F, Ostrander Elaine A, Marques-Bonet Tomas", "tokenized_text": "VilÃ Carles , Squire Kevin , Geffen Eli , Kusak Josip , Boyko Adam R , Parker Heidi G , Lee Clarence , Tadigotla Vasisht , Siepel Adam , Bustamante Carlos D , Harkins Timothy T , Nelson Stanley F , Ostrander Elaine A , Marques - Bonet Tomas ,", "type": "authors", "id": 9}]