[{"begin": 0, "end": 231, "text": "Goudie David R, D'Alessandro Mariella, Merriman Barry, Lee Hane, SzeverÃ©nyi IldikÃ³, Avery Stuart, O'Connor Brian D, Nelson Stanley F, Coats Stephanie E, Stewart Arlene, Christie Lesley, Pichert Gabriella, Friedel Jean, Hayes ", "tokenized_text": "Goudie David R , D ' Alessandro Mariella , Merriman Barry , Lee Hane , SzeverÃ©nyi IldikÃ³ , Avery Stuart , O ' Connor Brian D , Nelson Stanley F , Coats Stephanie E , Stewart Arlene , Christie Lesley , Pichert Gabriella , Friedel Jean , Hayes Ian ,", "type": "authors", "id": 0}, {"begin": 232, "end": 384, "text": "an, Burrows Nigel, Whittaker Sean, Gerdes Anne-Marie, Broesby-Olsen Sigurd, Ferguson-Smith Malcolm A, Verma Chandra, Lunny Declan P, Reversade Bruno, La", "tokenized_text": "Burrows Nigel , Whittaker Sean , Gerdes Anne - Marie , Broesby - Olsen Sigurd , Ferguson - Smith Malcolm A , Verma Chandra , Lunny Declan P , Reversade Bruno , Lane E", "type": "authors", "id": 1}, {"begin": 385, "end": 482, "text": "e E Birgitte   Multiple self-healing squamous epithelioma is caused by a disease-specific spectru", "tokenized_text": "Birgitte Multiple self - healing squamous epithelioma is caused by a disease - specific spectrum of", "type": "title", "id": 2}, {"begin": 483, "end": 492, "text": " of mutat", "tokenized_text": "mutations", "type": "title", "id": 3}, {"begin": 496, "end": 518, "text": " in TGFBR1 Nature gene", "tokenized_text": "TGFBR1 Nature genetics", "type": "venue", "id": 4}, {"begin": 520, "end": 524, "text": "cs, ", "tokenized_text": "2011", "type": "year", "id": 5}]