[{"begin": 0, "end": 33, "text": "Nelson Stanley F, Griggs Robert C", "tokenized_text": "Nelson Stanley F , Griggs Robert C", "type": "authors", "id": 0}, {"begin": 36, "end": 118, "text": "Predicting the severity of Duchenne muscular dystrophy: implications for treatment", "tokenized_text": "Predicting the severity of Duchenne muscular dystrophy : implications for treatment", "type": "title", "id": 1}, {"begin": 119, "end": 128, "text": "Neurology", "tokenized_text": "Neurology", "type": "venue", "id": 2}, {"begin": 130, "end": 134, "text": "2011", "tokenized_text": "2011", "type": "year", "id": 3}]