[{"begin": 0, "end": 231, "text": "Leuchter Andrew F, Cook Ian A, Hamilton Steven P, Narr Katherine L, Toga Arthur, Hunter Aimee M, Faull Kym, Whitelegge Julian, Andrews Anne M, Loo Joseph, Way Baldwin, Nelson Stanley F, Horvath Steven, Lebowitz Barry D   Biomarkers", "tokenized_text": "Leuchter Andrew F , Cook Ian A , Hamilton Steven P , Narr Katherine L , Toga Arthur , Hunter Aimee M , Faull Kym , Whitelegge Julian , Andrews Anne M , Loo Joseph , Way Baldwin , Nelson Stanley F , Horvath Steven , Lebowitz Barry D Biomarkers", "type": "authors", "id": 0}, {"begin": 232, "end": 257, "text": "to predict antidepressant", "tokenized_text": "to predict antidepressant", "type": "title", "id": 1}, {"begin": 258, "end": 293, "text": "response Current psychiatry reports", "tokenized_text": "response Current psychiatry reports", "type": "venue", "id": 2}, {"begin": 295, "end": 299, "text": "2010", "tokenized_text": "2010", "type": "year", "id": 3}]