[{"begin": 290, "end": 345, "text": "the American Academy of Child and Adolescent Psychiatry", "tokenized_text": "the American Academy of Child and Adolescent Psychiatry", "type": "venue", "id": 0}, {"begin": 347, "end": 351, "text": "2010", "tokenized_text": "2010", "type": "year", "id": 1}, {"begin": 0, "end": 136, "text": "Loo Sandra K, Hale Sigi T, Hanada Grant, Macion James, Shrestha Anshu, McGough James J, McCracken James T, Nelson Stanley, Smalley Susan", "tokenized_text": "Loo Sandra K , Hale Sigi T , Hanada Grant , Macion James , Shrestha Anshu , McGough James J , McCracken James T , Nelson Stanley , Smalley Susan", "type": "authors", "id": 2}, {"begin": 137, "end": 289, "text": "L   Familial clustering and DRD4 effects on electroencephalogram measures in multiplex families with attention deficit/hyperactivity disorder Journal of", "tokenized_text": "L Familial clustering and DRD4 effects on electroencephalogram measures in multiplex families with attention deficit / hyperactivity disorder Journal of", "type": "title", "id": 3}]