[{"begin": 499, "end": 502, "text": "N.Y", "tokenized_text": "N . Y", "type": "authors", "id": 0}, {"begin": 506, "end": 510, "text": "2014", "tokenized_text": "2014", "type": "year", "id": 1}, {"begin": 237, "end": 380, "text": "Stanley F, Cloughesy Timothy F, James C David, Rao P Nagesh, Kornblum Harley I, Heath James R, Cavenee Webster K, Furnari Frank B, Mischel Paul", "tokenized_text": "Stanley F , Cloughesy Timothy F , James C David , Rao P Nagesh , Kornblum Harley I , Heath James R , Cavenee Webster K , Furnari Frank B , Mischel Paul", "type": "authors", "id": 2}, {"begin": 381, "end": 487, "text": "S   Targeted therapy resistance mediated by dynamic regulation of extrachromosomal mutant EGFR DNA Science", "tokenized_text": "S Targeted therapy resistance mediated by dynamic regulation of extrachromosomal mutant EGFR DNA Science", "type": "title", "id": 3}, {"begin": 0, "end": 236, "text": "Nathanson David A, Gini Beatrice, Mottahedeh Jack, Visnyei Koppany, Koga Tomoyuki, Gomez German, Eskin Ascia, Hwang Kiwook, Wang Jun, Masui Kenta, Paucar Andres, Yang Huijun, Ohashi Minori, Zhu Shaojun, Wykosky Jill, Reed Rachel, Nelson", "tokenized_text": "Nathanson David A , Gini Beatrice , Mottahedeh Jack , Visnyei Koppany , Koga Tomoyuki , Gomez German , Eskin Ascia , Hwang Kiwook , Wang Jun , Masui Kenta , Paucar Andres , Yang Huijun , Ohashi Minori , Zhu Shaojun , Wykosky Jill , Reed Rachel , Nelson", "type": "authors", "id": 4}]