[{"begin": 0, "end": 85, "text": "McCannel Tara A, Burgess Barry L, Rao Nagesh P, Nelson Stanley F, Straatsma Bradley R", "tokenized_text": "McCannel Tara A , Burgess Barry L , Rao Nagesh P , Nelson Stanley F , Straatsma Bradley R", "type": "authors", "id": 0}, {"begin": 88, "end": 236, "text": "Identification of candidate tumor oncogenes by integrative molecular analysis of choroidal melanoma fine-needle aspiration biopsy specimens Archives", "tokenized_text": "Identification of candidate tumor oncogenes by integrative molecular analysis of choroidal melanoma fine - needle aspiration biopsy specimens Archives", "type": "title", "id": 1}, {"begin": 237, "end": 239, "text": "of", "tokenized_text": "of", "type": "venue", "id": 2}, {"begin": 240, "end": 253, "text": "ophthalmology", "tokenized_text": "ophthalmology", "type": "title", "id": 3}, {"begin": 255, "end": 259, "text": "2010", "tokenized_text": "2010", "type": "year", "id": 4}]