[{"begin": 0, "end": 26, "text": "Homer Nils, Nelson Stanley", "tokenized_text": "Homer Nils , Nelson Stanley", "type": "authors", "id": 0}, {"begin": 27, "end": 141, "text": "F   Improved variant discovery through local re-alignment of short-read next-generation sequencing data using SRMA", "tokenized_text": "F Improved variant discovery through local re - alignment of short - read next - generation sequencing data using SRMA", "type": "title", "id": 1}, {"begin": 142, "end": 156, "text": "Genome biology", "tokenized_text": "Genome biology", "type": "venue", "id": 2}, {"begin": 158, "end": 162, "text": "2010", "tokenized_text": "2010", "type": "year", "id": 3}]