[{"begin": 220, "end": 314, "text": ", Ikegawa Shiro, Krakow Deborah, Cohn Daniel H, Kirchhausen Tom, Warman Matthew L, Beier David", "tokenized_text": "Ikegawa Shiro , Krakow Deborah , Cohn Daniel H , Kirchhausen Tom , Warman Matthew L , Beier David R", "type": "authors", "id": 0}, {"begin": 317, "end": 405, "text": "  Lethal skeletal dysplasia in mice and humans lacking the golgin GMAP-210 The New Engla", "tokenized_text": "Lethal skeletal dysplasia in mice and humans lacking the golgin GMAP - 210 The New England", "type": "title", "id": 1}, {"begin": 406, "end": 425, "text": "d journal of medici", "tokenized_text": "journal of medicine", "type": "venue", "id": 2}, {"begin": 427, "end": 431, "text": ", 20", "tokenized_text": "2010", "type": "year", "id": 3}, {"begin": 0, "end": 219, "text": "Smits Patrick, Bolton Andrew D, Funari Vincent, Hong Minh, Boyden Eric D, Lu Lei, Manning Danielle K, Dwyer Noelle D, Moran Jennifer L, Prysak Mary, Merriman Barry, Nelson Stanley F, BonafÃ© Luisa, Superti-Furga Andre", "tokenized_text": "Smits Patrick , Bolton Andrew D , Funari Vincent , Hong Minh , Boyden Eric D , Lu Lei , Manning Danielle K , Dwyer Noelle D , Moran Jennifer L , Prysak Mary , Merriman Barry , Nelson Stanley F , BonafÃ© Luisa , Superti - Furga Andrea ,", "type": "authors", "id": 4}]