[{"begin": 0, "end": 126, "text": "Clark Michael James, Homer Nils, O'Connor Brian D, Chen Zugen, Eskin Ascia, Lee Hane, Merriman Barry, Nelson Stanley F   U87MG", "tokenized_text": "Clark Michael James , Homer Nils , O ' Connor Brian D , Chen Zugen , Eskin Ascia , Lee Hane , Merriman Barry , Nelson Stanley F U87MG", "type": "authors", "id": 0}, {"begin": 127, "end": 223, "text": "decoded: the genomic sequence of a cytogenetically aberrant human cancer cell line PLoS genetics", "tokenized_text": "decoded : the genomic sequence of a cytogenetically aberrant human cancer cell line PLoS genetics", "type": "title", "id": 1}, {"begin": 225, "end": 229, "text": "2010", "tokenized_text": "2010", "type": "year", "id": 2}]