[{"begin": 257, "end": 303, "text": "affecting the C-type lectin domain of aggrecan", "tokenized_text": "affecting the C - type lectin domain of aggrecan", "type": "title", "id": 0}, {"begin": 304, "end": 338, "text": "American journal of human genetics", "tokenized_text": "American journal of human genetics", "type": "venue", "id": 1}, {"begin": 340, "end": 344, "text": "2009", "tokenized_text": "2009", "type": "year", "id": 2}, {"begin": 0, "end": 173, "text": "Tompson Stuart W, Merriman Barry, Funari Vincent A, Fresquet Maryline, Lachman Ralph S, Rimoin David L, Nelson Stanley F, Briggs Michael D, Cohn Daniel H, Krakow Deborah   A", "tokenized_text": "Tompson Stuart W , Merriman Barry , Funari Vincent A , Fresquet Maryline , Lachman Ralph S , Rimoin David L , Nelson Stanley F , Briggs Michael D , Cohn Daniel H , Krakow Deborah A", "type": "authors", "id": 3}, {"begin": 174, "end": 256, "text": "recessive skeletal dysplasia, SEMD aggrecan type, results from a missense mutation", "tokenized_text": "recessive skeletal dysplasia , SEMD aggrecan type , results from a missense mutation", "type": "title", "id": 4}]