[{"begin": 0, "end": 228, "text": "Merrill Amy E, Merriman Barry, Farrington-Rock Claire, Camacho Natalia, Sebald Eiman T, Funari Vincent A, Schibler Matthew J, Firestein Marc H, Cohn Zachary A, Priore Mary Ann, Thompson Alicia K, Rimoin David L, Nelson Stanley F", "tokenized_text": "Merrill Amy E , Merriman Barry , Farrington - Rock Claire , Camacho Natalia , Sebald Eiman T , Funari Vincent A , Schibler Matthew J , Firestein Marc H , Cohn Zachary A , Priore Mary Ann , Thompson Alicia K , Rimoin David L , Nelson Stanley F", "type": "authors", "id": 0}, {"begin": 228, "end": 251, "text": ", Cohn Daniel H, Krakow", "tokenized_text": ", Cohn Daniel H , Krakow", "type": "authors", "id": 1}, {"begin": 262, "end": 376, "text": "Ciliary abnormalities due to defects in the retrograde transport protein DYNC2H1 in short-rib polydactyly syndrome", "tokenized_text": "Ciliary abnormalities due to defects in the retrograde transport protein DYNC2H1 in short - rib polydactyly syndrome", "type": "title", "id": 2}, {"begin": 377, "end": 411, "text": "American journal of human genetics", "tokenized_text": "American journal of human genetics", "type": "venue", "id": 3}, {"begin": 413, "end": 417, "text": "2009", "tokenized_text": "2009", "type": "year", "id": 4}]