[{"begin": 0, "end": 93, "text": "Day Allen, Dong Jun, Funari Vincent A, Harry Bret, Strom Samuel P, Cohn Dan H, Nelson Stanley", "tokenized_text": "Day Allen , Dong Jun , Funari Vincent A , Harry Bret , Strom Samuel P , Cohn Dan H , Nelson Stanley", "type": "authors", "id": 0}, {"begin": 94, "end": 179, "text": "F   Disease gene characterization through large-scale co-expression analysis PloS one", "tokenized_text": "F Disease gene characterization through large - scale co - expression analysis PloS one", "type": "title", "id": 1}, {"begin": 181, "end": 185, "text": "2009", "tokenized_text": "2009", "type": "year", "id": 2}]