[{"begin": 0, "end": 72, "text": "Nelson Stanley F, Crosbie Rachelle H, Miceli M Carrie, Spencer Melissa J", "tokenized_text": "Nelson Stanley F , Crosbie Rachelle H , Miceli M Carrie , Spencer Melissa J", "type": "authors", "id": 0}, {"begin": 75, "end": 157, "text": "Emerging genetic therapies to treat Duchenne muscular dystrophy Current opinion in", "tokenized_text": "Emerging genetic therapies to treat Duchenne muscular dystrophy Current opinion in", "type": "title", "id": 1}, {"begin": 158, "end": 167, "text": "neurology", "tokenized_text": "neurology", "type": "venue", "id": 2}, {"begin": 169, "end": 173, "text": "2009", "tokenized_text": "2009", "type": "year", "id": 3}]