[{"begin": 0, "end": 220, "text": "Babic Ivan, Anderson Erik S, Tanaka Kazuhiro, Guo Deliang, Masui Kenta, Li Bing, Zhu Shaojun, Gu Yuchao, Villa Genaro R, Akhavan David, Nathanson David, Gini Beatrice, Mareninov Sergey, Li Rui, Camacho Carolina Espindola", "tokenized_text": "Babic Ivan , Anderson Erik S , Tanaka Kazuhiro , Guo Deliang , Masui Kenta , Li Bing , Zhu Shaojun , Gu Yuchao , Villa Genaro R , Akhavan David , Nathanson David , Gini Beatrice , Mareninov Sergey , Li Rui , Camacho Carolina Espindola", "type": "authors", "id": 0}, {"begin": 222, "end": 240, "text": "Kurdistani Siavash", "tokenized_text": "Kurdistani Siavash", "type": "authors", "id": 1}, {"begin": 500, "end": 510, "text": "metabolism", "tokenized_text": "metabolism", "type": "venue", "id": 2}, {"begin": 512, "end": 516, "text": "2013", "tokenized_text": "2013", "type": "year", "id": 3}, {"begin": 241, "end": 383, "text": "K, Eskin Ascia, Nelson Stanley F, Yong William H, Cavenee Webster K, Cloughesy Timothy F, Christofk Heather R, Black Douglas L, Mischel Paul S", "tokenized_text": "K , Eskin Ascia , Nelson Stanley F , Yong William H , Cavenee Webster K , Cloughesy Timothy F , Christofk Heather R , Black Douglas L , Mischel Paul S", "type": "authors", "id": 4}, {"begin": 386, "end": 499, "text": "EGFR mutation-induced alternative splicing of Max contributes to growth of glycolytic tumors in brain cancer Cell", "tokenized_text": "EGFR mutation - induced alternative splicing of Max contributes to growth of glycolytic tumors in brain cancer Cell", "type": "title", "id": 5}]