[{"begin": 0, "end": 217, "text": "Liu Qinghai, Nguyen David H, Dong Qinghua, Shitaku Peter, Chung Kenneth, Liu On Ying, Tso Jonathan L, Liu Jason Y, Konkankit Veerauo, Cloughesy Timothy F, Mischel Paul S, Lane Timothy F, Liau Linda M, Nelson Stanley F", "tokenized_text": "Liu Qinghai , Nguyen David H , Dong Qinghua , Shitaku Peter , Chung Kenneth , Liu On Ying , Tso Jonathan L , Liu Jason Y , Konkankit Veerauo , Cloughesy Timothy F , Mischel Paul S , Lane Timothy F , Liau Linda M , Nelson Stanley F", "type": "authors", "id": 0}, {"begin": 219, "end": 344, "text": "Tso Cho-Lea   Molecular properties of CD133+ glioblastoma stem cells derived from treatment-refractory recurrent brain tumors", "tokenized_text": "Tso Cho - Lea Molecular properties of CD133 + glioblastoma stem cells derived from treatment - refractory recurrent brain tumors", "type": "title", "id": 1}, {"begin": 345, "end": 370, "text": "Journal of neuro-oncology", "tokenized_text": "Journal of neuro - oncology", "type": "venue", "id": 2}, {"begin": 372, "end": 376, "text": "2009", "tokenized_text": "2009", "type": "year", "id": 3}]