[{"begin": 0, "end": 183, "text": "Saghizadeh Mehrnoosh, Akhmedov Novrouz B, Yamashita Clyde K, Gribanova Yekaterina, Theendakara Veena, Mendoza Emmanuel, Nelson Stanley F, Ljubimov Alexander V, Farber Debora B   ZBED4", "tokenized_text": "Saghizadeh Mehrnoosh , Akhmedov Novrouz B , Yamashita Clyde K , Gribanova Yekaterina , Theendakara Veena , Mendoza Emmanuel , Nelson Stanley F , Ljubimov Alexander V , Farber Debora B ZBED4", "type": "authors", "id": 0}, {"begin": 185, "end": 276, "text": "a BED-type zinc-finger protein in the cones of the human retina Investigative ophthalmology", "tokenized_text": "a BED - type zinc - finger protein in the cones of the human retina Investigative ophthalmology", "type": "title", "id": 1}, {"begin": 277, "end": 293, "text": "& visual science", "tokenized_text": "& visual science", "type": "venue", "id": 2}, {"begin": 295, "end": 299, "text": "2009", "tokenized_text": "2009", "type": "year", "id": 3}]