[{"begin": 215, "end": 301, "text": "e cannabinoid receptor gene (CNR1) with ADHD and post-traumatic stress disorder Americ", "tokenized_text": "cannabinoid receptor gene ( CNR1 ) with ADHD and post - traumatic stress disorder American", "type": "title", "id": 0}, {"begin": 302, "end": 444, "text": "n journal of medical genetics. Part B, Neuropsychiatric genetics : the official publication of the International Society of Psychiatric Geneti", "tokenized_text": "journal of medical genetics . Part B , Neuropsychiatric genetics : the official publication of the International Society of Psychiatric Genetics", "type": "venue", "id": 1}, {"begin": 446, "end": 450, "text": ", 20", "tokenized_text": "2008", "type": "year", "id": 2}, {"begin": 0, "end": 207, "text": "Lu Ake T, Ogdie Matthew N, JÃ¤rvelin Marjo-Ritta, Moilanen Irma K, Loo Sandra K, McCracken James T, McGough James J, Yang May H, Peltonen Leena, Nelson Stanley F, Cantor Rita M, Smalley Susan L   Associati", "tokenized_text": "Lu Ake T , Ogdie Matthew N , JÃ¤rvelin Marjo - Ritta , Moilanen Irma K , Loo Sandra K , McCracken James T , McGough James J , Yang May H , Peltonen Leena , Nelson Stanley F , Cantor Rita M , Smalley Susan L Association", "type": "authors", "id": 3}, {"begin": 208, "end": 214, "text": "n of t", "tokenized_text": "of the", "type": "title", "id": 4}]