[{"begin": 0, "end": 111, "text": "Loo Sandra K, Rich Erika Carpenter, Ishii Janeen, McGough James, McCracken James, Nelson Stanley, Smalley Susan", "tokenized_text": "Loo Sandra K , Rich Erika Carpenter , Ishii Janeen , McGough James , McCracken James , Nelson Stanley , Smalley Susan", "type": "authors", "id": 0}, {"begin": 112, "end": 213, "text": "L   Cognitive functioning in affected sibling pairs with ADHD: familial clustering and dopamine genes", "tokenized_text": "L Cognitive functioning in affected sibling pairs with ADHD : familial clustering and dopamine genes", "type": "title", "id": 1}, {"begin": 214, "end": 256, "text": "Journal of child psychology and psychiatry", "tokenized_text": "Journal of child psychology and psychiatry", "type": "venue", "id": 2}, {"begin": 282, "end": 286, "text": "2008", "tokenized_text": "2008", "type": "year", "id": 3}]