[{"begin": 244, "end": 304, "text": ", Nagai Toshiro, Rimoin David L, Nilius Bernd, Cohn Daniel H", "tokenized_text": ", Nagai Toshiro , Rimoin David L , Nilius Bernd , Cohn Daniel H", "type": "authors", "id": 0}, {"begin": 307, "end": 379, "text": "Gain-of-function mutations in TRPV4 cause autosomal dominant brachyolmia", "tokenized_text": "Gain - of - function mutations in TRPV4 cause autosomal dominant brachyolmia", "type": "title", "id": 1}, {"begin": 380, "end": 395, "text": "Nature genetics", "tokenized_text": "Nature genetics", "type": "venue", "id": 2}, {"begin": 397, "end": 401, "text": "2008", "tokenized_text": "2008", "type": "year", "id": 3}, {"begin": 0, "end": 244, "text": "Rock Matthew J, Prenen Jean, Funari Vincent A, Funari Tara L, Merriman Barry, Nelson Stanley F, Lachman Ralph S, Wilcox William R, Reyno Soraya, Quadrelli Roberto, Vaglio Alicia, Owsianik Grzegorz, Janssens Annelies, Voets Thomas, Ikegawa Shiro", "tokenized_text": "Rock Matthew J , Prenen Jean , Funari Vincent A , Funari Tara L , Merriman Barry , Nelson Stanley F , Lachman Ralph S , Wilcox William R , Reyno Soraya , Quadrelli Roberto , Vaglio Alicia , Owsianik Grzegorz , Janssens Annelies , Voets Thomas , Ikegawa Shiro", "type": "authors", "id": 4}]