[{"begin": 0, "end": 151, "text": "Lee Yohan, Scheck Adrienne C, Cloughesy Timothy F, Lai Albert, Dong Jun, Farooqi Haumith K, Liau Linda M, Horvath Steve, Mischel Paul S, Nelson Stanley", "tokenized_text": "Lee Yohan , Scheck Adrienne C , Cloughesy Timothy F , Lai Albert , Dong Jun , Farooqi Haumith K , Liau Linda M , Horvath Steve , Mischel Paul S , Nelson Stanley", "type": "authors", "id": 0}, {"begin": 152, "end": 264, "text": "F   Gene expression analysis of glioblastomas identifies the major molecular basis for the prognostic benefit of", "tokenized_text": "F Gene expression analysis of glioblastomas identifies the major molecular basis for the prognostic benefit of", "type": "title", "id": 1}, {"begin": 265, "end": 297, "text": "younger age BMC medical genomics", "tokenized_text": "younger age BMC medical genomics", "type": "venue", "id": 2}, {"begin": 299, "end": 303, "text": "2008", "tokenized_text": "2008", "type": "year", "id": 3}]