[{"begin": 0, "end": 241, "text": "AlarcÃ³n Maricela, Abrahams Brett S, Stone Jennifer L, Duvall Jacqueline A, Perederiy Julia V, Bomar Jamee M, Sebat Jonathan, Wigler Michael, Martin Christa L, Ledbetter David H, Nelson Stanley F, Cantor Rita M, Geschwind Daniel H   Linkag", "tokenized_text": "AlarcÃ³n Maricela , Abrahams Brett S , Stone Jennifer L , Duvall Jacqueline A , Perederiy Julia V , Bomar Jamee M , Sebat Jonathan , Wigler Michael , Martin Christa L , Ledbetter David H , Nelson Stanley F , Cantor Rita M , Geschwind Daniel H Linkage ,", "type": "authors", "id": 0}, {"begin": 242, "end": 333, "text": ", association, and gene-expression analyses identify CNTNAP2 as an autism-susceptibility ge", "tokenized_text": "association , and gene - expression analyses identify CNTNAP2 as an autism - susceptibility gene", "type": "title", "id": 1}, {"begin": 334, "end": 368, "text": "e American journal of human geneti", "tokenized_text": "American journal of human genetics", "type": "venue", "id": 2}, {"begin": 370, "end": 374, "text": ", 20", "tokenized_text": "2008", "type": "year", "id": 3}]