[{"begin": 0, "end": 257, "text": "Zhou Kaixin, Dempfle Astrid, Arcos-Burgos Mauricio, Bakker Steven C, Banaschewski Tobias, Biederman Joseph, Buitelaar Jan, Castellanos F Xavier, Doyle Alysa, Ebstein Richard P, Ekholm Jenny, Forabosco Paola, Franke Barbara, Freitag Christine, Friedel Susann", "tokenized_text": "Zhou Kaixin , Dempfle Astrid , Arcos - Burgos Mauricio , Bakker Steven C , Banaschewski Tobias , Biederman Joseph , Buitelaar Jan , Castellanos F Xavier , Doyle Alysa , Ebstein Richard P , Ekholm Jenny , Forabosco Paola , Franke Barbara , Freitag Christine , Friedel Susann", "type": "authors", "id": 0}, {"begin": 259, "end": 499, "text": "Gill Michael, Hebebrand Johannes, Hinney Anke, Jacob Christian, Lesch Klaus Peter, Loo Sandra K, Lopera Francisco, McCracken James T, McGough James J, Meyer Jobst, Mick Eric, Miranda Ana, Muenke Maximilian, Mulas Fernando, Nelson Stanley F,", "tokenized_text": "Gill Michael , Hebebrand Johannes , Hinney Anke , Jacob Christian , Lesch Klaus Peter , Loo Sandra K , Lopera Francisco , McCracken James T , McGough James J , Meyer Jobst , Mick Eric , Miranda Ana , Muenke Maximilian , Mulas Fernando , Nelson Stanley F ,", "type": "authors", "id": 1}, {"begin": 500, "end": 743, "text": "Nguyen T Trang, Oades Robert D, Ogdie Matthew N, Palacio Juan David, Pineda David, Reif Andreas, Renner Tobias J, Roeyers Herbert, Romanos Marcel, Rothenberger Aribert, SchÃ¤fer Helmut, Sergeant Joseph, Sinke Richard J, Smalley Susan L, Sonu", "tokenized_text": "Nguyen T Trang , Oades Robert D , Ogdie Matthew N , Palacio Juan David , Pineda David , Reif Andreas , Renner Tobias J , Roeyers Herbert , Romanos Marcel , Rothenberger Aribert , SchÃ¤fer Helmut , Sergeant Joseph , Sinke Richard J , Smalley Susan L , Sonuga", "type": "authors", "id": 2}, {"begin": 1019, "end": 1025, "text": ". Part", "tokenized_text": "Part B", "type": "venue", "id": 3}, {"begin": 1027, "end": 1132, "text": ", Neuropsychiatric genetics : the official publication of the International Society of Psychiatric Geneti", "tokenized_text": "Neuropsychiatric genetics : the official publication of the International Society of Psychiatric Genetics", "type": "venue", "id": 4}, {"begin": 1134, "end": 1138, "text": ", 20", "tokenized_text": "2008", "type": "year", "id": 5}, {"begin": 743, "end": 891, "text": "ga-Barke Edmund, Steinhausen Hans-Christoph, van der Meulen Emma, Walitza Susanne, Warnke Andreas, Lewis Cathryn M, Faraone Stephen V, Asherson Phil", "tokenized_text": "- Barke Edmund , Steinhausen Hans - Christoph , van der Meulen Emma , Walitza Susanne , Warnke Andreas , Lewis Cathryn M , Faraone Stephen V , Asherson Philip", "type": "authors", "id": 6}, {"begin": 894, "end": 989, "text": "  Meta-analysis of genome-wide linkage scans of attention deficit hyperactivity disorder Americ", "tokenized_text": "Meta - analysis of genome - wide linkage scans of attention deficit hyperactivity disorder American", "type": "title", "id": 7}, {"begin": 990, "end": 1017, "text": "n journal of medical geneti", "tokenized_text": "journal of medical genetics", "type": "venue", "id": 8}]