[{"begin": 0, "end": 70, "text": "Lee Hane, Jen Joanna C, Cha Yoon-Hee, Nelson Stanley F, Baloh Robert W", "tokenized_text": "Lee Hane , Jen Joanna C , Cha Yoon - Hee , Nelson Stanley F , Baloh Robert W", "type": "authors", "id": 0}, {"begin": 73, "end": 164, "text": "Phenotypic and genetic analysis of a large family with migraine-associated vertigo Headache", "tokenized_text": "Phenotypic and genetic analysis of a large family with migraine - associated vertigo Headache", "type": "title", "id": 1}, {"begin": 166, "end": 170, "text": "2008", "tokenized_text": "2008", "type": "year", "id": 2}]