[{"begin": 0, "end": 229, "text": "Walsh Tom, McClellan Jon M, McCarthy Shane E, Addington AnjenÃ© M, Pierce Sarah B, Cooper Greg M, Nord Alex S, Kusenda Mary, Malhotra Dheeraj, Bhandari Abhishek, Stray Sunday M, Rippey Caitlin F, Roccanova Patricia, Makarov Vla", "tokenized_text": "Walsh Tom , McClellan Jon M , McCarthy Shane E , Addington AnjenÃ© M , Pierce Sarah B , Cooper Greg M , Nord Alex S , Kusenda Mary , Malhotra Dheeraj , Bhandari Abhishek , Stray Sunday M , Rippey Caitlin F , Roccanova Patricia , Makarov Vlad ,", "type": "authors", "id": 0}, {"begin": 466, "end": 553, "text": " S, Nelson Stanley F, Singleton Andrew B, Lee Ming K, Rapoport Judith L, King Mary-Clai", "tokenized_text": ", Nelson Stanley F , Singleton Andrew B , Lee Ming K , Rapoport Judith L , King Mary - Claire", "type": "authors", "id": 1}, {"begin": 555, "end": 560, "text": ", Seb", "tokenized_text": "Sebat", "type": "authors", "id": 2}, {"begin": 561, "end": 675, "text": "t Jonathan   Rare structural variants disrupt multiple genes in neurodevelopmental pathways in schizophrenia Scien", "tokenized_text": "Jonathan Rare structural variants disrupt multiple genes in neurodevelopmental pathways in schizophrenia Science", "type": "title", "id": 3}, {"begin": 694, "end": 698, "text": ", 20", "tokenized_text": "2008", "type": "year", "id": 4}, {"begin": 230, "end": 466, "text": ", Lakshmi B, Findling Robert L, Sikich Linmarie, Stromberg Thomas, Merriman Barry, Gogtay Nitin, Butler Philip, Eckstrand Kristen, Noory Laila, Gochman Peter, Long Robert, Chen Zugen, Davis Sean, Baker Carl, Eichler Evan E, Meltzer Paul", "tokenized_text": "Lakshmi B , Findling Robert L , Sikich Linmarie , Stromberg Thomas , Merriman Barry , Gogtay Nitin , Butler Philip , Eckstrand Kristen , Noory Laila , Gochman Peter , Long Robert , Chen Zugen , Davis Sean , Baker Carl , Eichler Evan E , Meltzer Paul S", "type": "authors", "id": 5}]