[{"begin": 0, "end": 170, "text": "Homer Nils, Szelinger Szabolcs, Redman Margot, Duggan David, Tembe Waibhav, Muehling Jill, Pearson John V, Stephan Dietrich A, Nelson Stanley F, Craig David W   Resolving", "tokenized_text": "Homer Nils , Szelinger Szabolcs , Redman Margot , Duggan David , Tembe Waibhav , Muehling Jill , Pearson John V , Stephan Dietrich A , Nelson Stanley F , Craig David W Resolving", "type": "authors", "id": 0}, {"begin": 171, "end": 277, "text": "individuals contributing trace amounts of DNA to highly complex mixtures using high-density SNP genotyping", "tokenized_text": "individuals contributing trace amounts of DNA to highly complex mixtures using high - density SNP genotyping", "type": "title", "id": 1}, {"begin": 278, "end": 303, "text": "microarrays PLoS genetics", "tokenized_text": "microarrays PLoS genetics", "type": "venue", "id": 2}, {"begin": 305, "end": 309, "text": "2008", "tokenized_text": "2008", "type": "year", "id": 3}]