[{"begin": 0, "end": 130, "text": "Pickett Lindsay A, Yourshaw Michael, Albornoz Valeria, Chen Zijun, Solorzano-Vargas R Sergio, Nelson Stanley F, MartÃ­n MartÃ­", "tokenized_text": "Pickett Lindsay A , Yourshaw Michael , Albornoz Valeria , Chen Zijun , Solorzano - Vargas R Sergio , Nelson Stanley F , MartÃ­n MartÃ­n G ,", "type": "authors", "id": 0}, {"begin": 140, "end": 207, "text": "erg Iris   Functional consequences of a novel variant of PCSK1 PloS", "tokenized_text": "Iris Functional consequences of a novel variant of PCSK1 PloS one", "type": "title", "id": 1}, {"begin": 209, "end": 213, "text": "ne, ", "tokenized_text": "2013", "type": "year", "id": 2}]