[{"begin": 0, "end": 76, "text": "Kerber Kevin A, Jen Joanna C, Lee Hane, Nelson Stanley F, Baloh Robert W   A", "tokenized_text": "Kerber Kevin A , Jen Joanna C , Lee Hane , Nelson Stanley F , Baloh Robert W A", "type": "authors", "id": 0}, {"begin": 77, "end": 147, "text": "new episodic ataxia syndrome with linkage to chromosome 19q13 Archives", "tokenized_text": "new episodic ataxia syndrome with linkage to chromosome 19q13 Archives", "type": "title", "id": 1}, {"begin": 148, "end": 160, "text": "of neurology", "tokenized_text": "of neurology", "type": "venue", "id": 2}, {"begin": 162, "end": 166, "text": "2007", "tokenized_text": "2007", "type": "year", "id": 3}]