[{"begin": 230, "end": 301, "text": "e study in a population-based birth cohort: association with DBH and DR", "tokenized_text": "study in a population - based birth cohort : association with DBH and DRD2", "type": "title", "id": 0}, {"begin": 302, "end": 368, "text": "2 Journal of the American Academy of Child and Adolescent Psychiat", "tokenized_text": "Journal of the American Academy of Child and Adolescent Psychiatry", "type": "venue", "id": 1}, {"begin": 370, "end": 374, "text": ", 20", "tokenized_text": "2007", "type": "year", "id": 2}, {"begin": 0, "end": 192, "text": "Nyman Emma S, Ogdie Matthew N, Loukola Anu, Varilo Teppo, Taanila Anja, Hurtig Tuula, Moilanen Irma K, Loo Sandra K, McGough James J, JÃ¤rvelin Marjo-Riitta, Smalley Susan L, Nelson Stanley ", "tokenized_text": "Nyman Emma S , Ogdie Matthew N , Loukola Anu , Varilo Teppo , Taanila Anja , Hurtig Tuula , Moilanen Irma K , Loo Sandra K , McGough James J , JÃ¤rvelin Marjo - Riitta , Smalley Susan L , Nelson Stanley F ,", "type": "authors", "id": 3}, {"begin": 193, "end": 229, "text": ", Peltonen Leena   ADHD candidate ge", "tokenized_text": "Peltonen Leena ADHD candidate gene", "type": "title", "id": 4}]