[{"begin": 448, "end": 660, "text": "as, Dichgans Martin, Kotschet Katya E, Hodgkinson Suzanne, Hardy Todd A, Delatycki Martin B, Hajj-Ali Rula A, Kothari Parul H, Nelson Stanley F, Frants Rune R, Baloh Robert W, Ferrari Michel D, Atkinson John P   ", "tokenized_text": ", Dichgans Martin , Kotschet Katya E , Hodgkinson Suzanne , Hardy Todd A , Delatycki Martin B , Hajj - Ali Rula A , Kothari Parul H , Nelson Stanley F , Frants Rune R , Baloh Robert W , Ferrari Michel D , Atkinson John P C -", "type": "authors", "id": 0}, {"begin": 660, "end": 694, "text": "C-terminal truncations in human 3'", "tokenized_text": "terminal truncations in human 3 ' - 5", "type": "title", "id": 1}, {"begin": 696, "end": 777, "text": "' DNA exonuclease TREX1 cause autosomal dominant retinal vasculopathy with cerebr", "tokenized_text": "DNA exonuclease TREX1 cause autosomal dominant retinal vasculopathy with cerebral", "type": "title", "id": 2}, {"begin": 778, "end": 808, "text": "l leukodystrophy Nature geneti", "tokenized_text": "leukodystrophy Nature genetics", "type": "venue", "id": 3}, {"begin": 810, "end": 814, "text": ", 20", "tokenized_text": "2007", "type": "year", "id": 4}, {"begin": 0, "end": 231, "text": "Richards Anna, van den Maagdenberg Arn M J M, Jen Joanna C, Kavanagh David, Bertram Paula, Spitzer Dirk, Liszewski M Kathryn, Barilla-Labarca Maria-Louise, Terwindt Gisela M, Kasai Yumi, McLellan Mike, Grand Mark Gilbert, Vanmolkot", "tokenized_text": "Richards Anna , van den Maagdenberg Arn M J M , Jen Joanna C , Kavanagh David , Bertram Paula , Spitzer Dirk , Liszewski M Kathryn , Barilla - Labarca Maria - Louise , Terwindt Gisela M , Kasai Yumi , McLellan Mike , Grand Mark Gilbert , Vanmolkot", "type": "authors", "id": 5}, {"begin": 232, "end": 448, "text": "Kaate R J, de Vries Boukje, Wan Jijun, Kane Michael J, Mamsa Hafsa, SchÃ¤fer Ruth, Stam Anine H, Haan Joost, de Jong Paulus T V M, Storimans Caroline W, van Schooneveld Mary J, Oosterhuis Jendo A, Gschwendter Andre", "tokenized_text": "Kaate R J , de Vries Boukje , Wan Jijun , Kane Michael J , Mamsa Hafsa , SchÃ¤fer Ruth , Stam Anine H , Haan Joost , de Jong Paulus T V M , Storimans Caroline W , van Schooneveld Mary J , Oosterhuis Jendo A , Gschwendter Andreas", "type": "authors", "id": 6}]