[{"begin": 0, "end": 104, "text": "Funari Vincent A, Day Allen, Krakow Deborah, Cohn Zachary A, Chen Zugen, Nelson Stanley F, Cohn Daniel H", "tokenized_text": "Funari Vincent A , Day Allen , Krakow Deborah , Cohn Zachary A , Chen Zugen , Nelson Stanley F , Cohn Daniel H", "type": "authors", "id": 0}, {"begin": 107, "end": 228, "text": "Cartilage-selective genes identified in genome-scale analysis of non-cartilage and cartilage gene expression BMC genomics", "tokenized_text": "Cartilage - selective genes identified in genome - scale analysis of non - cartilage and cartilage gene expression BMC genomics", "type": "title", "id": 1}, {"begin": 230, "end": 234, "text": "2007", "tokenized_text": "2007", "type": "year", "id": 2}]