[{"begin": 0, "end": 67, "text": "Chang Vivian Y, Basso Giuseppe, Sakamoto Kathleen M, Nelson Stanley", "tokenized_text": "Chang Vivian Y , Basso Giuseppe , Sakamoto Kathleen M , Nelson Stanley", "type": "authors", "id": 0}, {"begin": 68, "end": 192, "text": "F   Identification of somatic and germline mutations using whole exome sequencing of congenital acute lymphoblastic leukemia", "tokenized_text": "F Identification of somatic and germline mutations using whole exome sequencing of congenital acute lymphoblastic leukemia", "type": "title", "id": 1}, {"begin": 193, "end": 203, "text": "BMC cancer", "tokenized_text": "BMC cancer", "type": "venue", "id": 2}, {"begin": 205, "end": 209, "text": "2013", "tokenized_text": "2013", "type": "year", "id": 3}]