[{"begin": 256, "end": 290, "text": "an in vivo expression set of mRNAs", "tokenized_text": "an in vivo expression set of mRNAs", "type": "title", "id": 0}, {"begin": 291, "end": 299, "text": "PloS one", "tokenized_text": "PloS one", "type": "venue", "id": 1}, {"begin": 301, "end": 305, "text": "2007", "tokenized_text": "2007", "type": "year", "id": 2}, {"begin": 0, "end": 219, "text": "Liu Tsunglin, Papagiannakopoulos Thales, Puskar Kathy, Qi Shuping, Santiago Fernando, Clay William, Lao Kaiqin, Lee Yohan, Nelson Stanley F, Kornblum Harley I, Doyle Frank, Petzold Linda, Shraiman Boris, Kosik Kenneth S", "tokenized_text": "Liu Tsunglin , Papagiannakopoulos Thales , Puskar Kathy , Qi Shuping , Santiago Fernando , Clay William , Lao Kaiqin , Lee Yohan , Nelson Stanley F , Kornblum Harley I , Doyle Frank , Petzold Linda , Shraiman Boris , Kosik Kenneth S", "type": "authors", "id": 3}, {"begin": 222, "end": 255, "text": "Detection of a microRNA signal in", "tokenized_text": "Detection of a microRNA signal in", "type": "title", "id": 4}]