[{"begin": 0, "end": 83, "text": "Stone Jennifer L, Merriman Barry, Cantor Rita M, Geschwind Daniel H, Nelson Stanley", "tokenized_text": "Stone Jennifer L , Merriman Barry , Cantor Rita M , Geschwind Daniel H , Nelson Stanley", "type": "authors", "id": 0}, {"begin": 84, "end": 172, "text": "F   High density SNP association study of a major autism linkage region on chromosome 17", "tokenized_text": "F High density SNP association study of a major autism linkage region on chromosome 17", "type": "title", "id": 1}, {"begin": 173, "end": 197, "text": "Human molecular genetics", "tokenized_text": "Human molecular genetics", "type": "venue", "id": 2}, {"begin": 199, "end": 203, "text": "2007", "tokenized_text": "2007", "type": "year", "id": 3}]