[{"begin": 0, "end": 220, "text": "Smalley Susan L, McGough James J, Moilanen Irma K, Loo Sandra K, Taanila Anja, Ebeling Hanna, Hurtig Tuula, Kaakinen Marika, Humphrey Lorie A, McCracken James T, Varilo Teppo, Yang May H, Nelson Stanley F, Peltonen Leena", "tokenized_text": "Smalley Susan L , McGough James J , Moilanen Irma K , Loo Sandra K , Taanila Anja , Ebeling Hanna , Hurtig Tuula , Kaakinen Marika , Humphrey Lorie A , McCracken James T , Varilo Teppo , Yang May H , Nelson Stanley F , Peltonen Leena", "type": "authors", "id": 0}, {"begin": 222, "end": 365, "text": "JÃ¤rvelin Marjo-Riitta   Prevalence and psychiatric comorbidity of attention-deficit/hyperactivity disorder in an adolescent Finnish populati", "tokenized_text": "JÃ¤rvelin Marjo - Riitta Prevalence and psychiatric comorbidity of attention - deficit / hyperactivity disorder in an adolescent Finnish population", "type": "title", "id": 1}, {"begin": 366, "end": 432, "text": "n Journal of the American Academy of Child and Adolescent Psychiat", "tokenized_text": "Journal of the American Academy of Child and Adolescent Psychiatry", "type": "venue", "id": 2}, {"begin": 434, "end": 438, "text": ", 20", "tokenized_text": "2007", "type": "year", "id": 3}]