[{"begin": 0, "end": 265, "text": "Rudnik-SchÃ¶neborn Sabine, Senderek Jan, Jen Joanna C, Houge Gunnar, Seeman Pavel, PuchmajerovÃ¡ Alena, Graul-Neumann Luitgard, Seidel Ulrich, Korinthenberg Rudolf, Kirschner Janbernd, Seeger JÃ¼rgen, Ryan Monique M, Muntoni Francesco, Steinlin Maja, Sztriha ", "tokenized_text": "Rudnik - SchÃ¶neborn Sabine , Senderek Jan , Jen Joanna C , Houge Gunnar , Seeman Pavel , PuchmajerovÃ¡ Alena , Graul - Neumann Luitgard , Seidel Ulrich , Korinthenberg Rudolf , Kirschner Janbernd , Seeger JÃ¼rgen , Ryan Monique M , Muntoni Francesco , Steinlin Maja , Sztriha Laszlo", "type": "authors", "id": 0}, {"begin": 265, "end": 455, "text": "Laszlo, Colomer Jaume, HÃ¼bner Christoph, Brockmann Knut, Van Maldergem Lionel, Schiff Manuel, Holzinger Andreas, Barth Peter, Reardon William, Yourshaw Michael, Nelson Stanley F, Eggerman", "tokenized_text": ", Colomer Jaume , HÃ¼bner Christoph , Brockmann Knut , Van Maldergem Lionel , Schiff Manuel , Holzinger Andreas , Barth Peter , Reardon William , Yourshaw Michael , Nelson Stanley F , Eggermann Thomas", "type": "authors", "id": 1}, {"begin": 457, "end": 463, "text": "Thomas", "tokenized_text": "Zerres", "type": "authors", "id": 2}, {"begin": 464, "end": 558, "text": " Zerres Klaus   Pontocerebellar hypoplasia type 1: clinical spectrum and relevance of EXOSC3 m", "tokenized_text": "Klaus Pontocerebellar hypoplasia type 1 : clinical spectrum and relevance of EXOSC3 mutations", "type": "title", "id": 3}, {"begin": 559, "end": 568, "text": "tations N", "tokenized_text": "Neurology", "type": "venue", "id": 4}, {"begin": 570, "end": 574, "text": "rolo", "tokenized_text": "2013", "type": "year", "id": 5}]