[{"begin": 0, "end": 105, "text": "Lacombe Arnaud, Lee Hane, Zahed Laila, Choucair Mahmoud, Muller Jean-Marc, Nelson Stanley F, Salameh Wael", "tokenized_text": "Lacombe Arnaud , Lee Hane , Zahed Laila , Choucair Mahmoud , Muller Jean - Marc , Nelson Stanley F , Salameh Wael", "type": "authors", "id": 0}, {"begin": 107, "end": 113, "text": "Vilain", "tokenized_text": "Vilain", "type": "authors", "id": 1}, {"begin": 121, "end": 222, "text": "Disruption of POF1B binding to nonmuscle actin filaments is associated with premature ovarian failure", "tokenized_text": "Disruption of POF1B binding to nonmuscle actin filaments is associated with premature ovarian failure", "type": "title", "id": 2}, {"begin": 223, "end": 257, "text": "American journal of human genetics", "tokenized_text": "American journal of human genetics", "type": "venue", "id": 3}, {"begin": 259, "end": 263, "text": "2006", "tokenized_text": "2006", "type": "year", "id": 4}]