[{"begin": 0, "end": 92, "text": "Lee Hans, Zhang Yanqiao, Lee Florence Y, Nelson Stanley F, Gonzalez Frank J, Edwards Peter A", "tokenized_text": "Lee Hans , Zhang Yanqiao , Lee Florence Y , Nelson Stanley F , Gonzalez Frank J , Edwards Peter A", "type": "authors", "id": 0}, {"begin": 95, "end": 185, "text": "FXR regulates organic solute transporters alpha and beta in the adrenal gland, kidney, and", "tokenized_text": "FXR regulates organic solute transporters alpha and beta in the adrenal gland , kidney , and", "type": "title", "id": 1}, {"begin": 186, "end": 221, "text": "intestine Journal of lipid research", "tokenized_text": "intestine Journal of lipid research", "type": "venue", "id": 2}, {"begin": 223, "end": 227, "text": "2006", "tokenized_text": "2006", "type": "year", "id": 3}]