[{"begin": 217, "end": 352, "text": "Lusis Aldons J   Identification of inflammatory gene modules based on variations of human endothelial cell responses to oxidized lipids", "tokenized_text": "Lusis Aldons J Identification of inflammatory gene modules based on variations of human endothelial cell responses to oxidized lipids", "type": "title", "id": 0}, {"begin": 353, "end": 432, "text": "Proceedings of the National Academy of Sciences of the United States of America", "tokenized_text": "Proceedings of the National Academy of Sciences of the United States of America", "type": "venue", "id": 1}, {"begin": 434, "end": 438, "text": "2006", "tokenized_text": "2006", "type": "year", "id": 2}, {"begin": 0, "end": 216, "text": "Gargalovic Peter S, Imura Minori, Zhang Bin, Gharavi Nima M, Clark Michael J, Pagnon Joanne, Yang Wen-Pin, He Aiqing, Truong Amy, Patel Shilpa, Nelson Stanley F, Horvath Steve, Berliner Judith A, Kirchgessner Todd G,", "tokenized_text": "Gargalovic Peter S , Imura Minori , Zhang Bin , Gharavi Nima M , Clark Michael J , Pagnon Joanne , Yang Wen - Pin , He Aiqing , Truong Amy , Patel Shilpa , Nelson Stanley F , Horvath Steve , Berliner Judith A , Kirchgessner Todd G ,", "type": "authors", "id": 3}]