[{"begin": 0, "end": 163, "text": "Shen Dejun, Chang Helena R, Chen Zugen, He Jianbo, Lonsberry Victor, Elshimali Yahya, Chia David, Seligson David, Goodglick Lee, Nelson Stanley F, Gornbein Jeffrey", "tokenized_text": "Shen Dejun , Chang Helena R , Chen Zugen , He Jianbo , Lonsberry Victor , Elshimali Yahya , Chia David , Seligson David , Goodglick Lee , Nelson Stanley F , Gornbein Jeffrey", "type": "authors", "id": 0}, {"begin": 164, "end": 257, "text": "A   Loss of annexin A1 expression in human breast cancer detected by multiple high-throughput", "tokenized_text": "A Loss of annexin A1 expression in human breast cancer detected by multiple high - throughput", "type": "title", "id": 1}, {"begin": 258, "end": 318, "text": "analyses Biochemical and biophysical research communications", "tokenized_text": "analyses Biochemical and biophysical research communications", "type": "venue", "id": 2}, {"begin": 320, "end": 324, "text": "2005", "tokenized_text": "2005", "type": "year", "id": 3}]