[{"begin": 261, "end": 314, "text": "by gene microarray analysis of human diabetic corneas", "tokenized_text": "by gene microarray analysis of human diabetic corneas", "type": "title", "id": 0}, {"begin": 315, "end": 359, "text": "Investigative ophthalmology & visual science", "tokenized_text": "Investigative ophthalmology & visual science", "type": "venue", "id": 1}, {"begin": 361, "end": 365, "text": "2005", "tokenized_text": "2005", "type": "year", "id": 2}, {"begin": 0, "end": 208, "text": "Saghizadeh Mehrnoosh, Kramerov Andrei A, Tajbakhsh Jian, Aoki Annette M, Wang Charles, Chai Ning-Ning, Ljubimova Julia Y, Sasaki Takako, Sosne Gabriel, Carlson Marc R J, Nelson Stanley F, Ljubimov Alexander V", "tokenized_text": "Saghizadeh Mehrnoosh , Kramerov Andrei A , Tajbakhsh Jian , Aoki Annette M , Wang Charles , Chai Ning - Ning , Ljubimova Julia Y , Sasaki Takako , Sosne Gabriel , Carlson Marc R J , Nelson Stanley F , Ljubimov Alexander V", "type": "authors", "id": 3}, {"begin": 211, "end": 260, "text": "Proteinase and growth factor alterations revealed", "tokenized_text": "Proteinase and growth factor alterations revealed", "type": "title", "id": 4}]