[{"begin": 0, "end": 139, "text": "Cantor Rita M, Kono Naoko, Duvall Jackie A, Alvarez-Retuerto Ana, Stone Jennifer L, AlarcÃ³n Maricela, Nelson Stanley F, Geschwind Daniel", "tokenized_text": "Cantor Rita M , Kono Naoko , Duvall Jackie A , Alvarez - Retuerto Ana , Stone Jennifer L , AlarcÃ³n Maricela , Nelson Stanley F , Geschwind Daniel H", "type": "authors", "id": 0}, {"begin": 142, "end": 208, "text": "  Replication of autism linkage: fine-mapping peak at 17q21 Americ", "tokenized_text": "Replication of autism linkage : fine - mapping peak at 17q21 American", "type": "title", "id": 1}, {"begin": 209, "end": 234, "text": "n journal of human geneti", "tokenized_text": "journal of human genetics", "type": "venue", "id": 2}, {"begin": 236, "end": 240, "text": ", 20", "tokenized_text": "2005", "type": "year", "id": 3}]