[{"begin": 0, "end": 134, "text": "Lynn Deborah E, Lubke Gitta, Yang May, McCracken James T, McGough James J, Ishii Janeen, Loo Sandra K, Nelson Stanley F, Smalley Susan", "tokenized_text": "Lynn Deborah E , Lubke Gitta , Yang May , McCracken James T , McGough James J , Ishii Janeen , Loo Sandra K , Nelson Stanley F , Smalley Susan", "type": "authors", "id": 0}, {"begin": 135, "end": 219, "text": "L   Temperament and character profiles and the dopamine D4 receptor gene in ADHD The", "tokenized_text": "L Temperament and character profiles and the dopamine D4 receptor gene in ADHD The", "type": "title", "id": 1}, {"begin": 220, "end": 250, "text": "American journal of psychiatry", "tokenized_text": "American journal of psychiatry", "type": "venue", "id": 2}, {"begin": 252, "end": 256, "text": "2005", "tokenized_text": "2005", "type": "year", "id": 3}]