[{"begin": 0, "end": 211, "text": "Ye Fei, Zhang Yibei, Liu Yue, Yamada Kazunari, Tso Jonathan L, Menjivar Jimmy C, Tian Jane Y, Yong William H, Schaue DÃ¶rthe, Mischel Paul S, Cloughesy Timothy F, Nelson Stanley F, Liau Linda M, McBride Willia", "tokenized_text": "Ye Fei , Zhang Yibei , Liu Yue , Yamada Kazunari , Tso Jonathan L , Menjivar Jimmy C , Tian Jane Y , Yong William H , Schaue DÃ¶rthe , Mischel Paul S , Cloughesy Timothy F , Nelson Stanley F , Liau Linda M , McBride William ,", "type": "authors", "id": 0}, {"begin": 212, "end": 377, "text": ", Tso Cho-Lea   Protective properties of radio-chemoresistant glioblastoma stem cell clones are associated with metabolic adaptation to reduced glucose dependence Pl", "tokenized_text": "Tso Cho - Lea Protective properties of radio - chemoresistant glioblastoma stem cell clones are associated with metabolic adaptation to reduced glucose dependence PloS", "type": "title", "id": 1}, {"begin": 378, "end": 381, "text": "S o", "tokenized_text": "one", "type": "venue", "id": 2}, {"begin": 383, "end": 387, "text": ", 20", "tokenized_text": "2013", "type": "year", "id": 3}]