[{"begin": 0, "end": 98, "text": "Le Keith, Mitsouras Katherine, Roy Meenakshi, Wang Qi, Xu Qiang, Nelson Stanley F, Lee Christopher", "tokenized_text": "Le Keith , Mitsouras Katherine , Roy Meenakshi , Wang Qi , Xu Qiang , Nelson Stanley F , Lee Christopher", "type": "authors", "id": 0}, {"begin": 101, "end": 212, "text": "Detecting tissue-specific regulation of alternative splicing as a qualitative change in microarray data Nucleic", "tokenized_text": "Detecting tissue - specific regulation of alternative splicing as a qualitative change in microarray data Nucleic", "type": "title", "id": 1}, {"begin": 213, "end": 227, "text": "acids research", "tokenized_text": "acids research", "type": "venue", "id": 2}, {"begin": 229, "end": 233, "text": "2004", "tokenized_text": "2004", "type": "year", "id": 3}]