[{"begin": 0, "end": 117, "text": "Stone Jennifer L, Merriman Barry, Cantor Rita M, Yonan Amanda L, Gilliam T Conrad, Geschwind Daniel H, Nelson Stanley", "tokenized_text": "Stone Jennifer L , Merriman Barry , Cantor Rita M , Yonan Amanda L , Gilliam T Conrad , Geschwind Daniel H , Nelson Stanley", "type": "authors", "id": 0}, {"begin": 118, "end": 188, "text": "F   Evidence for sex-specific risk alleles in autism spectrum disorder", "tokenized_text": "F Evidence for sex - specific risk alleles in autism spectrum disorder", "type": "title", "id": 1}, {"begin": 189, "end": 223, "text": "American journal of human genetics", "tokenized_text": "American journal of human genetics", "type": "venue", "id": 2}, {"begin": 225, "end": 229, "text": "2004", "tokenized_text": "2004", "type": "year", "id": 3}]