[{"begin": 0, "end": 170, "text": "Yoshida-Moriguchi Takako, Willer Tobias, Anderson Mary E, Venzke David, Whyte Tamieka, Muntoni Francesco, Lee Hane, Nelson Stanley F, Yu Liping, Campbell Kevin P   SGK196", "tokenized_text": "Yoshida - Moriguchi Takako , Willer Tobias , Anderson Mary E , Venzke David , Whyte Tamieka , Muntoni Francesco , Lee Hane , Nelson Stanley F , Yu Liping , Campbell Kevin P SGK196", "type": "authors", "id": 0}, {"begin": 171, "end": 258, "text": "is a glycosylation-specific O-mannose kinase required for dystroglycan function Science", "tokenized_text": "is a glycosylation - specific O - mannose kinase required for dystroglycan function Science", "type": "title", "id": 1}, {"begin": 277, "end": 281, "text": "2013", "tokenized_text": "2013", "type": "year", "id": 2}]