[{"begin": 0, "end": 232, "text": "Lee Ji Eun, Silhavy Jennifer L, Zaki Maha S, Schroth Jana, Bielas Stephanie L, Marsh Sarah E, Olvera Jesus, Brancati Francesco, Iannicelli Miriam, Ikegami Koji, Schlossman Andrew M, Merriman Barry, AttiÃ©-Bitach Tania, Logan Clare", "tokenized_text": "Lee Ji Eun , Silhavy Jennifer L , Zaki Maha S , Schroth Jana , Bielas Stephanie L , Marsh Sarah E , Olvera Jesus , Brancati Francesco , Iannicelli Miriam , Ikegami Koji , Schlossman Andrew M , Merriman Barry , AttiÃ© - Bitach Tania , Logan Clare V", "type": "authors", "id": 0}, {"begin": 474, "end": 512, "text": " A, Valente Enza Maria, Gleeson Joseph", "tokenized_text": ", Valente Enza Maria , Gleeson Joseph G", "type": "authors", "id": 1}, {"begin": 515, "end": 607, "text": "  CEP41 is mutated in Joubert syndrome and is required for tubulin glutamylation at the cili", "tokenized_text": "CEP41 is mutated in Joubert syndrome and is required for tubulin glutamylation at the cilium", "type": "title", "id": 2}, {"begin": 608, "end": 623, "text": "m Nature geneti", "tokenized_text": "Nature genetics", "type": "venue", "id": 3}, {"begin": 625, "end": 629, "text": ", 20", "tokenized_text": "2012", "type": "year", "id": 4}, {"begin": 232, "end": 474, "text": " V, Glass Ian A, Cluckey Andrew, Louie Carrie M, Lee Jeong Ho, Raynes Hilary R, Rapin Isabelle, Castroviejo Ignacio P, Setou Mitsutoshi, Barbot Clara, Boltshauser Eugen, Nelson Stanley F, Hildebrandt Friedhelm, Johnson Colin A, Doherty Daniel", "tokenized_text": ", Glass Ian A , Cluckey Andrew , Louie Carrie M , Lee Jeong Ho , Raynes Hilary R , Rapin Isabelle , Castroviejo Ignacio P , Setou Mitsutoshi , Barbot Clara , Boltshauser Eugen , Nelson Stanley F , Hildebrandt Friedhelm , Johnson Colin A , Doherty Daniel A", "type": "authors", "id": 5}]