{
  "comment": "//leave comments here if needed",
  "contain_publication_list": "F",
  "email": "lgwaldor@ucalgary.ca",
  "filename": "623cbce5-998f-4385-8d65-ee8008664205",
  "info": "T means true, F means False. If no publications, just leave the publication structure unchanged.",
  "is_personal_homepage": "T",
  "name": "Liv Waldorf",
  "name_index": [
    {
      "index_in_file": [
        [
          314,
          325
        ]
      ],
      "name_format": "Begin_First_Full End_Last_Full",
      "text": "Liv Waldorf"
    },
    {
      "in_email": "BEFORE_AT",
      "index_in_file": [
        [
          403,
          411
        ]
      ],
      "name_format": "Begin_First_Initial_Middle_Initial_Last_Full",
      "text": "lgwaldor"
    },
    {
      "index_in_file": [
        [
          576,
          589
        ]
      ],
      "name_format": "Begin_First_Full End_Last_Full",
      "text": "Yvonne Martin"
    }
  ],
  "publications": [
    {
      "text": "COPY_SINGLE_PUBLICATION_HERE"
    },
    {
      "text": "COPY_SINGLE_PUBLICATION_HERE"
    }
  ],
  "url": "http://geog.ucalgary.ca/profiles/1-7044872"
}