{
  "comment": "//leave comments here if needed",
  "contain_publication_list": "F",
  "email": "marguerite.pinto@yale.edu",
  "filename": "83b79e46-c77b-4523-86bf-2dcc43b07df0",
  "info": "T means true, F means False. If no publications, just leave the publication structure unchanged.",
  "is_personal_homepage": "T",
  "name": "Marguerite M. Pinto",
  "name_index": [
    {
      "index_in_file": [
        [
          2881,
          2900
        ],
        [
          4035,
          4054
        ]
      ],
      "name_format": "Begin_First_Full Inside_Middle_Initial End_Last_Full",
      "text": "Marguerite M. Pinto"
    },
    {
      "index_in_file": [
        [
          82,
          88
        ],
        [
          121,
          127
        ]
      ],
      "name_format": "Begin_Last_Full",
      "text": "Yesner"
    }
  ],
  "publications": [
    {
      "text": "COPY_SINGLE_PUBLICATION_HERE"
    },
    {
      "text": "COPY_SINGLE_PUBLICATION_HERE"
    }
  ],
  "url": "http://medicine.yale.edu/pathology/people/marguerite_pinto.profile"
}