{
  "comment": "//leave comments here if needed",
  "contain_publication_list": "F",
  "email": "Darin.Barney@mcgill.ca",
  "filename": "224a1496-deea-4d2a-a346-5101453bc522",
  "info": "T means true, F means False. If no publications, just leave the publication structure unchanged.",
  "is_personal_homepage": "T",
  "name": "Darin Barney",
  "name_index": [
    {
      "index_in_file": [
        [
          425,
          436
        ]
      ],
      "name_format": "Begin_First_Full End_Last_Full",
      "text": "Becky Lentz"
    },
    {
      "index_in_file": [
        [
          525,
          541
        ]
      ],
      "name_format": "Begin_First_Full End_Last_Full",
      "text": "Angela Vanhaelen"
    },
    {
      "index_in_file": [
        [
          306,
          321
        ]
      ],
      "name_format": "Begin_First_Full End_Last_Full",
      "text": "Bobby Benedicto"
    },
    {
      "index_in_file": [
        [
          322,
          334
        ]
      ],
      "name_format": "Begin_First_Full End_Last_Full",
      "text": "Jenny Burman"
    },
    {
      "index_in_file": [
        [
          293,
          305
        ],
        [
          598,
          610
        ],
        [
          742,
          754
        ],
        [
          792,
          804
        ],
        [
          1712,
          1724
        ]
      ],
      "name_format": "Begin_First_Full End_Last_Full",
      "text": "Darin Barney"
    },
    {
      "index_in_file": [
        [
          437,
          453
        ]
      ],
      "name_format": "Begin_First_Full End_Last_Full",
      "text": "Charmaine Nelson"
    },
    {
      "index_in_file": [
        [
          353,
          369
        ]
      ],
      "name_format": "Begin_First_Full End_Last_Full",
      "text": "Chriscinda Henry"
    },
    {
      "index_in_file": [
        [
          410,
          424
        ]
      ],
      "name_format": "Begin_First_Full End_Last_Full",
      "text": "Matthew Hunter"
    },
    {
      "index_in_file": [
        [
          483,
          497
        ]
      ],
      "name_format": "Begin_First_Full End_Last_Full",
      "text": "Christine Ross"
    },
    {
      "index_in_file": [
        [
          370,
          385
        ]
      ],
      "name_format": "Begin_First_Full End_Last_Full",
      "text": "Cecily Hilsdale"
    },
    {
      "index_in_file": [
        [
          386,
          397
        ]
      ],
      "name_format": "Begin_First_Full End_Last_Full",
      "text": "Jeehee Hong"
    },
    {
      "index_in_file": [
        [
          335,
          352
        ]
      ],
      "name_format": "Begin_First_Full End_Last_Full",
      "text": "Gabriella Coleman"
    },
    {
      "index_in_file": [
        [
          454,
          464
        ]
      ],
      "name_format": "Begin_First_Full End_Last_Full",
      "text": "Marc Raboy"
    },
    {
      "index_in_file": [
        [
          514,
          524
        ]
      ],
      "name_format": "Begin_First_Full End_Last_Full",
      "text": "Will Straw"
    },
    {
      "index_in_file": [
        [
          398,
          409
        ]
      ],
      "name_format": "Begin_First_Full End_Last_Full",
      "text": "Mary Hunter"
    },
    {
      "index_in_file": [
        [
          498,
          513
        ]
      ],
      "name_format": "Begin_First_Full End_Last_Full",
      "text": "Jonathan Sterne"
    },
    {
      "index_in_file": [
        [
          465,
          482
        ]
      ],
      "name_format": "Begin_First_Full End_Last_Full",
      "text": "Carrie Rentschler"
    },
    {
      "index_in_file": [
        [
          2493,
          2499
        ]
      ],
      "name_format": "Begin_Last_Full",
      "text": "Barney"
    }
  ],
  "publications": [
    {
      "text": "COPY_SINGLE_PUBLICATION_HERE"
    },
    {
      "text": "COPY_SINGLE_PUBLICATION_HERE"
    }
  ],
  "url": "http://www.mcgill.ca/ahcs/people-contacts/faculty/barney"
}