[{"begin": 0, "end": 51, "text": "“Strange Fruit: Augustine, Liberalism, and the Go", "tokenized_text": "“Strange Fruit : Augustine , Liberalism , and the Good", "type": "authors", "id": 0}, {"begin": 52, "end": 61, "text": "d Samarit", "tokenized_text": "Samaritan", "type": "title", "id": 1}, {"begin": 62, "end": 76, "text": "n,” Christia", "tokenized_text": "” Christianity", "type": "title", "id": 2}, {"begin": 78, "end": 87, "text": "ty, Democ", "tokenized_text": "Democracy", "type": "title", "id": 3}, {"begin": 89, "end": 96, "text": "cy, and", "tokenized_text": "and the", "type": "title", "id": 4}, {"begin": 104, "end": 118, "text": "dow of Constan", "tokenized_text": "of Constantine", "type": "title", "id": 5}, {"begin": 140, "end": 166, "text": " E. Demacopoulos and Arist", "tokenized_text": "Demacopoulos and Aristotle", "type": "venue", "id": 6}, {"begin": 217, "end": 221, "text": "ss, ", "tokenized_text": "2017", "type": "year", "id": 7}]