[{"begin": 0, "end": 62, "text": "“The Double Love Command and the Ethics of Religious Plurali", "tokenized_text": "“The Double Love Command and the Ethics of Religious Pluralism", "type": "title", "id": 0}, {"begin": 63, "end": 90, "text": "m,” Love and Christian Et", "tokenized_text": "” Love and Christian Ethics", "type": "venue", "id": 1}, {"begin": 103, "end": 109, "text": "on, Th", "tokenized_text": "Theory", "type": "venue", "id": 2}, {"begin": 225, "end": 229, "text": "ss, ", "tokenized_text": "2016", "type": "year", "id": 3}]