[{"begin": 1, "end": 29, "text": "Augustinianisms and Thomisms", "tokenized_text": "Augustinianisms and Thomisms", "type": "authors", "id": 0}, {"begin": 32, "end": 43, "text": "co-authored", "tokenized_text": "co - authored", "type": "title", "id": 1}, {"begin": 49, "end": 61, "text": "Joseph Clair", "tokenized_text": "Joseph Clair", "type": "authors", "id": 2}, {"begin": 63, "end": 114, "text": "Cambridge Companion to Christian Political Theology", "tokenized_text": "Cambridge Companion to Christian Political Theology", "type": "title", "id": 3}, {"begin": 132, "end": 141, "text": "Hovey and", "tokenized_text": "Hovey and", "type": "venue", "id": 4}, {"begin": 201, "end": 205, "text": "2015", "tokenized_text": "2015", "type": "year", "id": 5}]