[{"begin": 0, "end": 165, "text": "\"The Boldness of Analogy: Civic Virtues and Augustinian Eudaimonism,\" The Authority of the Gospel: Explorations in Moral and Political Theology in Honour of Oliver O", "tokenized_text": "\" The Boldness of Analogy : Civic Virtues and Augustinian Eudaimonism , \" The Authority of the Gospel : Explorations in Moral and Political Theology in Honour of Oliver O", "type": "title", "id": 0}, {"begin": 181, "end": 209, "text": "Brent Waters and Robert Song", "tokenized_text": "Brent Waters and Robert Song", "type": "venue", "id": 1}, {"begin": 235, "end": 239, "text": "2015", "tokenized_text": "2015", "type": "year", "id": 2}]