[{"begin": 1, "end": 99, "text": "What Do We Want from the Just War Tradition? New Challenges of Surveillance and the Security State", "tokenized_text": "What Do We Want from the Just War Tradition ? New Challenges of Surveillance and the Security State", "type": "title", "id": 0}, {"begin": 102, "end": 129, "text": "Studies in Christian Ethics", "tokenized_text": "Studies in Christian Ethics", "type": "venue", "id": 1}, {"begin": 144, "end": 148, "text": "2014", "tokenized_text": "2014", "type": "year", "id": 2}]