[{"begin": 2, "end": 19, "text": "Remember the Poor", "tokenized_text": "Remember the Poor", "type": "title", "id": 0}, {"begin": 20, "end": 38, "text": ": Duties, Dilemmas", "tokenized_text": ": Duties , Dilemmas", "type": "title", "id": 1}, {"begin": 55, "end": 58, "text": "God", "tokenized_text": "God", "type": "venue", "id": 2}, {"begin": 60, "end": 111, "text": "the Good, and Utilitarianism: Perspectives on Peter", "tokenized_text": "the Good , and Utilitarianism : Perspectives on Peter", "type": "venue", "id": 3}, {"begin": 164, "end": 168, "text": "2014", "tokenized_text": "2014", "type": "year", "id": 4}]