[{"begin": 0, "end": 92, "text": "\"Enfleshment and the Time of Ethics: Taylor and Illich on the Parable of the Good Samaritan,", "tokenized_text": "\" Enfleshment and the Time of Ethics : Taylor and Illich on the Parable of the Good Samaritan ,", "type": "title", "id": 0}, {"begin": 94, "end": 128, "text": "co-authored with Leah Hunt-Hendrix", "tokenized_text": "co - authored with Leah Hunt - Hendrix", "type": "title", "id": 1}, {"begin": 142, "end": 230, "text": "Fullness in a Secular Age: Essays on Religion and Theology in the Work of Charles Taylor", "tokenized_text": "Fullness in a Secular Age : Essays on Religion and Theology in the Work of Charles Taylor", "type": "venue", "id": 2}, {"begin": 235, "end": 277, "text": ". Carlos D. Colorado and Justin D. Klassen", "tokenized_text": ". Carlos D . Colorado and Justin D . Klassen", "type": "authors", "id": 3}, {"begin": 311, "end": 315, "text": "2014", "tokenized_text": "2014", "type": "year", "id": 4}]