[{"begin": 233, "end": 237, "text": "2012", "tokenized_text": "2012", "type": "year", "id": 0}, {"begin": 1, "end": 46, "text": "America and the Church: John Courtney Murray,", "tokenized_text": "America and the Church : John Courtney Murray ,", "type": "title", "id": 1}, {"begin": 47, "end": 87, "text": "Reinhold Niebuhr, and H. Richard Niebuhr", "tokenized_text": "Reinhold Niebuhr , and H . Richard Niebuhr", "type": "authors", "id": 2}, {"begin": 112, "end": 143, "text": "Contemporary Political Theology", "tokenized_text": "Contemporary Political Theology", "type": "venue", "id": 3}, {"begin": 159, "end": 160, "text": "T", "tokenized_text": "T", "type": "authors", "id": 4}]