[{"begin": 1, "end": 9, "text": "Politics", "tokenized_text": "Politics", "type": "title", "id": 0}, {"begin": 16, "end": 22, "text": "Oxford", "tokenized_text": "Oxford", "type": "title", "id": 1}, {"begin": 23, "end": 31, "text": "Handbook", "tokenized_text": "Handbook", "type": "venue", "id": 2}, {"begin": 32, "end": 55, "text": "of Evangelical Theology", "tokenized_text": "of Evangelical Theology", "type": "title", "id": 3}, {"begin": 112, "end": 116, "text": "2010", "tokenized_text": "2010", "type": "year", "id": 4}]