[{"begin": 1, "end": 96, "text": "The Spirit and the Letter: Protestant Thomism and Nigel Biggar's 'Karl Barth's Ethics Revisited", "tokenized_text": "The Spirit and the Letter : Protestant Thomism and Nigel Biggar ' s ' Karl Barth ' s Ethics Revisited", "type": "title", "id": 0}, {"begin": 110, "end": 147, "text": "Grace: Studies in Karl Barth's Ethics", "tokenized_text": "Grace : Studies in Karl Barth ' s Ethics", "type": "venue", "id": 1}, {"begin": 179, "end": 183, "text": "2010", "tokenized_text": "2010", "type": "year", "id": 2}]