[{"begin": 1, "end": 68, "text": "Response to John Finnis: Inviting More Explication and More Economy", "tokenized_text": "Response to John Finnis : Inviting More Explication and More Economy", "type": "title", "id": 0}, {"begin": 71, "end": 107, "text": "The Naked Public Square Reconsidered", "tokenized_text": "The Naked Public Square Reconsidered", "type": "venue", "id": 1}, {"begin": 107, "end": 158, "text": ": Religion and Politics in the Twenty-First Century", "tokenized_text": ": Religion and Politics in the Twenty - First Century", "type": "title", "id": 2}, {"begin": 176, "end": 181, "text": "Wolfe", "tokenized_text": "Wolfe", "type": "venue", "id": 3}, {"begin": 193, "end": 197, "text": "2009", "tokenized_text": "2009", "type": "year", "id": 4}]