[{"begin": 1, "end": 70, "text": "Agape and Special Relations in a Global Economy: Theological Sources,", "tokenized_text": "Agape and Special Relations in a Global Economy : Theological Sources ,", "type": "title", "id": 0}, {"begin": 72, "end": 109, "text": "Global Neighbors: Christian Faith and", "tokenized_text": "Global Neighbors : Christian Faith and", "type": "title", "id": 1}, {"begin": 110, "end": 145, "text": "Moral Obligation in Today's Economy", "tokenized_text": "Moral Obligation in Today ' s Economy", "type": "venue", "id": 2}, {"begin": 160, "end": 165, "text": "Hicks", "tokenized_text": "Hicks", "type": "venue", "id": 3}, {"begin": 192, "end": 196, "text": "2008", "tokenized_text": "2008", "type": "year", "id": 4}]