[{"begin": 1, "end": 77, "text": "A Protestant View: The Ethics of Embryo Adoption and the Catholic Tradition,", "tokenized_text": "A Protestant View : The Ethics of Embryo Adoption and the Catholic Tradition ,", "type": "title", "id": 0}, {"begin": 79, "end": 155, "text": "in The Ethics of Embryo Adoption and the Catholic Tradition: Moral Arguments", "tokenized_text": "in The Ethics of Embryo Adoption and the Catholic Tradition : Moral Arguments", "type": "title", "id": 1}, {"begin": 157, "end": 165, "text": "Economic", "tokenized_text": "Economic", "type": "venue", "id": 2}, {"begin": 166, "end": 196, "text": "Realities, and Social Analysis", "tokenized_text": "Realities , and Social Analysis", "type": "title", "id": 3}, {"begin": 260, "end": 264, "text": "2007", "tokenized_text": "2007", "type": "year", "id": 4}]