{
  "comment": "//leave comments here if needed",
  "contain_publication_list": "F",
  "email": "tkewaisy@gmu.edu",
  "filename": "0f9af1e7-336e-4ccd-b350-fd069ba1b1ba",
  "info": "T means true, F means False. If no publications, just leave the publication structure unchanged.",
  "is_personal_homepage": "T",
  "name": "Tarek H. Kewaisy",
  "name_index": [
    {
      "index_in_file": [
        [
          445,
          461
        ]
      ],
      "name_format": "Begin_First_Full Inside_Middle_Initial End_Last_Full",
      "text": "Tarek H. Kewaisy"
    },
    {
      "in_email": "Before_At",
      "index_in_file": [
        [
          541,
          548
        ],
        [
          910,
          917
        ],
        [
          1255,
          1262
        ]
      ],
      "name_format": "Begin_Last_Full",
      "text": "Kewaisy"
    },
    {
      "in_email": "Before_At",
      "index_in_file": [
        [
          520,
          528
        ]
      ],
      "name_format": "Begin_First_Initial_Last_Full",
      "text": "tkewaisy"
    }
  ],
  "publications": [
    {
      "text": "COPY_SINGLE_PUBLICATION_HERE"
    },
    {
      "text": "COPY_SINGLE_PUBLICATION_HERE"
    }
  ],
  "url": "http://civil.gmu.edu/people/tarek-h-kewaisy"
}