{
  "comment": "//leave comments here if needed",
  "contain_publication_list": "F",
  "email": "u5293586@anu.edu.au",
  "filename": "00e83eb0-344f-4b2d-9898-c061f0f67f67",
  "info": "T means true, F means False. If no publications, just leave the publication structure unchanged.",
  "is_personal_homepage": "T",
  "name": "Renheng Bo",
  "name_index": [
    {
      "index_in_file": [
        [
          171,
          181
        ],
        [
          182,
          192
        ]
      ],
      "name_format": "Begin_First_Full End_Last_Full",
      "text": "Renheng Bo"
    }
  ],
  "publications": [
    {
      "text": "COPY_SINGLE_PUBLICATION_HERE"
    },
    {
      "text": "COPY_SINGLE_PUBLICATION_HERE"
    }
  ],
  "url": "https://eng.anu.edu.au/people/renheng-bo-0"
}