{
  "comment": "//leave comments here if needed",
  "contain_publication_list": "T",
  "email": "gregory@Princeton.edu",
  "filename": "59403b87-44fb-4af8-8025-a03d227a44a0",
  "info": "T means true, F means False. If no publications, just leave the publication structure unchanged.",
  "is_personal_homepage": "T",
  "name": "Eric Gregory",
  "name_index": [
    {
      "index_in_file": [
        [
          5234,
          5251
        ]
      ],
      "name_format": "Begin_First_Full End_Last_Full",
      "text": "Christopher Wolfe"
    },
    {
      "index_in_file": [
        [
          3074,
          3085
        ]
      ],
      "name_format": "Begin_First_Full End_Last_Full",
      "text": "Robert Song"
    },
    {
      "index_in_file": [
        [
          4680,
          4696
        ]
      ],
      "name_format": "Begin_First_Full End_Last_Full",
      "text": "Gerald McDermott"
    },
    {
      "index_in_file": [
        [
          3407,
          3417
        ]
      ],
      "name_format": "Begin_First_Full End_Last_Full",
      "text": "John Perry"
    },
    {
      "index_in_file": [
        [
          3885,
          3900
        ]
      ],
      "name_format": "Begin_First_Full End_Last_Full",
      "text": "Michael Kessler"
    },
    {
      "index_in_file": [
        [
          145,
          157
        ],
        [
          158,
          170
        ],
        [
          353,
          365
        ]
      ],
      "name_format": "Begin_First_Full End_Last_Full",
      "text": "Eric Gregory"
    },
    {
      "index_in_file": [
        [
          4900,
          4915
        ]
      ],
      "name_format": "Begin_First_Full End_Last_Full",
      "text": "Daniel Migliore"
    },
    {
      "index_in_file": [
        [
          2343,
          2365
        ]
      ],
      "name_format": "Begin_First_Full End_Last_Full",
      "text": "Aristotle Papanikolaou"
    },
    {
      "index_in_file": [
        [
          2801,
          2819
        ]
      ],
      "name_format": "Begin_First_Full End_Last_Full",
      "text": "Elizabeth Phillips"
    },
    {
      "index_in_file": [
        [
          4487,
          4501
        ]
      ],
      "name_format": "Begin_First_Full End_Last_Full",
      "text": "Paul Oslington"
    },
    {
      "index_in_file": [
        [
          5033,
          5044
        ]
      ],
      "name_format": "Begin_First_Full End_Last_Full",
      "text": "Helga Kuhse"
    },
    {
      "index_in_file": [
        [
          5688,
          5708
        ]
      ],
      "name_format": "Begin_First_Full End_Last_Full",
      "text": "Sarah-Vaughn Brakman"
    },
    {
      "index_in_file": [
        [
          2785,
          2796
        ],
        [
          4148,
          4159
        ]
      ],
      "name_format": "Begin_First_Full End_Last_Full",
      "text": "Craig Hovey"
    },
    {
      "index_in_file": [
        [
          5431,
          5444
        ]
      ],
      "name_format": "Begin_First_Full End_Last_Full",
      "text": "Douglas Hicks"
    },
    {
      "index_in_file": [
        [
          5449,
          5460
        ]
      ],
      "name_format": "Begin_First_Full End_Last_Full",
      "text": "Mark Valeri"
    },
    {
      "index_in_file": [
        [
          3057,
          3069
        ]
      ],
      "name_format": "Begin_First_Full End_Last_Full",
      "text": "Brent Waters"
    },
    {
      "index_in_file": [
        [
          5713,
          5734
        ]
      ],
      "name_format": "Begin_First_Full Inside_Middle_Full End_Last_Full",
      "text": "Darlene Fozard Weaver"
    },
    {
      "index_in_file": [
        [
          3723,
          3740
        ]
      ],
      "name_format": "Begin_First_Full Inside_Middle_Initial End_Last_Full",
      "text": "Justin D. Klassen"
    },
    {
      "index_in_file": [
        [
          3700,
          3718
        ]
      ],
      "name_format": "Begin_First_Full Inside_Middle_Initial End_Last_Full",
      "text": "Carlos D. Colorado"
    },
    {
      "index_in_file": [
        [
          2316,
          2338
        ]
      ],
      "name_format": "Begin_First_Full Inside_Middle_Initial End_Last_Full",
      "text": "George E. Demacopoulos"
    },
    {
      "index_in_file": [
        [
          2552,
          2572
        ]
      ],
      "name_format": "Begin_First_Full Inside_Middle_Initial End_Last_Full",
      "text": "Frederick V. Simmons"
    },
    {
      "index_in_file": [
        [
          4103,
          4123
        ]
      ],
      "name_format": "Begin_First_Full Inside_Middle_Initial End_Last_Full",
      "text": "William T. Cavanaugh"
    },
    {
      "index_in_file": [
        [
          2577,
          2594
        ]
      ],
      "name_format": "Begin_First_Full Inside_Middle_Initial End_Last_Full",
      "text": "Brian C. Sorrells"
    },
    {
      "index_in_file": [
        [
          4125,
          4142
        ]
      ],
      "name_format": "Begin_First_Full Inside_Middle_Initial End_Last_Full",
      "text": "Jeffrey W. Bailey"
    },
    {
      "index_in_file": [
        [
          5013,
          5028
        ]
      ],
      "name_format": "Begin_First_Full Inside_Middle_Initial End_Last_Full",
      "text": "Peter A. Singer"
    },
    {
      "in_email": "Before_At",
      "index_in_file": [
        [
          247,
          254
        ]
      ],
      "name_format": "Begin_Last_Full",
      "text": "gregory"
    }
  ],
  "publications": [
    {
      "length": 231,
      "line_num": [
        31,
        32
      ],
      "start_index_in_file": 2186,
      "text": "\u201cStrange Fruit: Augustine, Liberalism, and the Good Samaritan,\u201d Christianity, Democracy, and the Shadow of Constantine, edited by George E. Demacopoulos and Aristotle Papanikolaou\n(New York: Fordham University Press, 2017), 98-110."
    },
    {
      "length": 240,
      "line_num": [
        33,
        34
      ],
      "start_index_in_file": 2418,
      "text": "\u201cThe Double Love Command and the Ethics of Religious Pluralism,\u201d Love and Christian Ethics: Tradition, Theory, and Society, edited by Frederick V. Simmons and Brian C. Sorrells\n(Washington, D.C.: Georgetown University Press, 2016), 332-346."
    },
    {
      "length": 216,
      "line_num": [
        35,
        36
      ],
      "start_index_in_file": 2659,
      "text": "\"Augustinianisms and Thomisms,\" co-authored with Joseph Clair, Cambridge Companion to Christian Political Theology, edited by Craig Hovey and Elizabeth Phillips\n(Cambridge: Cambridge University Press, 2015), 176-196."
    },
    {
      "length": 248,
      "line_num": [
        37,
        38
      ],
      "start_index_in_file": 2876,
      "text": "\"The Boldness of Analogy: Civic Virtues and Augustinian Eudaimonism,\" The Authority of the Gospel: Explorations in Moral and Political Theology in Honour of Oliver O'Donovan, eds., Brent Waters and Robert Song\n(Grand Rapids: Eerdmans, 2015), 72-85."
    },
    {
      "length": 157,
      "line_num": [
        39,
        40
      ],
      "start_index_in_file": 3125,
      "text": "\"What Do We Want from the Just War Tradition? New Challenges of Surveillance and the Security State,\" Studies in Christian Ethics 27:1\n(January 2014): 50-62."
    },
    {
      "length": 179,
      "line_num": [
        41,
        42
      ],
      "start_index_in_file": 3283,
      "text": "\"'Remember the Poor': Duties, Dilemmas, and Vocation,\" God, the Good, and Utilitarianism: Perspectives on Peter Singer, ed. John Perry\n(Cambridge University Press, 2014), 192-208."
    },
    {
      "length": 326,
      "line_num": [
        43,
        44
      ],
      "start_index_in_file": 3463,
      "text": "\"Enfleshment and the Time of Ethics: Taylor and Illich on the Parable of the Good Samaritan,\" co-authored with Leah Hunt-Hendrix, Aspiring to Fullness in a Secular Age: Essays on Religion and Theology in the Work of Charles Taylor, eds. Carlos D. Colorado and Justin D. Klassen\n(University of Notre Dame Press, 2014), 217-239."
    },
    {
      "length": 161,
      "line_num": [
        45,
        46
      ],
      "start_index_in_file": 3790,
      "text": "\"Christianity and the Rise of the Democratic State,\" Political Theology for a Plural Age, ed., Michael Kessler\n(New York: Oxford University Press, 2013), 99-107."
    },
    {
      "length": 248,
      "line_num": [
        47,
        48
      ],
      "start_index_in_file": 3952,
      "text": "\"America and the Church: John Courtney Murray, Reinhold Niebuhr, and H. Richard Niebuhr,\" An Eerdmans Reader in Contemporary Political Theology, eds., William T. Cavanaugh, Jeffrey W. Bailey, and Craig Hovey\n(Grand Rapids: Eerdmans, 2012), 217-222."
    },
    {
      "length": 97,
      "line_num": [
        49,
        50
      ],
      "start_index_in_file": 4201,
      "text": "\"The Jewish Roots of the Modern Republic,\" Harvard Theological Review 105.3\n(July 2012): 372-380."
    },
    {
      "length": 84,
      "line_num": [
        51,
        52
      ],
      "start_index_in_file": 4299,
      "text": "\"Politics & The Order of Love: An Augustinian Ethic of Democratic Citizenship?\"\n2008"
    },
    {
      "length": 153,
      "line_num": [
        53,
        54
      ],
      "start_index_in_file": 4384,
      "text": "\"Sympathy and Domination: Adam Smith and the Virtues of Augustinianism,\" Adam Smith as Theologian, ed. Paul Oslington\n(New York: Routledge, 2011), 33-45."
    },
    {
      "length": 80,
      "line_num": [
        55,
        56
      ],
      "start_index_in_file": 4538,
      "text": "\"Augustinians and the New Liberalism,\" Augustinian Studies 41.1\n(2010): 315-332."
    },
    {
      "length": 127,
      "line_num": [
        57,
        58
      ],
      "start_index_in_file": 4619,
      "text": "\"Politics,\" The Oxford Handbook of Evangelical Theology, ed. Gerald McDermott\n(Oxford: Oxford University Press, 2010), 389-401."
    },
    {
      "length": 192,
      "line_num": [
        59,
        60
      ],
      "start_index_in_file": 4747,
      "text": "\"The Spirit and the Letter: Protestant Thomism and Nigel Biggar's 'Karl Barth's Ethics Revisited',\"Commanding Grace: Studies in Karl Barth's Ethics, ed. Daniel Migliore\n(Eerdmans 2010), 50-59."
    },
    {
      "length": 129,
      "line_num": [
        61,
        62
      ],
      "start_index_in_file": 4940,
      "text": "\"Religion and Bioethics,\" A Companion to Bioethics: Second Edition, eds. Peter A. Singer and Helga Kuhse\n(Blackwell 2009), 46-55."
    },
    {
      "length": 208,
      "line_num": [
        63,
        64
      ],
      "start_index_in_file": 5070,
      "text": "\"Response to John Finnis: Inviting More Explication and More Economy,\" The Naked Public Square Reconsidered: Religion and Politics in the Twenty-First Century, ed. Christopher Wolfe\n(ISI Books 2009), 141-150."
    },
    {
      "length": 205,
      "line_num": [
        65,
        66
      ],
      "start_index_in_file": 5279,
      "text": "\"Agape and Special Relations in a Global Economy: Theological Sources,\" Global Neighbors: Christian Faith and Moral Obligation in Today's Economy, eds. Douglas Hicks and Mark Valeri\n(Eerdmans 2008), 16-42."
    },
    {
      "length": 275,
      "line_num": [
        67,
        68
      ],
      "start_index_in_file": 5485,
      "text": "\"A Protestant View: The Ethics of Embryo Adoption and the Catholic Tradition,\" in The Ethics of Embryo Adoption and the Catholic Tradition: Moral Arguments, Economic Realities, and Social Analysis, eds. Sarah-Vaughn Brakman and Darlene Fozard Weaver\n(Springer 2007), 199-218."
    },
    {
      "length": 136,
      "line_num": [
        69,
        70
      ],
      "start_index_in_file": 5761,
      "text": "\"Before the Original Position: The Neo-Orthodox Theology of the Young John Rawls,\"Journal of Religious Ethics 35.2\n(June 2007): 179-206."
    }
  ],
  "url": "http://religion.princeton.edu/people/faculty/core-faculty/eric-gregory/"
}