{
  "comment": "//leave comments here if needed",
  "contain_publication_list": "F",
  "email": "",
  "filename": "10ecd17b-796c-409d-8ee2-b6b458ad0a77",
  "info": "T means true, F means False. If no publications, just leave the publication structure unchanged.",
  "is_personal_homepage": "T",
  "name": "Paolo Gandini",
  "name_index": [
    {
      "index_in_file": [
        [
          164,
          177
        ],
        [
          442,
          455
        ]
      ],
      "name_format": "Begin_First_Full End_Last_Full",
      "text": "Paolo Gandini"
    }
  ],
  "publications": [
    {
      "text": "COPY_SINGLE_PUBLICATION_HERE"
    },
    {
      "text": "COPY_SINGLE_PUBLICATION_HERE"
    }
  ],
  "url": "http://www.stx.ox.ac.uk/people/fellow/dr-paolo-gandini"
}