{
  "comment": "//leave comments here if needed",
  "contain_publication_list": "F",
  "email": "Kathryn.Gary@ekh.lu.se",
  "filename": "fcd60fc7-5d25-4a5d-a7e5-1120eabf9267",
  "info": "T means true, F means False. If no publications, just leave the publication structure unchanged.",
  "is_personal_homepage": "T",
  "name": "Kathryn Gary",
  "name_index": [
    {
      "index_in_file": [
        [
          227,
          239
        ]
      ],
      "name_format": "Begin_First_Full End_Last_Full",
      "text": "Kathryn Gary"
    },
    {
      "in_email": "BEFORE_AT",
      "index_in_file": [
        [
          372,
          384
        ]
      ],
      "name_format": "Begin_First_Full End_Last_Full",
      "text": "Kathryn.Gary"
    },
    {
      "in_email": "BEFORE_AT",
      "index_in_file": [
        [
          489,
          505
        ]
      ],
      "name_format": "Begin_First_Full End_Last_Full",
      "text": "kristin.fransson"
    }
  ],
  "publications": [
    {
      "text": "COPY_SINGLE_PUBLICATION_HERE"
    },
    {
      "text": "COPY_SINGLE_PUBLICATION_HERE"
    }
  ],
  "url": "http://www.ekh.lu.se/personal/staff/ekh-ktg"
}