{
  "comment": "//leave comments here if needed",
  "contain_publication_list": "F",
  "email": "memmi@uw.edu",
  "filename": "a71c43f4-0e68-499e-a9b8-e78d2dbe8df7",
  "info": "T means true, F means False. If no publications, just leave the publication structure unchanged.",
  "is_personal_homepage": "T",
  "name": "Memmi Ochi",
  "name_index": [
    {
      "index_in_file": [
        [
          226,
          236
        ],
        [
          621,
          631
        ],
        [
          1422,
          1432
        ]
      ],
      "name_format": "Begin_First_Full End_Last_Full",
      "text": "Memmi Ochi"
    },
    {
      "in_email": "BEFORE_AT",
      "index_in_file": [
        [
          264,
          269
        ]
      ],
      "name_format": "Begin_First_Full",
      "text": "memmi"
    },
    {
      "index_in_file": [
        [
          717,
          721
        ],
        [
          1208,
          1212
        ]
      ],
      "name_format": "Begin_Last_Full",
      "text": "Ochi"
    }
  ],
  "publications": [
    {
      "text": "COPY_SINGLE_PUBLICATION_HERE"
    },
    {
      "text": "COPY_SINGLE_PUBLICATION_HERE"
    }
  ],
  "url": "https://music.washington.edu/people/memmi-ochi"
}