{
  "comment": "//leave comments here if needed",
  "contain_publication_list": "F",
  "email": "tfratto58@hotmail.com",
  "filename": "602f9d7b-9ac9-4edd-b473-285d6680284a",
  "info": "T means true, F means False. If no publications, just leave the publication structure unchanged.",
  "is_personal_homepage": "T",
  "name": "Thomas Fratto",
  "name_index": [
    {
      "index_in_file": [
        [
          150,
          163
        ],
        [
          180,
          193
        ]
      ],
      "name_format": "Begin_First_Full End_Last_Full",
      "text": "Thomas Fratto"
    }
  ],
  "publications": [
    {
      "text": "COPY_SINGLE_PUBLICATION_HERE"
    },
    {
      "text": "COPY_SINGLE_PUBLICATION_HERE"
    }
  ],
  "url": "https://www.umb.edu/academics/csm/faculty_staff/thomas_fratto"
}