{
  "comment": "//leave comments here if needed",
  "contain_publication_list": "F",
  "email": "k.mathieugonzalez@neu.edu",
  "filename": "1944d01f-f637-4574-90f0-231638568f4d",
  "info": "T means true, F means False. If no publications, just leave the publication structure unchanged.",
  "is_personal_homepage": "T",
  "name": "Kristen Mathieu Gonzalez",
  "name_index": [
    {
      "index_in_file": [
        [
          561,
          571
        ]
      ],
      "name_format": "Begin_First_Full End_Last_Full",
      "text": "Phil Brown"
    },
    {
      "index_in_file": [
        [
          35,
          59
        ]
      ],
      "name_format": "Begin_First_Full Inside_Middle_Full End_Last_Full",
      "text": "Kristen Mathieu Gonzalez"
    },
    {
      "index_in_file": [
        [
          182,
          199
        ]
      ],
      "name_format": "Begin_First_Initial End_Middle_Full_Last_Full",
      "text": "k.mathieugonzalez"
    }
  ],
  "publications": [
    {
      "text": "COPY_SINGLE_PUBLICATION_HERE"
    },
    {
      "text": "COPY_SINGLE_PUBLICATION_HERE"
    }
  ],
  "url": "http://www.northeastern.edu/bouve/blog/news/kristen-mathieu-gonzalez/"
}