[{"begin": 0, "end": 72, "text": "Pioneering medical advances through nanofluidic implantable technologies", "tokenized_text": "Pioneering medical advances through nanofluidic implantable technologies", "type": "title", "id": 0}, {"begin": 75, "end": 106, "text": "Wiley interdisciplinary reviews", "tokenized_text": "Wiley interdisciplinary reviews", "type": "venue", "id": 1}, {"begin": 108, "end": 142, "text": "Nanomedicine and nanobiotechnology", "tokenized_text": "Nanomedicine and nanobiotechnology", "type": "venue", "id": 2}, {"begin": 144, "end": 148, "text": "2017", "tokenized_text": "2017", "type": "year", "id": 3}]