[{"begin": 0, "end": 105, "text": "Rapamycin nanoparticles localize in diseased lung vasculature and prevent pulmonary arterial hypertension", "tokenized_text": "Rapamycin nanoparticles localize in diseased lung vasculature and prevent pulmonary arterial hypertension", "type": "title", "id": 0}, {"begin": 108, "end": 146, "text": "International journal of pharmaceutics", "tokenized_text": "International journal of pharmaceutics", "type": "venue", "id": 1}, {"begin": 148, "end": 152, "text": "2017", "tokenized_text": "2017", "type": "year", "id": 2}]