[{"begin": 0, "end": 93, "text": "Enhancing Vascularization through the Controlled Release of Platelet-Derived Growth Factor-BB", "tokenized_text": "Enhancing Vascularization through the Controlled Release of Platelet - Derived Growth Factor - BB", "type": "title", "id": 0}, {"begin": 96, "end": 132, "text": "ACS Applied Materials and Interfaces", "tokenized_text": "ACS Applied Materials and Interfaces", "type": "venue", "id": 1}, {"begin": 134, "end": 138, "text": "2017", "tokenized_text": "2017", "type": "year", "id": 2}]