[{"begin": 0, "end": 116, "text": "Multi-step encapsulation of chemotherapy and gene silencing agents in functionalized mesoporous silica nanoparticles", "tokenized_text": "Multi - step encapsulation of chemotherapy and gene silencing agents in functionalized mesoporous silica nanoparticles", "type": "title", "id": 0}, {"begin": 119, "end": 128, "text": "Nanoscale", "tokenized_text": "Nanoscale", "type": "venue", "id": 1}, {"begin": 130, "end": 134, "text": "2017", "tokenized_text": "2017", "type": "year", "id": 2}]