{
  "comment": "//leave comments here if needed",
  "contain_publication_list": "F",
  "email": "Christer.Tornkvist@angstrom.uu.se",
  "filename": "39a1d7c9-4167-456f-8817-ec7ced1cd3bc",
  "info": "T means true, F means False. If no publications, just leave the publication structure unchanged.",
  "is_personal_homepage": "T",
  "name": "Christer T\u00f6rnkvist",
  "name_index": [
    {
      "index_in_file": [
        [
          184,
          202
        ]
      ],
      "name_format": "Begin_First_Full End_Last_Full",
      "text": "Christer T\u00f6rnkvist"
    }
  ],
  "publications": [
    {
      "text": "COPY_SINGLE_PUBLICATION_HERE"
    },
    {
      "text": "COPY_SINGLE_PUBLICATION_HERE"
    }
  ],
  "url": "http://katalog.uu.se/profile/?id=N13-634"
}