{
  "comment": "//leave comments here if needed",
  "contain_publication_list": "F",
  "email": "clive.schwartz@utoronto.ca",
  "filename": "1fc7fd0d-f841-40a3-8895-538832076d52",
  "info": "T means true, F means False. If no publications, just leave the publication structure unchanged.",
  "is_personal_homepage": "T",
  "name": "Clive Schwartz",
  "name_index": [
    {
      "index_in_file": [
        [
          132,
          146
        ]
      ],
      "name_format": "Begin_First_Full End_Last_Full",
      "text": "Clive Schwartz"
    },
    {
      "in_email": "BEFORE_AT",
      "index_in_file": [
        [
          326,
          340
        ]
      ],
      "name_format": "Begin_First_Full End_Last_Full",
      "text": "clive.schwartz"
    },
    {
      "index_in_file": [
        [
          69,
          77
        ],
        [
          119,
          127
        ]
      ],
      "name_format": "Begin_Last_Full",
      "text": "SCHWARTZ"
    }
  ],
  "publications": [
    {
      "text": "COPY_SINGLE_PUBLICATION_HERE"
    },
    {
      "text": "COPY_SINGLE_PUBLICATION_HERE"
    }
  ],
  "url": "http://www.paeds.utoronto.ca/faculty/Clive_Schwartz.htm"
}