[{"begin": 231, "end": 292, "text": " Smith TW, Wareham LK, Hippler M, Schatzschneider U & Poole R", "tokenized_text": "Smith TW , Wareham LK , Hippler M , Schatzschneider U & Poole RK", "type": "authors", "id": 0}, {"begin": 294, "end": 324, "text": " Antioxidants & Redox Signalin", "tokenized_text": "Antioxidants & Redox Signaling", "type": "venue", "id": 1}, {"begin": 344, "end": 348, "text": "(201", "tokenized_text": "2016", "type": "year", "id": 2}, {"begin": 0, "end": 184, "text": "Antimicrobial Activity of the Manganese Photoactivated Carbon Monoxide-Releasing Molecule (Mn(CO) 3 (tpa-κ 3 N )) + Against a Pathogenic Escherichia coli that Causes Urinary Infection", "tokenized_text": "Antimicrobial Activity of the Manganese Photoactivated Carbon Monoxide - Releasing Molecule ( Mn ( CO ) 3 ( tpa - κ 3 N ) ) + Against a Pathogenic Escherichia coli that Causes Urinary Infections", "type": "title", "id": 3}]