[{"begin": 0, "end": 87, "text": "Cavity-Enhanced Raman Spectroscopy of Natural Gas with Optical Feedback cw-Diode Lasers", "tokenized_text": "Cavity - Enhanced Raman Spectroscopy of Natural Gas with Optical Feedback cw - Diode Lasers", "type": "title", "id": 0}, {"begin": 89, "end": 98, "text": "Hippler M", "tokenized_text": "Hippler M", "type": "venue", "id": 1}, {"begin": 100, "end": 120, "text": "Analytical Chemistry", "tokenized_text": "Analytical Chemistry", "type": "venue", "id": 2}, {"begin": 142, "end": 146, "text": "2015", "tokenized_text": "2015", "type": "year", "id": 3}]