[{"begin": 0, "end": 139, "text": "Coordination polymer flexibility leads to polymorphism and enables a crystalline solid-vapour reaction: A multi-technique mechanistic study", "tokenized_text": "Coordination polymer flexibility leads to polymorphism and enables a crystalline solid - vapour reaction : A multi - technique mechanistic study", "type": "title", "id": 0}, {"begin": 169, "end": 252, "text": "i S, Loader JR, Mínguez Espallargas G, Hippler M, Fletcher AJ, Thompson SP, Warren", "tokenized_text": "S , Loader JR , Mínguez Espallargas G , Hippler M , Fletcher AJ , Thompson SP , Warren JE", "type": "authors", "id": 1}, {"begin": 254, "end": 262, "text": "E, Musum", "tokenized_text": "Musumeci", "type": "authors", "id": 2}, {"begin": 263, "end": 285, "text": "ci D, Ward MD & Bramme", "tokenized_text": "D , Ward MD & Brammer L", "type": "authors", "id": 3}, {"begin": 287, "end": 317, "text": "L, Chemistry - A European Jour", "tokenized_text": "Chemistry - A European Journal", "type": "venue", "id": 4}, {"begin": 339, "end": 343, "text": ", (2", "tokenized_text": "2015", "type": "year", "id": 5}]