[{"begin": 0, "end": 139, "text": "Coordination Polymer Flexibility Leads to Polymorphism and Enables a Crystalline Solid-Vapour Reaction: A Multi-technique Mechanistic Study", "tokenized_text": "Coordination Polymer Flexibility Leads to Polymorphism and Enables a Crystalline Solid - Vapour Reaction : A Multi - technique Mechanistic Study", "type": "title", "id": 0}, {"begin": 169, "end": 252, "text": "i S, Loader JR, Mínguez Espallargas G, Hippler M, Fletcher AJ, Thompson SP, Warren", "tokenized_text": "S , Loader JR , Mínguez Espallargas G , Hippler M , Fletcher AJ , Thompson SP , Warren JE", "type": "authors", "id": 1}, {"begin": 254, "end": 262, "text": "E, Musum", "tokenized_text": "Musumeci", "type": "authors", "id": 2}, {"begin": 263, "end": 285, "text": "ci D, Ward MD & Bramme", "tokenized_text": "D , Ward MD & Brammer L", "type": "authors", "id": 3}, {"begin": 287, "end": 317, "text": "L, Chemistry - A European Jour", "tokenized_text": "Chemistry - A European Journal", "type": "venue", "id": 4}, {"begin": 339, "end": 343, "text": ", (2", "tokenized_text": "2015", "type": "year", "id": 5}]