[{"begin": 0, "end": 112, "text": "Cavity-enhanced Raman spectroscopy with optical feedback cw diode lasers for gas phase analysis and spectroscopy", "tokenized_text": "Cavity - enhanced Raman spectroscopy with optical feedback cw diode lasers for gas phase analysis and spectroscopy", "type": "title", "id": 0}, {"begin": 115, "end": 142, "text": "Salter R, Chu J & Hippler M", "tokenized_text": "Salter R , Chu J & Hippler M", "type": "venue", "id": 1}, {"begin": 144, "end": 151, "text": "Analyst", "tokenized_text": "Analyst", "type": "venue", "id": 2}, {"begin": 174, "end": 178, "text": "2012", "tokenized_text": "2012", "type": "year", "id": 3}]