[{"begin": 0, "end": 100, "text": "Trace gas detection of molecular hydrogen H(2) by photoacoustic stimulated Raman spectroscopy (PARS)", "tokenized_text": "Trace gas detection of molecular hydrogen H ( 2 ) by photoacoustic stimulated Raman spectroscopy ( PARS )", "type": "title", "id": 0}, {"begin": 115, "end": 135, "text": "Watson V & Hippler M", "tokenized_text": "Watson V & Hippler M", "type": "venue", "id": 1}, {"begin": 137, "end": 144, "text": "Analyst", "tokenized_text": "Analyst", "type": "venue", "id": 2}, {"begin": 166, "end": 170, "text": "2012", "tokenized_text": "2012", "type": "year", "id": 3}]