[{"begin": 0, "end": 86, "text": "Inexpensive raman spectrometer for undergraduate and graduate experiments and research", "tokenized_text": "Inexpensive raman spectrometer for undergraduate and graduate experiments and research", "type": "title", "id": 0}, {"begin": 88, "end": 118, "text": "Mohr C, Spencer CL & Hippler M", "tokenized_text": "Mohr C , Spencer CL & Hippler M", "type": "authors", "id": 1}, {"begin": 120, "end": 149, "text": "Journal of Chemical Education", "tokenized_text": "Journal of Chemical Education", "type": "venue", "id": 2}, {"begin": 168, "end": 172, "text": "2010", "tokenized_text": "2010", "type": "year", "id": 3}]