[{"begin": 0, "end": 95, "text": "Quantum-chemical study and FTIR jet spectroscopy of CHCl(3)-NH(3) association in the gas phase.", "tokenized_text": "Quantum - chemical study and FTIR jet spectroscopy of CHCl ( 3 ) - NH ( 3 ) association in the gas phase .", "type": "title", "id": 0}, {"begin": 114, "end": 122, "text": "S & Suhm", "tokenized_text": "S & Suhm", "type": "venue", "id": 1}, {"begin": 127, "end": 146, "text": "Phys Chem Chem Phys", "tokenized_text": "Phys Chem Chem Phys", "type": "venue", "id": 2}, {"begin": 170, "end": 174, "text": "2010", "tokenized_text": "2010", "type": "year", "id": 3}]