[{"begin": 245, "end": 249, "text": "2010", "tokenized_text": "2010", "type": "year", "id": 0}, {"begin": 0, "end": 170, "text": "Cavity-enhanced resonant photoacoustic spectroscopy with optical feedback cw diode lasers: A novel technique for ultratrace gas analysis and high-resolution spectroscopy.", "tokenized_text": "Cavity - enhanced resonant photoacoustic spectroscopy with optical feedback cw diode lasers : A novel technique for ultratrace gas analysis and high - resolution spectroscopy .", "type": "title", "id": 1}, {"begin": 181, "end": 189, "text": ", Mohr C", "tokenized_text": ", Mohr C", "type": "authors", "id": 2}, {"begin": 199, "end": 200, "text": "&", "tokenized_text": "&", "type": "venue", "id": 3}, {"begin": 215, "end": 226, "text": "J Chem Phys", "tokenized_text": "J Chem Phys", "type": "venue", "id": 4}]