[{"begin": 0, "end": 175, "text": "High-resolution continuous-wave-diode laser cavity ring-down spectroscopy of the hydrogen fluoride dimer in a pulsed slit jet expansion: two components of the N=2 triad near 1", "tokenized_text": "High - resolution continuous - wave - diode laser cavity ring - down spectroscopy of the hydrogen fluoride dimer in a pulsed slit jet expansion : two components of the N = 2 triad near 1", "type": "title", "id": 0}, {"begin": 206, "end": 217, "text": "L & Quack M", "tokenized_text": "L & Quack M", "type": "authors", "id": 1}, {"begin": 219, "end": 232, "text": "J Phys Chem A", "tokenized_text": "J Phys Chem A", "type": "venue", "id": 2}, {"begin": 257, "end": 261, "text": "2007", "tokenized_text": "2007", "type": "year", "id": 3}]