{
  "comment": "//leave comments here if needed",
  "contain_publication_list": "T",
  "email": "mufson@astro.indiana.edu",
  "filename": "422900d8-1e06-42fc-9ca9-cfd6ac9d41ba",
  "info": "T means true, F means False. If no publications, just leave the publication structure unchanged.",
  "is_personal_homepage": "T",
  "name": "Stuart L. Mufson",
  "name_index": [
    {
      "index_in_file": [
        [
          997,
          1011
        ]
      ],
      "name_format": "Begin_First_Full End_Last_Full",
      "text": "Hollis Johnson"
    },
    {
      "index_in_file": [
        [
          1070,
          1088
        ]
      ],
      "name_format": "Begin_First_Full End_Last_Full",
      "text": "Jonathan Thornburg"
    },
    {
      "index_in_file": [
        [
          1032,
          1043
        ]
      ],
      "name_format": "Begin_First_Full End_Last_Full",
      "text": "Samir Salim"
    },
    {
      "index_in_file": [
        [
          982,
          996
        ]
      ],
      "name_format": "Begin_First_Full End_Last_Full",
      "text": "Kent Honeycutt"
    },
    {
      "index_in_file": [
        [
          1192,
          1207
        ]
      ],
      "name_format": "Begin_First_Full End_Last_Full",
      "text": "Alec Hirschauer"
    },
    {
      "index_in_file": [
        [
          1105,
          1118
        ]
      ],
      "name_format": "Begin_First_Full End_Last_Full",
      "text": "Scott Michael"
    },
    {
      "index_in_file": [
        [
          913,
          929
        ]
      ],
      "name_format": "Begin_First_Full End_Last_Full",
      "text": "Enrico Vesperini"
    },
    {
      "index_in_file": [
        [
          1139,
          1154
        ]
      ],
      "name_format": "Begin_First_Full End_Last_Full",
      "text": "Alan Kostelecky"
    },
    {
      "index_in_file": [
        [
          1208,
          1219
        ]
      ],
      "name_format": "Begin_First_Full End_Last_Full",
      "text": "Jeremy Webb"
    },
    {
      "index_in_file": [
        [
          947,
          962
        ]
      ],
      "name_format": "Begin_First_Full End_Last_Full",
      "text": "Martin Burkhead"
    },
    {
      "index_in_file": [
        [
          1089,
          1104
        ]
      ],
      "name_format": "Begin_First_Full End_Last_Full",
      "text": "Adjunct Faculty"
    },
    {
      "index_in_file": [
        [
          963,
          981
        ]
      ],
      "name_format": "Begin_First_Full Inside_Middle_Initial End_Last_Full",
      "text": "Richard H. Durisen"
    },
    {
      "index_in_file": [
        [
          1119,
          1138
        ]
      ],
      "name_format": "Begin_First_Full Inside_Middle_Initial End_Last_Full",
      "text": "Charles J. Horowitz"
    },
    {
      "index_in_file": [
        [
          884,
          898
        ]
      ],
      "name_format": "Begin_First_Full Inside_Middle_Initial End_Last_Full",
      "text": "John J. Salzer"
    },
    {
      "index_in_file": [
        [
          789,
          804
        ]
      ],
      "name_format": "Begin_First_Full Inside_Middle_Initial End_Last_Full",
      "text": "Eileen D. Friel"
    },
    {
      "index_in_file": [
        [
          1044,
          1069
        ]
      ],
      "name_format": "Begin_First_Full Inside_Middle_Initial End_Last_Full",
      "text": "Thomas Y. Steiman-Cameron"
    },
    {
      "index_in_file": [
        [
          805,
          822
        ]
      ],
      "name_format": "Begin_First_Full Inside_Middle_Initial End_Last_Full",
      "text": "Phyllis M. Lugger"
    },
    {
      "index_in_file": [
        [
          1155,
          1170
        ]
      ],
      "name_format": "Begin_First_Full Inside_Middle_Initial End_Last_Full",
      "text": "James A. Musser"
    },
    {
      "index_in_file": [
        [
          823,
          839
        ],
        [
          1254,
          1270
        ]
      ],
      "name_format": "Begin_First_Full Inside_Middle_Initial End_Last_Full",
      "text": "Stuart L. Mufson"
    },
    {
      "index_in_file": [
        [
          865,
          883
        ]
      ],
      "name_format": "Begin_First_Full Inside_Middle_Initial End_Last_Full",
      "text": "Katherine L. Rhode"
    },
    {
      "index_in_file": [
        [
          748,
          762
        ]
      ],
      "name_format": "Begin_First_Full Inside_Middle_Initial End_Last_Full",
      "text": "Haldan N. Cohn"
    },
    {
      "index_in_file": [
        [
          840,
          864
        ]
      ],
      "name_format": "Begin_First_Full Inside_Middle_Initial End_Last_Full",
      "text": "Catherine A. Pilachowski"
    },
    {
      "index_in_file": [
        [
          763,
          788
        ]
      ],
      "name_format": "Begin_First_Full Inside_Middle_Initial End_Last_Full",
      "text": "Constantine P. Deliyannis"
    },
    {
      "index_in_file": [
        [
          899,
          912
        ]
      ],
      "name_format": "Begin_First_Full Inside_Middle_Full End_Last_Full",
      "text": "Liese van Zee"
    },
    {
      "index_in_file": [
        [
          2822,
          2832
        ],
        [
          2991,
          3001
        ]
      ],
      "name_format": "Begin_Last_Full End_First_Initial",
      "text": "Mufson, S."
    },
    {
      "index_in_file": [
        [
          2806,
          2820
        ]
      ],
      "name_format": "Begin_Last_Full Inside_First_Initial End_Middle_Initial",
      "text": "Baptista, B.J."
    },
    {
      "index_in_file": [
        [
          2980,
          2989
        ]
      ],
      "name_format": "Begin_Last_Full End_First_Initial",
      "text": "Rebel, B."
    },
    {
      "index_in_file": [
        [
          2395,
          2406
        ],
        [
          2584,
          2595
        ]
      ],
      "name_format": "Begin_Last_Full End_First_Initial",
      "text": "Andrews, M."
    },
    {
      "index_in_file": [
        [
          2421,
          2431
        ],
        [
          2610,
          2620
        ]
      ],
      "name_format": "Begin_Last_Full End_First_Initial",
      "text": "Anghel, I."
    },
    {
      "index_in_file": [
        [
          2433,
          2441
        ],
        [
          2622,
          2630
        ]
      ],
      "name_format": "Begin_Last_Full End_First_Initial",
      "text": "Arms, K."
    },
    {
      "index_in_file": [
        [
          2372,
          2383
        ],
        [
          2561,
          2572
        ]
      ],
      "name_format": "Begin_Last_Full End_First_Initial",
      "text": "Adamson, P."
    },
    {
      "index_in_file": [
        [
          2385,
          2393
        ],
        [
          2574,
          2582
        ]
      ],
      "name_format": "Begin_Last_Full End_First_Initial",
      "text": "Ader, C."
    },
    {
      "index_in_file": [
        [
          2408,
          2419
        ],
        [
          2597,
          2608
        ]
      ],
      "name_format": "Begin_Last_Full End_First_Initial",
      "text": "Anfimov, N."
    },
    {
      "index_in_file": [
        [
          2460,
          2469
        ],
        [
          2649,
          2658
        ]
      ],
      "name_format": "Begin_First_Initial End_Last_Full",
      "text": "S. Mufson"
    },
    {
      "index_in_file": [
        [
          1495,
          1501
        ],
        [
          1561,
          1567
        ]
      ],
      "name_format": "Begin_Last_Full",
      "text": "Mufson"
    }
  ],
  "publications": [
    {
      "length": 189,
      "line_num": [
        98,
        99
      ],
      "start_index_in_file": 2314,
      "text": "First Measurement of Electron Neutrino Appearance in NOvA\nAdamson, P., Ader, C., Andrews, M., Anfimov, N., Anghel, I., Arms, K. et al. (including S. Mufson), 2016, PhysRevL, 116, id.151806."
    },
    {
      "length": 187,
      "line_num": [
        100,
        101
      ],
      "start_index_in_file": 2504,
      "text": "First measurement of muon-neutrino disappearance in NOvA\nAdamson, P., Ader, C., Andrews, M., Anfimov, N., Anghel, I., Arms, K. et al. (including S. Mufson), 2016, PhysRevD, 93, id.051104."
    },
    {
      "length": 162,
      "line_num": [
        102,
        103
      ],
      "start_index_in_file": 2692,
      "text": "Radiation Hardness Studies of InGaAs and Si Photodiodes at 30, 52, & 98 MeV and Fluences to  5 \u00d7 1011 PROTONS/CM2\nBaptista, B.J., Mufson, S. 2013, JAI, 2, 250008."
    },
    {
      "length": 177,
      "line_num": [
        104,
        105
      ],
      "start_index_in_file": 2855,
      "text": "The Search for Neutrino-Antineutrino Mixing Resulting From Lorentz Invariance Violation using Neutrino Interatcions in MINOS\nRebel, B., Mufson, S. 2013, AStro.Part.Phys, 48, 78."
    }
  ],
  "url": "http://www.astro.indiana.edu/faculty/mufson.shtml"
}