{
  "comment": "//leave comments here if needed",
  "contain_publication_list": "F",
  "email": "aa7e14@ecs.soton.ac.uk",
  "filename": "dfe3f635-de06-4331-acbd-4773f12a2c62",
  "info": "T means true, F means False. If no publications, just leave the publication structure unchanged.",
  "is_personal_homepage": "T",
  "name": "Alexandry Augustin",
  "name_index": [
    {
      "index_in_file": [
        [
          164,
          182
        ]
      ],
      "name_format": "Begin_First_Full End_Last_Full",
      "text": "Alexandry Augustin"
    }
  ],
  "publications": [
    {
      "text": "COPY_SINGLE_PUBLICATION_HERE"
    },
    {
      "text": "COPY_SINGLE_PUBLICATION_HERE"
    }
  ],
  "url": "http://www.ecs.soton.ac.uk/people/aa7e14"
}