[{"begin": 179, "end": 181, "text": "id", "tokenized_text": "id", "type": "authors", "id": 0}, {"begin": 0, "end": 65, "text": "First Measurement of Electron Neutrino Appearance in NOvA\nAdamson", "tokenized_text": "First Measurement of Electron Neutrino Appearance in NOvA Adamson", "type": "title", "id": 1}, {"begin": 67, "end": 133, "text": "P., Ader, C., Andrews, M., Anfimov, N., Anghel, I., Arms, K. et al", "tokenized_text": "P . , Ader , C . , Andrews , M . , Anfimov , N . , Anghel , I . , Arms , K . et al", "type": "authors", "id": 2}, {"begin": 147, "end": 148, "text": ".", "tokenized_text": ".", "type": "authors", "id": 3}, {"begin": 158, "end": 162, "text": "2016", "tokenized_text": "2016", "type": "year", "id": 4}]