[{"begin": 0, "end": 64, "text": "First measurement of muon-neutrino disappearance in NOvA\nAdamson", "tokenized_text": "First measurement of muon - neutrino disappearance in NOvA Adamson", "type": "title", "id": 0}, {"begin": 66, "end": 129, "text": "P., Ader, C., Andrews, M., Anfimov, N., Anghel, I., Arms, K. et", "tokenized_text": "P . , Ader , C . , Andrews , M . , Anfimov , N . , Anghel , I . , Arms , K . et", "type": "authors", "id": 1}, {"begin": 157, "end": 161, "text": "2016", "tokenized_text": "2016", "type": "year", "id": 2}]