[{"begin": 0, "end": 61, "text": "Radiation Hardness Studies of InGaAs and Si Photodiodes at 30", "tokenized_text": "Radiation Hardness Studies of InGaAs and Si Photodiodes at 30", "type": "title", "id": 0}, {"begin": 67, "end": 68, "text": "&", "tokenized_text": "&", "type": "venue", "id": 1}, {"begin": 72, "end": 91, "text": "MeV and Fluences to", "tokenized_text": "MeV and Fluences to", "type": "venue", "id": 2}, {"begin": 141, "end": 145, "text": " 201", "tokenized_text": "2013", "type": "year", "id": 3}]