[{"begin": 0, "end": 133, "text": "The Search for Neutrino-Antineutrino Mixing Resulting From Lorentz Invariance Violation using Neutrino Interatcions in MINOS\nRebel, B", "tokenized_text": "The Search for Neutrino - Antineutrino Mixing Resulting From Lorentz Invariance Violation using Neutrino Interatcions in MINOS Rebel , B", "type": "title", "id": 0}, {"begin": 147, "end": 151, "text": "2013", "tokenized_text": "2013", "type": "year", "id": 1}, {"begin": 159, "end": 168, "text": "Part.Phys", "tokenized_text": "Part . Phys", "type": "venue", "id": 2}]