{
  "comment": "//leave comments here if needed",
  "contain_publication_list": "F",
  "email": "jdlaw@iastate.edu",
  "filename": "71edaafb-8d25-49f0-a7f0-3428a7f1675c",
  "info": "T means true, F means False. If no publications, just leave the publication structure unchanged.",
  "is_personal_homepage": "T",
  "name": "John D Lawrence",
  "name_index": [
    {
      "index_in_file": [
        [
          775,
          790
        ]
      ],
      "name_format": "Begin_First_Full Inside_Middle_Initial End_Last_Full",
      "text": "John D Lawrence"
    }
  ],
  "publications": [
    {
      "text": "COPY_SINGLE_PUBLICATION_HERE"
    },
    {
      "text": "COPY_SINGLE_PUBLICATION_HERE"
    }
  ],
  "url": "http://www.econ.iastate.edu/people/john-lawrence"
}