{
  "comment": "//leave comments here if needed",
  "contain_publication_list": "F",
  "email": "nhourani@hntb.com",
  "filename": "c90f4e87-d3d9-4bc4-a513-779f0825afe6",
  "info": "T means true, F means False. If no publications, just leave the publication structure unchanged.",
  "is_personal_homepage": "T",
  "name": "Nabil Hourani",
  "name_index": [
    {
      "index_in_file": [
        [
          137,
          150
        ],
        [
          318,
          331
        ]
      ],
      "name_format": "Begin_First_Full End_Last_Full",
      "text": "Nabil Hourani"
    }
  ],
  "publications": [
    {
      "text": "COPY_SINGLE_PUBLICATION_HERE"
    },
    {
      "text": "COPY_SINGLE_PUBLICATION_HERE"
    }
  ],
  "url": "https://www.uml.edu/Engineering/Civil-Environmental/faculty/hourani-nabil.aspx"
}