{
  "comment": "//leave comments here if needed",
  "contain_publication_list": "T",
  "email": "r.meek@lancaster.ac.uk",
  "filename": "48e83e6d-be2c-4bd7-9474-d4971817b50b",
  "info": "T means true, F means False. If no publications, just leave the publication structure unchanged.",
  "is_personal_homepage": "T",
  "name": "Richard Meek",
  "name_index": [
    {
      "index_in_file": [
        [
          475,
          487
        ],
        [
          691,
          703
        ]
      ],
      "name_format": "Begin_First_Full End_Last_Full",
      "text": "Richard Meek"
    },
    {
      "in_email": "BEFORE_AT",
      "index_in_file": [
        [
          4734,
          4740
        ]
      ],
      "name_format": "Begin_First_Initial End_Last_Full",
      "text": "r.meek"
    },
    {
      "index_in_file": [
        [
          2944,
          2952
        ]
      ],
      "name_format": "Begin_Last_Full End_First_Initial",
      "text": "Ryan, A."
    },
    {
      "index_in_file": [
        [
          4570,
          4584
        ]
      ],
      "name_format": "Begin_Last_Full End_First_Initial",
      "text": "Kilpatrick, D."
    },
    {
      "index_in_file": [
        [
          2839,
          2851
        ]
      ],
      "name_format": "Begin_Last_Full End_First_Initial",
      "text": "Sherratt, A."
    },
    {
      "index_in_file": [
        [
          2814,
          2822
        ],
        [
          2934,
          2942
        ],
        [
          3104,
          3112
        ],
        [
          3265,
          3273
        ],
        [
          3405,
          3413
        ],
        [
          3544,
          3552
        ],
        [
          3717,
          3725
        ],
        [
          3834,
          3842
        ],
        [
          3978,
          3986
        ],
        [
          4156,
          4164
        ],
        [
          4377,
          4385
        ],
        [
          4560,
          4568
        ]
      ],
      "name_format": "Begin_Last_Full End_First_Initial",
      "text": "Meek, R."
    },
    {
      "index_in_file": [
        [
          3415,
          3423
        ]
      ],
      "name_format": "Begin_Last_Full End_First_Initial",
      "text": "Meek, H."
    },
    {
      "index_in_file": [
        [
          3114,
          3124
        ],
        [
          3253,
          3263
        ],
        [
          3425,
          3435
        ]
      ],
      "name_format": "Begin_Last_Full End_First_Initial",
      "text": "Palmer, R."
    },
    {
      "index_in_file": [
        [
          2954,
          2964
        ]
      ],
      "name_format": "Begin_Last_Full End_First_Initial",
      "text": "Lenney, P."
    },
    {
      "index_in_file": [
        [
          2824,
          2837
        ]
      ],
      "name_format": "Begin_Last_Full End_First_Initial",
      "text": "Nicholson, F."
    },
    {
      "index_in_file": [
        [
          3126,
          3141
        ],
        [
          3275,
          3290
        ],
        [
          3437,
          3452
        ]
      ],
      "name_format": "Begin_Last_Full Inside_First_Initial End_Middle_Initial",
      "text": "Parkinson, L.K."
    },
    {
      "index_in_file": [
        [
          3092,
          3102
        ],
        [
          3292,
          3302
        ],
        [
          3554,
          3564
        ],
        [
          3727,
          3737
        ],
        [
          3844,
          3854
        ],
        [
          3988,
          3998
        ],
        [
          4166,
          4176
        ],
        [
          4365,
          4375
        ]
      ],
      "name_format": "Begin_Last_Full Inside_First_Initial End_Middle_Initial",
      "text": "Meek, H.D."
    }
  ],
  "publications": [
    {
      "length": 130,
      "line_num": [
        69,
        70
      ],
      "start_index_in_file": 2779,
      "text": "CIM Coursebook: Managing Marketing\nMeek, R., Nicholson, F., Sherratt, A. 2009 Oxford : Butterworth-Heinemann. ISBN: 9781856177177."
    },
    {
      "length": 119,
      "line_num": [
        72,
        73
      ],
      "start_index_in_file": 2915,
      "text": "Marketing Volume 1\nMeek, R., Ryan, A., Lenney, P. 2009 2nd ed. Harlow : Pearson Custom Publishing. ISBN: 9781847764379."
    },
    {
      "length": 159,
      "line_num": [
        75,
        76
      ],
      "start_index_in_file": 3040,
      "text": "CIM Coursebook 08/09 Managing Marketing Performance\nMeek, H.D., Meek, R., Palmer, R., Parkinson, L.K. 2008 Oxford : Butterworth-Heinemann. ISBN: 9780750689687."
    },
    {
      "length": 152,
      "line_num": [
        78,
        79
      ],
      "start_index_in_file": 3205,
      "text": "Managing Marketing Performance (CIM Coursebook)\nPalmer, R., Meek, R., Parkinson, L.K., Meek, H.D. 2006 Oxford : Butterworth-Heinemann. ISBN: 0750680148."
    },
    {
      "length": 154,
      "line_num": [
        81,
        82
      ],
      "start_index_in_file": 3363,
      "text": "Managing marketing performance 2006-2007.\nMeek, R., Meek, H., Palmer, R., Parkinson, L.K. 2006 Oxford : Butterworth-Heinemann. 402 p. ISBN: 9780750680141."
    },
    {
      "length": 108,
      "line_num": [
        84,
        85
      ],
      "start_index_in_file": 3523,
      "text": "Marketing Management\nMeek, R., Meek, H.D. 2004 Canterbury : Financial World Publishing. ISBN: 9780852975701."
    },
    {
      "length": 158,
      "line_num": [
        87,
        88
      ],
      "start_index_in_file": 3637,
      "text": "Strategic Marketing Management 2002-2003: Planning and Control (CIM Coursebook)\nMeek, R., Meek, H.D. 2002 Oxford : Butterworth-Heinemann. ISBN: 9780750657105."
    },
    {
      "length": 124,
      "line_num": [
        90,
        91
      ],
      "start_index_in_file": 3801,
      "text": "International Marketing Strategy\nMeek, R., Meek, H.D. 2001 London : FT Knowledge World Business Education. ISBN: 074460334x."
    },
    {
      "length": 138,
      "line_num": [
        93,
        94
      ],
      "start_index_in_file": 3931,
      "text": "Management Information for Marketing Decisions\nMeek, R., Meek, H.D. 2000 London : FT Knowledge World Business Education. ISBN: 0744601185."
    },
    {
      "length": 141,
      "line_num": [
        96,
        97
      ],
      "start_index_in_file": 4075,
      "text": "IT and marketing education: an assessment of its application to student learning\nMeek, R., Meek, H.D. 1998 In: ACCOUNT. 10, 2, p. 12-20. 9 p."
    },
    {
      "length": 245,
      "line_num": [
        99,
        100
      ],
      "start_index_in_file": 4233,
      "text": "The pedagogical context of computer assisted learning in marketing education: towards the development of a classification hierarchy\nMeek, H.D., Meek, R. 1998 In: Academy of Marketing Annual Conference (Sheffield University) - 1998. N/A : unknown"
    },
    {
      "length": 136,
      "line_num": [
        102,
        103
      ],
      "start_index_in_file": 4503,
      "text": "Economic simulation models of optimum production periods\nMeek, R., Kilpatrick, D. 1991 In: Agricultural Systems. 46, 2, p. 208-19. 12 p."
    }
  ],
  "url": "http://www.lancaster.ac.uk/lums/marketing/people/richard-meek"
}