{
  "comment": "//leave comments here if needed",
  "contain_publication_list": "T",
  "email": "david.wilson@ubc.ca",
  "filename": "a1349e7e-6160-40fd-a4cd-5d8ceb8ae18a",
  "info": "T means true, F means False. If no publications, just leave the publication structure unchanged.",
  "is_personal_homepage": "T",
  "name": "David R. Wilson",
  "name_index": [
    {
      "index_in_file": [
        [
          273,
          288
        ]
      ],
      "name_format": "Begin_First_Full Inside_Middle_Initial End_Last_Full",
      "text": "David R. Wilson"
    },
    {
      "index_in_file": [
        [
          3051,
          3059
        ]
      ],
      "name_format": "Begin_Last_Full End_First_Initial_Middle_Initial",
      "text": "Hirko KA"
    },
    {
      "index_in_file": [
        [
          2425,
          2436
        ]
      ],
      "name_format": "Begin_Last_Full End_First_Initial_Middle_Initial",
      "text": "Connolly RJ"
    },
    {
      "index_in_file": [
        [
          3019,
          3028
        ],
        [
          3777,
          3786
        ]
      ],
      "name_format": "Begin_Last_Full End_First_Initial_Middle_Initial",
      "text": "Hunter DJ"
    },
    {
      "index_in_file": [
        [
          3277,
          3287
        ]
      ],
      "name_format": "Begin_Last_Full End_First_Initial_Middle_Initial",
      "text": "McNally EG"
    },
    {
      "index_in_file": [
        [
          1579,
          1586
        ]
      ],
      "name_format": "Begin_Last_Full End_First_Initial",
      "text": "Amiri S"
    },
    {
      "index_in_file": [
        [
          2145,
          2152
        ]
      ],
      "name_format": "Begin_Last_Full End_First_Initial_Middle_Initial",
      "text": "Hunt MA"
    },
    {
      "index_in_file": [
        [
          3061,
          3070
        ]
      ],
      "name_format": "Begin_Last_Full End_First_Initial_Middle_Initial",
      "text": "Felson DT"
    },
    {
      "index_in_file": [
        [
          2445,
          2453
        ]
      ],
      "name_format": "Begin_Last_Full End_First_Initial_Middle_Initial",
      "text": "Emery JL"
    },
    {
      "index_in_file": [
        [
          3265,
          3275
        ]
      ],
      "name_format": "Begin_Last_Full End_First_Initial_Middle_Initial",
      "text": "Pollard TC"
    },
    {
      "index_in_file": [
        [
          3321,
          3329
        ]
      ],
      "name_format": "Begin_Last_Full End_First_Initial",
      "text": "Watson M"
    },
    {
      "index_in_file": [
        [
          2468,
          2477
        ]
      ],
      "name_format": "Begin_Last_Full End_First_Initial",
      "text": "Kitchel S"
    },
    {
      "index_in_file": [
        [
          2134,
          2143
        ]
      ],
      "name_format": "Begin_Last_Full End_First_Initial",
      "text": "Gilbart M"
    },
    {
      "index_in_file": [
        [
          3030,
          3039
        ]
      ],
      "name_format": "Begin_Last_Full End_First_Initial_Middle_Initial",
      "text": "Harvey WF"
    },
    {
      "index_in_file": [
        [
          1598,
          1606
        ]
      ],
      "name_format": "Begin_Last_Full End_First_Initial",
      "text": "Garbuz D"
    },
    {
      "index_in_file": [
        [
          3558,
          3568
        ]
      ],
      "name_format": "Begin_Last_Full End_First_Initial_Middle_Initial",
      "text": "Greaves LL"
    },
    {
      "index_in_file": [
        [
          3582,
          3589
        ]
      ],
      "name_format": "Begin_Last_Full End_First_Initial_Middle_Initial",
      "text": "Yung AC"
    },
    {
      "index_in_file": [
        [
          2455,
          2466
        ]
      ],
      "name_format": "Begin_Last_Full End_First_Initial_Middle_Initial",
      "text": "Kingwell SP"
    },
    {
      "index_in_file": [
        [
          3311,
          3319
        ]
      ],
      "name_format": "Begin_Last_Full End_First_Initial",
      "text": "M\u00e4dler B"
    },
    {
      "index_in_file": [
        [
          2106,
          2121
        ]
      ],
      "name_format": "Begin_Last_Full End_First_Initial",
      "text": "Hacihaliloglu I"
    },
    {
      "index_in_file": [
        [
          1326,
          1335
        ],
        [
          1618,
          1627
        ],
        [
          1876,
          1885
        ],
        [
          2123,
          2132
        ],
        [
          2491,
          2500
        ],
        [
          2779,
          2788
        ],
        [
          3072,
          3081
        ],
        [
          3300,
          3309
        ],
        [
          3604,
          3613
        ],
        [
          3788,
          3797
        ]
      ],
      "name_format": "Begin_Last_Full End_First_Initial_Middle_Initial",
      "text": "Wilson DR"
    },
    {
      "index_in_file": [
        [
          2414,
          2423
        ],
        [
          3289,
          3298
        ]
      ],
      "name_format": "Begin_Last_Full End_First_Initial_Middle_Initial",
      "text": "Wilson DC"
    },
    {
      "index_in_file": [
        [
          2154,
          2167
        ]
      ],
      "name_format": "Begin_Last_Full End_First_Initial",
      "text": "Abolmaesumi P"
    },
    {
      "index_in_file": [
        [
          2438,
          2443
        ]
      ],
      "name_format": "Begin_Last_Full End_First_Initial",
      "text": "Zhu Q"
    },
    {
      "index_in_file": [
        [
          1608,
          1616
        ]
      ],
      "name_format": "Begin_Last_Full End_First_Initial",
      "text": "Anglin C"
    },
    {
      "index_in_file": [
        [
          2753,
          2767
        ]
      ],
      "name_format": "Begin_Last_Full End_First_Initial_Middle_Initial",
      "text": "Kontulainen SA"
    },
    {
      "index_in_file": [
        [
          1847,
          1867
        ]
      ],
      "name_format": "Begin_Last_Full End_First_Initial_Middle_Initial",
      "text": "Nordmeyer-Massner JA"
    },
    {
      "index_in_file": [
        [
          1588,
          1596
        ],
        [
          2769,
          2777
        ]
      ],
      "name_format": "Begin_Last_Full End_First_Initial_Middle_Initial",
      "text": "Masri BA"
    },
    {
      "index_in_file": [
        [
          1337,
          1348
        ],
        [
          3006,
          3017
        ],
        [
          3764,
          3775
        ]
      ],
      "name_format": "Begin_Last_Full End_First_Initial_Middle_Initial",
      "text": "McWalter EJ"
    },
    {
      "index_in_file": [
        [
          1350,
          1361
        ],
        [
          2740,
          2751
        ]
      ],
      "name_format": "Begin_Last_Full End_First_Initial_Middle_Initial",
      "text": "Johnston JD"
    },
    {
      "index_in_file": [
        [
          1869,
          1874
        ]
      ],
      "name_format": "Begin_Last_Full End_First_Initial",
      "text": "Bos C"
    },
    {
      "index_in_file": [
        [
          3340,
          3347
        ]
      ],
      "name_format": "Begin_Last_Full End_First_Initial_Middle_Initial",
      "text": "Carr AJ"
    },
    {
      "index_in_file": [
        [
          3041,
          3049
        ]
      ],
      "name_format": "Begin_Last_Full End_First_Initial",
      "text": "McCree P"
    },
    {
      "index_in_file": [
        [
          1887,
          1900
        ]
      ],
      "name_format": "Begin_Last_Full End_First_Initial_Middle_Initial",
      "text": "Pruessmann KP"
    },
    {
      "index_in_file": [
        [
          3591,
          3602
        ]
      ],
      "name_format": "Begin_Last_Full End_First_Initial",
      "text": "Kozlowski P"
    },
    {
      "index_in_file": [
        [
          3331,
          3338
        ]
      ],
      "name_format": "Begin_Last_Full End_First_Initial_Middle_Initial",
      "text": "Gill HS"
    },
    {
      "index_in_file": [
        [
          2479,
          2489
        ]
      ],
      "name_format": "Begin_Last_Full End_First_Initial_Middle_Initial",
      "text": "Cripton PA"
    },
    {
      "index_in_file": [
        [
          3570,
          3580
        ]
      ],
      "name_format": "Begin_Last_Full End_First_Initial_Middle_Initial",
      "text": "Gilbart MK"
    },
    {
      "in_email": "Before_At",
      "index_in_file": [
        [
          410,
          422
        ]
      ],
      "name_format": "Begin_First_Full End_Last_Full",
      "text": "david.wilson"
    }
  ],
  "publications": [
    {
      "length": 252,
      "line_num": [
        33
      ],
      "start_index_in_file": 1324,
      "text": "\u2022 Wilson DR, McWalter EJ, Johnston JD. The measurement of joint mechanics and their role in osteoarthritis genesis and progression. Rheumatic Disease Clinics of North America. 2013 Feb;39(1):21-44. doi: 10.1016/j.rdc.2012.11.002. PubMed PMID: 23312409."
    },
    {
      "length": 251,
      "line_num": [
        34
      ],
      "start_index_in_file": 1577,
      "text": "\u2022 Amiri S, Masri BA, Garbuz D, Anglin C, Wilson DR. A multiplanar radiography method for assessing cup orientation in total hip arthroplasty. Journal of Biomechanical Engineering. 2012 Oct;134(10):101008. doi: 10.1115/1.4007664. PubMed PMID: 23083199."
    },
    {
      "length": 274,
      "line_num": [
        35
      ],
      "start_index_in_file": 1829,
      "text": "\u2022 d\u2019Entremont AG, Nordmeyer-Massner JA, Bos C, Wilson DR, Pruessmann KP. Do dynamic-based MR knee kinematics methods produce the same results as static methods? Magnetic Resonance in Medicine. 2012 Jul 27. doi: 10.1002/mrm.24425. [Epub ahead of print] PubMed PMID: 22847783."
    },
    {
      "length": 307,
      "line_num": [
        36
      ],
      "start_index_in_file": 2104,
      "text": "\u2022 Hacihaliloglu I, Wilson DR, Gilbart M, Hunt MA, Abolmaesumi P. Non-iterative partial view 3D ultrasound to CT registration in ultrasound-guided computer-assisted orthopedic surgery. International Journal of Computer Assisted Radiology and Surgery. 2012 May 25. [Epub ahead of print] PubMed PMID: 22622884."
    },
    {
      "length": 325,
      "line_num": [
        37
      ],
      "start_index_in_file": 2412,
      "text": "\u2022 Wilson DC, Connolly RJ, Zhu Q, Emery JL, Kingwell SP, Kitchel S, Cripton PA, Wilson DR. An ex vivo biomechanical comparison of a novel vertebral compression fracture treatment system to kyphoplasty. Clinical Biomechanics (Bristol, Avon). 2012 May;27(4):346-53. doi: 10.1016/j.clinbiomech.2011.11.001. PubMed PMID: 22154510."
    },
    {
      "length": 265,
      "line_num": [
        38
      ],
      "start_index_in_file": 2738,
      "text": "\u2022 Johnston JD, Kontulainen SA, Masri BA, Wilson DR. Predicting subchondral bone stiffness using a depth-specific CT topographic mapping technique in normal and osteoarthritic proximal tibiae. Clinical Biomechanics (Bristol, Avon). 2011 Jul 18. [Epub ahead of print]"
    },
    {
      "length": 258,
      "line_num": [
        39
      ],
      "start_index_in_file": 3004,
      "text": "\u2022 McWalter EJ, Hunter DJ, Harvey WF, McCree P, Hirko KA, Felson DT, Wilson DR. The effect of a patellar brace on three-dimensional patellar kinematics in patients with lateral patellofemoral osteoarthritis. Osteoarthritis and Cartilage. 2011 Jul;19(7):801-8."
    },
    {
      "length": 292,
      "line_num": [
        40
      ],
      "start_index_in_file": 3263,
      "text": "\u2022 Pollard TC, McNally EG, Wilson DC, Wilson DR, M\u00e4dler B, Watson M, Gill HS, Carr AJ. Localized cartilage assessment with three-dimensional dGEMRIC in asymptomatic hips with normal morphology and cam deformity. Journal of Bone and Joint Surgery [Am]. 2010 Nov 3;92(15):2557-69. PMID: 21048174"
    },
    {
      "length": 205,
      "line_num": [
        41
      ],
      "start_index_in_file": 3556,
      "text": "\u2022 Greaves LL, Gilbart MK, Yung AC, Kozlowski P, Wilson DR. Effect of acetabular labral tears, repair and resection on hip cartilage strain: A 7T MR study. Journal of Biomechanics. 2010 Mar 22;43(5):858-63."
    },
    {
      "length": 190,
      "line_num": [
        42
      ],
      "start_index_in_file": 3762,
      "text": "\u2022 McWalter EJ, Hunter DJ, Wilson DR. The effect of load magnitude on three-dimensional patellar kinematics in vivo. Journal of Biomechanics. 2010 Jul 20;43(10):1890-7. PubMed PMID: 20413124."
    }
  ],
  "url": "http://orthopaedics.med.ubc.ca/dr-dave-r-wilson/"
}