{
  "comment": "//leave comments here if needed",
  "contain_publication_list": "F",
  "email": "butch001@umn.edu",
  "filename": "f9003c83-b92a-4b38-9a47-29d5f18c1aa3",
  "info": "T means true, F means False. If no publications, just leave the publication structure unchanged.",
  "is_personal_homepage": "T",
  "name": "James N Butcher",
  "name_index": [
    {
      "index_in_file": [
        [
          272,
          287
        ]
      ],
      "name_format": "Begin_First_Full Inside_Middle_Initial End_Last_Full",
      "text": "James N Butcher"
    }
  ],
  "publications": [
    {
      "text": "COPY_SINGLE_PUBLICATION_HERE"
    },
    {
      "text": "COPY_SINGLE_PUBLICATION_HERE"
    }
  ],
  "url": "http://cla.umn.edu/about/directory/profile/butch001"
}