{
  "comment": "//leave comments here if needed",
  "contain_publication_list": "F",
  "email": "jjacoby@stern.nyu.edu",
  "filename": "4ef56952-2fce-4f8a-a799-208bff9d0c50",
  "info": "T means true, F means False. If no publications, just leave the publication structure unchanged.",
  "is_personal_homepage": "T",
  "name": "Jacob Jacoby",
  "name_index": [
    {
      "index_in_file": [
        [
          425,
          437
        ],
        [
          452,
          464
        ],
        [
          3862,
          3874
        ],
        [
          3957,
          3969
        ],
        [
          4027,
          4039
        ],
        [
          4100,
          4112
        ]
      ],
      "name_format": "Begin_First_Full End_Last_Full",
      "text": "Jacob Jacoby"
    },
    {
      "index_in_file": [
        [
          770,
          789
        ]
      ],
      "name_format": "Begin_First_Full Inside_Middle_Full End_Last_Full",
      "text": "Jacob (Jack) Jacoby"
    },
    {
      "index_in_file": [
        [
          993,
          999
        ],
        [
          1648,
          1654
        ],
        [
          2402,
          2408
        ],
        [
          3048,
          3054
        ]
      ],
      "name_format": "Begin_Last_Full",
      "text": "Jacoby"
    },
    {
      "in_email": "Before_At",
      "index_in_file": [
        [
          657,
          664
        ]
      ],
      "name_format": "Begin_First_Initial_Last_Full",
      "text": "jjacoby"
    }
  ],
  "publications": [
    {
      "text": "COPY_SINGLE_PUBLICATION_HERE"
    },
    {
      "text": "COPY_SINGLE_PUBLICATION_HERE"
    }
  ],
  "url": "http://www.stern.nyu.edu/faculty/bio/jacob-jacoby"
}