{
  "comment": "//leave comments here if needed",
  "contain_publication_list": "F",
  "email": "rob@designforamerica.com",
  "filename": "d1ecb750-29be-4d2a-85f4-9fb67ded010c",
  "info": "T means true, F means False. If no publications, just leave the publication structure unchanged.",
  "is_personal_homepage": "T",
  "name": "Rob Calvey",
  "name_index": [
    {
      "index_in_file": [
        [
          819,
          829
        ],
        [
          830,
          840
        ]
      ],
      "name_format": "Begin_First_Full End_Last_Full",
      "text": "Rob Calvey"
    },
    {
      "index_in_file": [
        [
          970,
          973
        ],
        [
          1112,
          1115
        ],
        [
          1346,
          1349
        ]
      ],
      "name_format": "Begin_First_Full",
      "text": "Rob"
    }
  ],
  "publications": [
    {
      "text": "COPY_SINGLE_PUBLICATION_HERE"
    },
    {
      "text": "COPY_SINGLE_PUBLICATION_HERE"
    }
  ],
  "url": "http://segal.northwestern.edu/people/profiles/calvey-rob.html"
}