{
  "comment": "//leave comments here if needed",
  "contain_publication_list": "F",
  "email": "freeman@ucalgary.ca",
  "filename": "0c194ca3-d577-4dc4-8850-7512081c8f94",
  "info": "T means true, F means False. If no publications, just leave the publication structure unchanged.",
  "is_personal_homepage": "T",
  "name": "Andrea Freeman",
  "name_index": [
    {
      "index_in_file": [
        [
          316,
          330
        ]
      ],
      "name_format": "Begin_First_Full End_Last_Full",
      "text": "Andrea Freeman"
    }
  ],
  "publications": [
    {
      "text": "COPY_SINGLE_PUBLICATION_HERE"
    },
    {
      "text": "COPY_SINGLE_PUBLICATION_HERE"
    }
  ],
  "url": "http://antharky.ucalgary.ca/profiles/117-26797"
}