{
  "comment": "//leave comments here if needed",
  "contain_publication_list": "F",
  "email": "",
  "filename": "5d5c4855-16c1-44e4-bd01-e9e9cfde611d",
  "info": "T means true, F means False. If no publications, just leave the publication structure unchanged.",
  "is_personal_homepage": "T",
  "name": "ANTIGONI KOLIOPOULOU",
  "name_index": [
    {
      "index_in_file": [
        [
          147,
          167
        ]
      ],
      "name_format": "Begin_First_Full End_Last_Full",
      "text": "ANTIGONI KOLIOPOULOU"
    }
  ],
  "publications": [
    {
      "text": "COPY_SINGLE_PUBLICATION_HERE"
    },
    {
      "text": "COPY_SINGLE_PUBLICATION_HERE"
    }
  ],
  "url": "http://healthcare.utah.edu/fad/mddetail.php?physicianID=u0902385#tabAcademic"
}