{
  "comment": "//leave comments here if needed",
  "contain_publication_list": "F",
  "email": "",
  "filename": "f6084967-5ee4-485f-bd70-65c62d703e18",
  "info": "T means true, F means False. If no publications, just leave the publication structure unchanged.",
  "is_personal_homepage": "T",
  "name": "Kars Verbeek",
  "name_index": [
    {
      "index_in_file": [
        [
          692,
          704
        ],
        [
          1582,
          1594
        ]
      ],
      "name_format": "Begin_First_Full End_Last_Full",
      "text": "Kars Verbeek"
    }
  ],
  "publications": [
    {
      "text": "COPY_SINGLE_PUBLICATION_HERE"
    },
    {
      "text": "COPY_SINGLE_PUBLICATION_HERE"
    }
  ],
  "url": "https://www.astro.ru.nl/wiki/nl/general/people/kars_verbeek"
}