[{"begin": 0, "end": 26, "text": "Dunston, P.S. and Wang, X.", "tokenized_text": "Dunston , P . S . and Wang , X .", "type": "authors", "id": 0}, {"begin": 28, "end": 32, "text": "2005", "tokenized_text": "2005", "type": "year", "id": 1}, {"begin": 36, "end": 101, "text": "Mixed Reality-Based Visualization Interfaces for the AEC Industry", "tokenized_text": "Mixed Reality - Based Visualization Interfaces for the AEC Industry", "type": "title", "id": 2}, {"begin": 104, "end": 154, "text": "Journal of Construction Engineering and Management", "tokenized_text": "Journal of Construction Engineering and Management", "type": "venue", "id": 3}]