[{"begin": 0, "end": 26, "text": "Wang, X. and Dunston, P.S.", "tokenized_text": "Wang , X . and Dunston , P . S .", "type": "authors", "id": 0}, {"begin": 41, "end": 45, "text": "2005", "tokenized_text": "2005", "type": "year", "id": 1}, {"begin": 49, "end": 137, "text": "Human Factor Issues in Augmented Reality System for AEC: An Experimental Prototype Study", "tokenized_text": "Human Factor Issues in Augmented Reality System for AEC : An Experimental Prototype Study", "type": "title", "id": 2}, {"begin": 143, "end": 153, "text": "Automation", "tokenized_text": "Automation", "type": "venue", "id": 3}, {"begin": 157, "end": 169, "text": "Construction", "tokenized_text": "Construction", "type": "title", "id": 4}]