[{"begin": 0, "end": 45, "text": "Dunston, P.S., Gambatese, J.A., McManus, J.F.", "tokenized_text": "Dunston , P . S . , Gambatese , J . A . , McManus , J . F .", "type": "authors", "id": 0}, {"begin": 47, "end": 51, "text": "2005", "tokenized_text": "2005", "type": "year", "id": 1}, {"begin": 55, "end": 124, "text": "Assessing State Transportation Agency Constructability Implementation", "tokenized_text": "Assessing State Transportation Agency Constructability Implementation", "type": "title", "id": 2}, {"begin": 127, "end": 177, "text": "Journal of Construction Engineering and Management", "tokenized_text": "Journal of Construction Engineering and Management", "type": "venue", "id": 3}]