[{"begin": 0, "end": 38, "text": "Shin, D.H, Dunston, P.S., and Wang, X.", "tokenized_text": "Shin , D . H , Dunston , P . S . , and Wang , X .", "type": "authors", "id": 0}, {"begin": 40, "end": 44, "text": "2005", "tokenized_text": "2005", "type": "year", "id": 1}, {"begin": 48, "end": 118, "text": "View Changes in Mixed Reality-based Collaborative Virtual Environments", "tokenized_text": "View Changes in Mixed Reality - based Collaborative Virtual Environments", "type": "title", "id": 2}, {"begin": 121, "end": 180, "text": "ACM Journal Transactions on Applied Perception, Association", "tokenized_text": "ACM Journal Transactions on Applied Perception , Association", "type": "venue", "id": 3}]