[{"begin": 0, "end": 56, "text": "Jonasson, S., Dunston, P.S., Ahmed, K., and Hamilton, J.", "tokenized_text": "Jonasson , S . , Dunston , P . S . , Ahmed , K . , and Hamilton , J .", "type": "authors", "id": 0}, {"begin": 58, "end": 62, "text": "2002", "tokenized_text": "2002", "type": "year", "id": 1}, {"begin": 66, "end": 133, "text": "Factors in Productivity and Unit Cost for Advanced Machine Guidance", "tokenized_text": "Factors in Productivity and Unit Cost for Advanced Machine Guidance", "type": "title", "id": 2}, {"begin": 136, "end": 186, "text": "Journal of Construction Engineering and Management", "tokenized_text": "Journal of Construction Engineering and Management", "type": "venue", "id": 3}]