[{"begin": 218, "end": 235, "text": "National Research", "tokenized_text": "National Research", "type": "venue", "id": 0}, {"begin": 0, "end": 45, "text": "Swett, G.D., Stanton, J.F., and Dunston, P.S.", "tokenized_text": "Swett , G . D . , Stanton , J . F . , and Dunston , P . S .", "type": "authors", "id": 1}, {"begin": 47, "end": 51, "text": "2000", "tokenized_text": "2000", "type": "year", "id": 2}, {"begin": 55, "end": 138, "text": "Methods for Controlling Stresses and Distortions in Stage Constructed Steel Bridges", "tokenized_text": "Methods for Controlling Stresses and Distortions in Stage Constructed Steel Bridges", "type": "title", "id": 3}, {"begin": 159, "end": 167, "text": "Research", "tokenized_text": "Research", "type": "venue", "id": 4}, {"begin": 196, "end": 210, "text": "Research Board", "tokenized_text": "Research Board", "type": "venue", "id": 5}]