{
  "comment": "//leave comments here if needed",
  "contain_publication_list": "T",
  "email": "m.hippler@sheffield.ac.uk",
  "filename": "0eb4db65-2812-4620-b901-851ccc1e4fba",
  "info": "T means true, F means False. If no publications, just leave the publication structure unchanged.",
  "is_personal_homepage": "T",
  "name": "Michael F. A. Hippler",
  "name_index": [
    {
      "index_in_file": [
        [
          2679,
          2686
        ],
        [
          3025,
          3032
        ]
      ],
      "name_format": "Begin_Last_Full End_First_Initial_Middle_Initial",
      "text": "Ward MD"
    },
    {
      "index_in_file": [
        [
          2643,
          2654
        ],
        [
          2989,
          3000
        ]
      ],
      "name_format": "Begin_Last_Full End_First_Initial_Middle_Initial",
      "text": "Thompson SP"
    },
    {
      "index_in_file": [
        [
          2554,
          2574
        ]
      ],
      "name_format": "Begin_Last_Full End_First_Initial_Middle_Initial",
      "text": "Vit\u00f5rica-Yrez\u00e1bal IJ"
    },
    {
      "index_in_file": [
        [
          4002,
          4009
        ]
      ],
      "name_format": "Begin_Last_Full End_First_Initial_Middle_Initial",
      "text": "Keen KA"
    },
    {
      "index_in_file": [
        [
          2900,
          2920
        ]
      ],
      "name_format": "Begin_Last_Full End_First_Initial_Middle_Initial",
      "text": "Vit\u00f3rica-Yrez\u00e1bal IJ"
    },
    {
      "index_in_file": [
        [
          4012,
          4024
        ]
      ],
      "name_format": "Begin_Last_Full End_First_Initial_Middle_Initial",
      "text": "McNaghten ED"
    },
    {
      "index_in_file": [
        [
          3389,
          3399
        ],
        [
          3555,
          3565
        ]
      ],
      "name_format": "Begin_Last_Full End_First_Initial_Middle_Initial",
      "text": "Spencer CL"
    },
    {
      "index_in_file": [
        [
          2144,
          2152
        ]
      ],
      "name_format": "Begin_Last_Full End_First_Initial_Middle_Initial",
      "text": "Smith TW"
    },
    {
      "index_in_file": [
        [
          2154,
          2164
        ]
      ],
      "name_format": "Begin_Last_Full End_First_Initial_Middle_Initial",
      "text": "Wareham LK"
    },
    {
      "index_in_file": [
        [
          2134,
          2142
        ]
      ],
      "name_format": "Begin_Last_Full End_First_Initial_Middle_Initial",
      "text": "Jesse HE"
    },
    {
      "index_in_file": [
        [
          2197,
          2205
        ]
      ],
      "name_format": "Begin_Last_Full End_First_Initial_Middle_Initial",
      "text": "Poole RK"
    },
    {
      "index_in_file": [
        [
          2585,
          2594
        ],
        [
          2931,
          2940
        ]
      ],
      "name_format": "Begin_Last_Full End_First_Initial_Middle_Initial",
      "text": "Loader JR"
    },
    {
      "index_in_file": [
        [
          3752,
          3759
        ]
      ],
      "name_format": "Begin_Last_Full End_First_Initial_Middle_Initial",
      "text": "Suhm MA"
    },
    {
      "index_in_file": [
        [
          2656,
          2665
        ],
        [
          3002,
          3011
        ]
      ],
      "name_format": "Begin_Last_Full End_First_Initial_Middle_Initial",
      "text": "Warren JE"
    },
    {
      "index_in_file": [
        [
          2630,
          2641
        ],
        [
          2976,
          2987
        ]
      ],
      "name_format": "Begin_Last_Full End_First_Initial_Middle_Initial",
      "text": "Fletcher AJ"
    },
    {
      "index_in_file": [
        [
          4273,
          4280
        ]
      ],
      "name_format": "Begin_Last_Full End_First_Initial",
      "text": "Quack M"
    },
    {
      "index_in_file": [
        [
          3401,
          3409
        ]
      ],
      "name_format": "Begin_Last_Full End_First_Initial",
      "text": "Watson V"
    },
    {
      "index_in_file": [
        [
          2667,
          2677
        ],
        [
          3013,
          3023
        ]
      ],
      "name_format": "Begin_Last_Full End_First_Initial",
      "text": "Musumeci D"
    },
    {
      "index_in_file": [
        [
          3547,
          3553
        ],
        [
          3994,
          4000
        ]
      ],
      "name_format": "Begin_Last_Full End_First_Initial",
      "text": "Mohr C"
    },
    {
      "index_in_file": [
        [
          3742,
          3749
        ]
      ],
      "name_format": "Begin_Last_Full End_First_Initial",
      "text": "Hesse S"
    },
    {
      "index_in_file": [
        [
          3230,
          3235
        ]
      ],
      "name_format": "Begin_Last_Full End_First_Initial",
      "text": "Chu J"
    },
    {
      "index_in_file": [
        [
          3220,
          3228
        ]
      ],
      "name_format": "Begin_Last_Full End_First_Initial",
      "text": "Salter R"
    },
    {
      "index_in_file": [
        [
          2099,
          2115
        ]
      ],
      "name_format": "Begin_Last_Full End_First_Initial",
      "text": "Tinajero-Trejo M"
    },
    {
      "index_in_file": [
        [
          2177,
          2194
        ]
      ],
      "name_format": "Begin_Last_Full End_First_Initial",
      "text": "Schatzschneider U"
    },
    {
      "index_in_file": [
        [
          2117,
          2123
        ]
      ],
      "name_format": "Begin_Last_Full End_First_Initial",
      "text": "Rana N"
    },
    {
      "index_in_file": [
        [
          4261,
          4270
        ]
      ],
      "name_format": "Begin_Last_Full End_First_Initial",
      "text": "Oeltjen L"
    },
    {
      "index_in_file": [
        [
          2576,
          2583
        ],
        [
          2922,
          2929
        ]
      ],
      "name_format": "Begin_Last_Full End_First_Initial",
      "text": "Libri S"
    },
    {
      "index_in_file": [
        [
          2125,
          2132
        ]
      ],
      "name_format": "Begin_Last_Full End_First_Initial",
      "text": "Nagel C"
    },
    {
      "index_in_file": [
        [
          2166,
          2175
        ],
        [
          2353,
          2362
        ],
        [
          2619,
          2628
        ],
        [
          2965,
          2974
        ],
        [
          3238,
          3247
        ],
        [
          3412,
          3421
        ],
        [
          3568,
          3577
        ],
        [
          3731,
          3740
        ],
        [
          3983,
          3992
        ],
        [
          4250,
          4259
        ]
      ],
      "name_format": "Begin_Last_Full End_First_Initial",
      "text": "Hippler M"
    },
    {
      "index_in_file": [
        [
          2689,
          2698
        ],
        [
          3035,
          3044
        ]
      ],
      "name_format": "Begin_Last_Full End_First_Initial",
      "text": "Brammer L"
    },
    {
      "index_in_file": [
        [
          116,
          137
        ],
        [
          527,
          548
        ]
      ],
      "name_format": "Begin_First_Full Inside_Middle_Initial Inside_Middle_Initial End_Last_Full",
      "text": "Michael F. A. Hippler"
    },
    {
      "index_in_file": [
        [
          748,
          755
        ]
      ],
      "name_format": "Begin_Last_Full",
      "text": "Hippler"
    },
    {
      "in_email": "BEFORE_AT",
      "index_in_file": [
        [
          654,
          663
        ]
      ],
      "name_format": "Begin_First_Initial End_Last_Full",
      "text": "m.hippler"
    },
    {
      "index_in_file": [
        [
          2596,
          2617
        ],
        [
          2942,
          2963
        ]
      ],
      "name_format": "Begin_Last_Full Inside_Last_Full End_First_Initial",
      "text": "M\u00ednguez Espallargas G"
    }
  ],
  "publications": [
    {
      "length": 350,
      "line_num": [
        44,
        45
      ],
      "start_index_in_file": 1913,
      "text": "Antimicrobial Activity of the Manganese Photoactivated Carbon Monoxide-Releasing Molecule (Mn(CO) 3 (tpa-\u03ba 3 N )) + Against a Pathogenic Escherichia coli that Causes Urinary Infections.\nTinajero-Trejo M, Rana N, Nagel C, Jesse HE, Smith TW, Wareham LK, Hippler M, Schatzschneider U & Poole RK, Antioxidants & Redox Signaling, 24(14), 765-780, (2016)."
    },
    {
      "length": 148,
      "line_num": [
        46,
        47
      ],
      "start_index_in_file": 2264,
      "text": "Cavity-Enhanced Raman Spectroscopy of Natural Gas with Optical Feedback cw-Diode Lasers.\nHippler M, Analytical Chemistry, 87(15), 7803-7809, (2015)."
    },
    {
      "length": 345,
      "line_num": [
        48,
        49
      ],
      "start_index_in_file": 2413,
      "text": "Coordination polymer flexibility leads to polymorphism and enables a crystalline solid-vapour reaction: A multi-technique mechanistic study.\nVit\u00f5rica-Yrez\u00e1bal IJ, Libri S, Loader JR, M\u00ednguez Espallargas G, Hippler M, Fletcher AJ, Thompson SP, Warren JE, Musumeci D, Ward MD & Brammer L, Chemistry - A European Journal, 21(24), 8799-8811, (2015)."
    },
    {
      "length": 345,
      "line_num": [
        50,
        51
      ],
      "start_index_in_file": 2759,
      "text": "Coordination Polymer Flexibility Leads to Polymorphism and Enables a Crystalline Solid-Vapour Reaction: A Multi-technique Mechanistic Study.\nVit\u00f3rica-Yrez\u00e1bal IJ, Libri S, Loader JR, M\u00ednguez Espallargas G, Hippler M, Fletcher AJ, Thompson SP, Warren JE, Musumeci D, Ward MD & Brammer L, Chemistry - A European Journal, 21(24), 8799-8811, (2015)."
    },
    {
      "length": 180,
      "line_num": [
        52,
        53
      ],
      "start_index_in_file": 3105,
      "text": "Cavity-enhanced Raman spectroscopy with optical feedback cw diode lasers for gas phase analysis and spectroscopy..\nSalter R, Chu J & Hippler M, Analyst, 137(20), 4669-4676, (2012)."
    },
    {
      "length": 172,
      "line_num": [
        54,
        55
      ],
      "start_index_in_file": 3286,
      "text": "Trace gas detection of molecular hydrogen H(2) by photoacoustic stimulated Raman spectroscopy (PARS)..\nSpencer CL, Watson V & Hippler M, Analyst, 137(6), 1384-1388, (2012)."
    },
    {
      "length": 174,
      "line_num": [
        56,
        57
      ],
      "start_index_in_file": 3459,
      "text": "Inexpensive raman spectrometer for undergraduate and graduate experiments and research.\nMohr C, Spencer CL & Hippler M, Journal of Chemical Education, 87(3), 326-330, (2010)."
    },
    {
      "length": 176,
      "line_num": [
        58,
        59
      ],
      "start_index_in_file": 3634,
      "text": "Quantum-chemical study and FTIR jet spectroscopy of CHCl(3)-NH(3) association in the gas phase..\nHippler M, Hesse S & Suhm MA, Phys Chem Chem Phys, 12(41), 13555-13565, (2010)."
    },
    {
      "length": 251,
      "line_num": [
        60,
        61
      ],
      "start_index_in_file": 3811,
      "text": "Cavity-enhanced resonant photoacoustic spectroscopy with optical feedback cw diode lasers: A novel technique for ultratrace gas analysis and high-resolution spectroscopy..\nHippler M, Mohr C, Keen KA & McNaghten ED, J Chem Phys, 133(4), 044308, (2010)."
    },
    {
      "length": 263,
      "line_num": [
        62,
        63
      ],
      "start_index_in_file": 4063,
      "text": "High-resolution continuous-wave-diode laser cavity ring-down spectroscopy of the hydrogen fluoride dimer in a pulsed slit jet expansion: two components of the N=2 triad near 1.3 microm..\nHippler M, Oeltjen L & Quack M, J Phys Chem A, 111(49), 12659-12668, (2007)."
    }
  ],
  "url": "http://www.sheffield.ac.uk/chemistry/staff/profiles/michael_hippler"
}