{
  "comment": "//leave comments here if needed",
  "contain_publication_list": "T",
  "email": "",
  "filename": "1225d24b-ede3-4c52-804a-1667fb4abb50",
  "info": "T means true, F means False. If no publications, just leave the publication structure unchanged.",
  "is_personal_homepage": "T",
  "name": "Sarah Gull",
  "name_index": [
    {
      "index_in_file": [
        [
          59,
          69
        ],
        [
          2826,
          2836
        ]
      ],
      "name_format": "Begin_First_Full End_Last_Full",
      "text": "Sarah Gull"
    },
    {
      "index_in_file": [
        [
          1867,
          1882
        ]
      ],
      "name_format": "Begin_First_Initial Inside_Middle_Initial End_Last_Full",
      "text": "H. K. Al-Rufaie"
    },
    {
      "index_in_file": [
        [
          1629,
          1636
        ],
        [
          1763,
          1770
        ],
        [
          1858,
          1865
        ],
        [
          2038,
          2045
        ],
        [
          2173,
          2180
        ],
        [
          2293,
          2300
        ],
        [
          2474,
          2481
        ]
      ],
      "name_format": "Begin_First_Initial End_Last_Full",
      "text": "S. Gull"
    },
    {
      "index_in_file": [
        [
          2182,
          2191
        ]
      ],
      "name_format": "Begin_First_Initial End_Last_Full",
      "text": "J. Hunter"
    },
    {
      "index_in_file": [
        [
          1638,
          1649
        ]
      ],
      "name_format": "Begin_First_Initial End_Last_Full",
      "text": "A. Prentice"
    },
    {
      "index_in_file": [
        [
          2280,
          2291
        ]
      ],
      "name_format": "Begin_First_Initial Inside_Middle_Initial End_Last_Full",
      "text": "G.O. Symore"
    }
  ],
  "publications": [
    {
      "length": 133,
      "line_num": [
        21
      ],
      "start_index_in_file": 1629,
      "text": "S. Gull, A. Prentice - 'Branch retinal artery occlusion in pregnancy', BrJObstetGynaecol, January, 101(1): 77-8, PMID: 8297878 (1994)"
    },
    {
      "length": 94,
      "line_num": [
        22
      ],
      "start_index_in_file": 1763,
      "text": "S. Gull - 'Low-dose Aspirin in Pregnancy', MIDIRS Midwifery Digest, September 3:3:294-5 (1993)"
    },
    {
      "length": 179,
      "line_num": [
        23
      ],
      "start_index_in_file": 1858,
      "text": "S. Gull, H. K. Al-Rufaie - 'Paget's Disease of the Vulva with Underlying and Invasive Classical Lobular Breast Carcinoma', JObstetGynaecol, May, 19(3):320-1, PMID: 15512314 (1999)"
    },
    {
      "length": 134,
      "line_num": [
        24
      ],
      "start_index_in_file": 2038,
      "text": "S. Gull - 'Communication skills: recognising the difficulties', The Obstetrician & Gynaecologist, April, Vol 4 No2, pp. 107-110 (2002)"
    },
    {
      "length": 106,
      "line_num": [
        25
      ],
      "start_index_in_file": 2173,
      "text": "S. Gull, J. Hunter - 'Illiterature and medicine', Lancet September 1: 358(9283):765, PMID: 11556356 (2001)"
    },
    {
      "length": 193,
      "line_num": [
        26
      ],
      "start_index_in_file": 2280,
      "text": "G.O. Symore, S. Gull - 'Adenocarcinoma of the vaginal vault following prolonged unopposed oestrogen hormone replacement therapy', J Obstet Gynaecol, February: 25(2):220-1, PMID: 15814421 (2005)"
    },
    {
      "length": 109,
      "line_num": [
        27
      ],
      "start_index_in_file": 2474,
      "text": "S. Gull - 'Embedding the Humanities into Medical Education', Medical Education, February: 39(2): 253-6 (2005)"
    }
  ],
  "url": "http://www.lucy-cav.cam.ac.uk/about-us/our-people/college-fellows/dr-sarah-gull/"
}