{
  "comment": "//leave comments here if needed",
  "contain_publication_list": "F",
  "email": "aace@uchicago.edu",
  "filename": "3b52dc58-a6a1-4da2-8486-19c75abf5c20",
  "info": "T means true, F means False. If no publications, just leave the publication structure unchanged.",
  "is_personal_homepage": "T",
  "name": "Amber Ace",
  "name_index": [
    {
      "index_in_file": [
        [
          146,
          155
        ],
        [
          168,
          177
        ]
      ],
      "name_format": "Begin_First_Full End_Last_Full",
      "text": "Amber Ace"
    }
  ],
  "publications": [
    {
      "text": "COPY_SINGLE_PUBLICATION_HERE"
    },
    {
      "text": "COPY_SINGLE_PUBLICATION_HERE"
    }
  ],
  "url": "http://classics.uchicago.edu/graduate/students/ace"
}