{
  "comment": "//leave comments here if needed",
  "contain_publication_list": "F",
  "email": "kimlane@princeton.edu",
  "filename": "f470a5ba-2863-4470-af88-962eae5d1484",
  "info": "T means true, F means False. If no publications, just leave the publication structure unchanged.",
  "is_personal_homepage": "T",
  "name": "Kim Lane Scheppele",
  "name_index": [
    {
      "index_in_file": [
        [
          270,
          288
        ],
        [
          718,
          736
        ]
      ],
      "name_format": "Begin_First_Full Inside_Middle_Full End_Last_Full",
      "text": "Kim Lane Scheppele"
    },
    {
      "in_email": "BEFORE_AT",
      "index_in_file": [
        [
          633,
          640
        ]
      ],
      "name_format": "Begin_First_Full_Middle_Full",
      "text": "kimlane"
    }
  ],
  "publications": [
    {
      "text": "COPY_SINGLE_PUBLICATION_HERE"
    },
    {
      "text": "COPY_SINGLE_PUBLICATION_HERE"
    }
  ],
  "url": "http://www.princeton.edu/politics/people/display_person.xml?netid=kimlane&display=All"
}