{
  "comment": "//leave comments here if needed",
  "contain_publication_list": "T",
  "email": "esk23@cam.ac.uk",
  "filename": "dda619ea-21a0-4b49-93ef-a151ce00f5b0",
  "info": "T means true, F means False. If no publications, just leave the publication structure unchanged.",
  "is_personal_homepage": "T",
  "name": "Emily Kneebone",
  "name_index": [
    {
      "index_in_file": [
        [
          164,
          178
        ],
        [
          7422,
          7436
        ]
      ],
      "name_format": "Begin_First_Full End_Last_Full",
      "text": "Emily Kneebone"
    },
    {
      "index_in_file": [
        [
          8901,
          8907
        ]
      ],
      "name_format": "Begin_First_Initial End_Last_Full",
      "text": "S. B\u00e4r"
    },
    {
      "index_in_file": [
        [
          8521,
          8533
        ]
      ],
      "name_format": "Begin_First_Initial End_Last_Full",
      "text": "T. Whitmarsh"
    },
    {
      "index_in_file": [
        [
          8342,
          8350
        ]
      ],
      "name_format": "Begin_First_Initial End_Last_Full",
      "text": "J. K\u00f6nig"
    },
    {
      "index_in_file": [
        [
          8885,
          8896
        ]
      ],
      "name_format": "Begin_First_Initial End_Last_Full",
      "text": "M. Baumbach"
    },
    {
      "index_in_file": [
        [
          8538,
          8548
        ]
      ],
      "name_format": "Begin_First_Initial End_Last_Full",
      "text": "S. Thomson"
    },
    {
      "index_in_file": [
        [
          8355,
          8363
        ]
      ],
      "name_format": "Begin_First_Initial End_Last_Full",
      "text": "G. Woolf"
    }
  ],
  "publications": [
    {
      "length": 195,
      "line_num": [
        344
      ],
      "start_index_in_file": 8280,
      "text": "\u2018The limits of enquiry in imperial Greek didactic poetry,\u2019 in J. K\u00f6nig and G. Woolf (eds.) Authority and Expertise in Ancient Scientific Culture. Cambridge: Cambridge University Press (in press)."
    },
    {
      "length": 174,
      "line_num": [
        346
      ],
      "start_index_in_file": 8477,
      "text": "\u2018Josephus\u2019 Esther and diaspora Judaism,\u2019 in T. Whitmarsh and S. Thomson (eds.) The Romance Between Greece and the East, Cambridge: Cambridge University Press (2013), 165-182."
    },
    {
      "length": 73,
      "line_num": [
        348
      ],
      "start_index_in_file": 8654,
      "text": "\u2018The Poetics of Knowledge in Oppian\u2019s Halieutica,\u2019 Ramus 37 (2008), 32-59"
    },
    {
      "length": 83,
      "line_num": [
        350
      ],
      "start_index_in_file": 8730,
      "text": "\u2018Dilemmas of the Diaspora: Josephus Antiquities 11.184-296,\u2019 Ramus 36 (2007), 51-77"
    },
    {
      "length": 198,
      "line_num": [
        352
      ],
      "start_index_in_file": 8816,
      "text": "\u2018Fish in Battle? Quintus of Smyrna and the Halieutica of Oppian,\u2019 in M. Baumbach and S. B\u00e4r (eds.) Quintus Smyrnaeus: Transforming Homer in Second Sophistic Epic. Berlin: De Gruyter (2007), 285-305."
    }
  ],
  "url": "http://www.classics.cam.ac.uk/directory/emily-kneebone"
}