[{"begin": 0, "end": 15, "text": "ZORIC, VLADIMIR", "tokenized_text": "ZORIC , VLADIMIR", "type": "authors", "id": 0}, {"begin": 17, "end": 21, "text": "2016", "tokenized_text": "2016", "type": "year", "id": 1}, {"begin": 23, "end": 125, "text": "Small Town as the Scene of a Memory Encounter: Portraits and Commemorations of Radomir Konstantinovic.", "tokenized_text": "Small Town as the Scene of a Memory Encounter : Portraits and Commemorations of Radomir Konstantinovic .", "type": "title", "id": 2}, {"begin": 130, "end": 211, "text": "Post-Yugoslav Constellations: Archive, Memory, and Trauma in Contemporary Bosnian", "tokenized_text": "Post - Yugoslav Constellations : Archive , Memory , and Trauma in Contemporary Bosnian", "type": "title", "id": 3}, {"begin": 213, "end": 257, "text": "Croatian, and Serbian Literature and Culture", "tokenized_text": "Croatian , and Serbian Literature and Culture", "type": "venue", "id": 4}, {"begin": 265, "end": 272, "text": "Gruyter", "tokenized_text": "Gruyter", "type": "venue", "id": 5}]