[{"begin": 0, "end": 15, "text": "ZORIC, VLADIMIR", "tokenized_text": "ZORIC , VLADIMIR", "type": "authors", "id": 0}, {"begin": 17, "end": 21, "text": "2016", "tokenized_text": "2016", "type": "year", "id": 1}, {"begin": 23, "end": 97, "text": "Eskapizam i simbioza: Magrisov habzburski mit i Konstantinoviceva palanka.", "tokenized_text": "Eskapizam i simbioza : Magrisov habzburski mit i Konstantinoviceva palanka .", "type": "title", "id": 2}, {"begin": 102, "end": 146, "text": "Komparativna knjizevnost: teorija, tumacenja", "tokenized_text": "Komparativna knjizevnost : teorija , tumacenja", "type": "title", "id": 3}, {"begin": 161, "end": 183, "text": "Comparative Literature", "tokenized_text": "Comparative Literature", "type": "venue", "id": 4}, {"begin": 183, "end": 207, "text": ": Theory, Intepretation,", "tokenized_text": ": Theory , Intepretation ,", "type": "title", "id": 5}, {"begin": 208, "end": 263, "text": "Perspectives Filoloski fakultet Univerziteta u Beogradu", "tokenized_text": "Perspectives Filoloski fakultet Univerziteta u Beogradu", "type": "venue", "id": 6}]