{
  "comment": "//leave comments here if needed",
  "contain_publication_list": "F",
  "email": "mrutyunjaya-parida@uiowa.edu",
  "filename": "5b6d9ca9-19ed-4fea-8b77-7527dfb03ffb",
  "info": "T means true, F means False. If no publications, just leave the publication structure unchanged.",
  "is_personal_homepage": "T",
  "name": "MRUTYUNJAYA PARIDA",
  "name_index": [
    {
      "index_in_file": [
        [
          147,
          165
        ]
      ],
      "name_format": "Begin_First_Full End_Last_Full",
      "text": "MRUTYUNJAYA PARIDA"
    }
  ],
  "publications": [
    {
      "text": "COPY_SINGLE_PUBLICATION_HERE"
    },
    {
      "text": "COPY_SINGLE_PUBLICATION_HERE"
    }
  ],
  "url": "https://tippie.uiowa.edu/people/mrutyunjaya-parida"
}