{
  "comment": "//leave comments here if needed",
  "contain_publication_list": "T",
  "email": "",
  "filename": "8075a97b-604a-4b55-9acf-add140029cb7",
  "info": "T means true, F means False. If no publications, just leave the publication structure unchanged.",
  "is_personal_homepage": "T",
  "name": "Arlen W. Langvardt",
  "name_index": [
    {
      "index_in_file": [
        [
          2604,
          2618
        ]
      ],
      "name_format": "Begin_First_Full End_Last_Full",
      "text": "Tara Langvardt"
    },
    {
      "index_in_file": [
        [
          2838,
          2849
        ],
        [
          3803,
          3814
        ]
      ],
      "name_format": "Begin_First_Full End_Last_Full",
      "text": "Anne Massey"
    },
    {
      "index_in_file": [
        [
          3125,
          3135
        ]
      ],
      "name_format": "Begin_First_Full End_Last_Full",
      "text": "Paul Hogan"
    },
    {
      "index_in_file": [
        [
          3107,
          3119
        ]
      ],
      "name_format": "Begin_First_Full End_Last_Full",
      "text": "Yassir Karam"
    },
    {
      "index_in_file": [
        [
          2394,
          2404
        ]
      ],
      "name_format": "Begin_First_Full End_Last_Full",
      "text": "John Grout"
    },
    {
      "index_in_file": [
        [
          4101,
          4115
        ]
      ],
      "name_format": "Begin_First_Full End_Last_Full",
      "text": "Kyle Langvardt"
    },
    {
      "index_in_file": [
        [
          4930,
          4941
        ]
      ],
      "name_format": "Begin_First_Full End_Last_Full",
      "text": "Oliver Heil"
    },
    {
      "index_in_file": [
        [
          4572,
          4585
        ]
      ],
      "name_format": "Begin_First_Full End_Last_Full",
      "text": "Eric Richards"
    },
    {
      "index_in_file": [
        [
          2855,
          2872
        ],
        [
          3400,
          3417
        ]
      ],
      "name_format": "Begin_First_Full End_Last_Full",
      "text": "Jonathan Rinehart"
    },
    {
      "index_in_file": [
        [
          2409,
          2418
        ],
        [
          2827,
          2836
        ],
        [
          3096,
          3105
        ],
        [
          3385,
          3394
        ],
        [
          3788,
          3797
        ]
      ],
      "name_format": "Begin_First_Full End_Last_Full",
      "text": "John Hill"
    },
    {
      "index_in_file": [
        [
          1861,
          1875
        ]
      ],
      "name_format": "Begin_First_Full End_Last_Full",
      "text": "Martin McCrory"
    },
    {
      "index_in_file": [
        [
          1822,
          1837
        ]
      ],
      "name_format": "Begin_First_Initial Inside_Middle_Full End_Last_Full",
      "text": "A. James Barnes"
    },
    {
      "index_in_file": [
        [
          155,
          173
        ],
        [
          1881,
          1899
        ]
      ],
      "name_format": "Begin_First_Full Inside_Middle_Initial End_Last_Full",
      "text": "Arlen W. Langvardt"
    },
    {
      "index_in_file": [
        [
          1441,
          1457
        ],
        [
          2226,
          2242
        ]
      ],
      "name_format": "Begin_Last_Full End_First_Full",
      "text": "Langvardt, Arlen"
    },
    {
      "index_in_file": [
        [
          1595,
          1614
        ],
        [
          2005,
          2024
        ],
        [
          2373,
          2392
        ],
        [
          2580,
          2599
        ],
        [
          2806,
          2825
        ],
        [
          3075,
          3094
        ],
        [
          3364,
          3383
        ],
        [
          3596,
          3615
        ],
        [
          3767,
          3786
        ],
        [
          4077,
          4096
        ],
        [
          4335,
          4354
        ],
        [
          4548,
          4567
        ],
        [
          4756,
          4775
        ],
        [
          4906,
          4925
        ],
        [
          5070,
          5089
        ],
        [
          5228,
          5247
        ],
        [
          5402,
          5421
        ],
        [
          5677,
          5696
        ],
        [
          5839,
          5858
        ],
        [
          6062,
          6081
        ],
        [
          6264,
          6283
        ],
        [
          6438,
          6457
        ],
        [
          6643,
          6662
        ],
        [
          6827,
          6846
        ],
        [
          6991,
          7010
        ]
      ],
      "name_format": "Begin_Last_Full Inside_First_Full End_Middle_Initial",
      "text": "Langvardt, Arlen W."
    },
    {
      "index_in_file": [
        [
          1805,
          1820
        ]
      ],
      "name_format": "Begin_Last_Full Inside_First_Full End_Middle_Initial",
      "text": "Mallor, Jane P."
    },
    {
      "index_in_file": [
        [
          1839,
          1859
        ]
      ],
      "name_format": "Begin_First_Full Inside_Middle_Full End_Last_Full",
      "text": "Jamie Darin Prenkert"
    }
  ],
  "publications": [
    {
      "length": 153,
      "line_num": [
        90
      ],
      "start_index_in_file": 1441,
      "text": "Langvardt, Arlen (2017), \"Musicians, Politicians, and the Forgotten Tort,\" Fordham Intellectual Property, Media & Entertainment Law Journal, forthcoming."
    },
    {
      "length": 209,
      "line_num": [
        91
      ],
      "start_index_in_file": 1595,
      "text": "Langvardt, Arlen W. (2016), \"Generic Pharmaceuticals and the \u2018Unfortunate Hand\u2019 Dealt to Harmed Consumers: The Emerging State Court Resistance,\" 17 Minnesota Journal of Law, Science & Technology 565-661 (2016)"
    },
    {
      "length": 198,
      "line_num": [
        92
      ],
      "start_index_in_file": 1805,
      "text": "Mallor, Jane P., A. James Barnes, Jamie Darin Prenkert, Martin McCrory, and Arlen W. Langvardt (2015), Business Law: The Ethical, Global and E-Commerce Environment (16th Edition), McGraw-Hill Irwin."
    },
    {
      "length": 220,
      "line_num": [
        93
      ],
      "start_index_in_file": 2005,
      "text": "Langvardt, Arlen W., (2015) \"I Have a [Fair Use] Dream: Historic Copyrighted Works and the Recognition of Meaningful Rights for the Public,\" Fordham Intellectual Property, Media & Entertainment Law Journal, 25: 939-1006."
    },
    {
      "length": 146,
      "line_num": [
        94
      ],
      "start_index_in_file": 2226,
      "text": "Langvardt, Arlen (2014), \"Tobacco Advertising and the First Amendment: Striking the Right Balance,\" William & Mary Business Law Review, 5: 331-412"
    },
    {
      "length": 206,
      "line_num": [
        95
      ],
      "start_index_in_file": 2373,
      "text": "Langvardt, Arlen W., John Grout and John Hill (2013), \"Mistake-Proofing Medicine: Legal Considerations and Healthcare Quality Implications,\" 14 Minnesota Journal of Law, Science, & Technology 387-438 (2013)"
    },
    {
      "length": 225,
      "line_num": [
        96
      ],
      "start_index_in_file": 2580,
      "text": "Langvardt, Arlen W. and Tara Langvardt (2011), \"Caught in the Copyright Rye: Freeing First Amendment Interests from the Constraints of the Traditional View,\" Harvard Journal of Sports & Entertainment Law, Vol. 2, pp.  99-156."
    },
    {
      "length": 268,
      "line_num": [
        97
      ],
      "start_index_in_file": 2806,
      "text": "Langvardt, Arlen W., John Hill, Anne Massey, and Jonathan Rinehart (2011), \"A Proposed National Health Information Network Architecture and Complementary Federal Preemption of State Health Information Privacy Laws,\" American Business Law Journal, Vol. 48, pp. 503-595."
    },
    {
      "length": 288,
      "line_num": [
        98
      ],
      "start_index_in_file": 3075,
      "text": "Langvardt, Arlen W., John Hill, Yassir Karam, and Paul Hogan (2009), \"Increasing Complexity and Partisanship in Business Damages Expert Testimony: The Need for a Modified Trial Regime in Quantification of Damages,\" University of Pennsylvania Journal of Business Law, Vol. 11, pp. 297-382."
    },
    {
      "length": 230,
      "line_num": [
        99
      ],
      "start_index_in_file": 3364,
      "text": "Langvardt, Arlen W., John Hill, and Jonathan Rinehart (2009), \"Bottom-Up or Top-Down?  Removing the Privacy Law Obstacles to Healthcare Reform in the National Healthcare Crisis,\" Indiana Law Journal Supplement, Vol. 84, pp. 23-45."
    },
    {
      "length": 170,
      "line_num": [
        100
      ],
      "start_index_in_file": 3596,
      "text": "Langvardt, Arlen W. (2008), \"The Beat Should Not Go On: Resisting Early Calls for Further Extensions of Copyright Duration,\" Penn State Law Review, Vol. 112, pp. 783-811."
    },
    {
      "length": 308,
      "line_num": [
        101
      ],
      "start_index_in_file": 3767,
      "text": "Langvardt, Arlen W., John Hill, and Anne Massey (2008), \"Law, Information Technology, and Medical Errors: Toward a National Healthcare Information Network Approach to Improving Patient Care and Reducing Medical Malpractice Costs,\" 2007 University of Illinois Journal of Law, Technology & Policy, pp. 159-237."
    },
    {
      "length": 252,
      "line_num": [
        102
      ],
      "start_index_in_file": 4077,
      "text": "Langvardt, Arlen W. and Kyle Langvardt (2004), \"Unwise or Unconstitutional?: The Copyright Term Extension Act, the Eldred Decision, and the Freezing of the Public Domain for Private Benefit,\" Minnesota Intellectual Property Review, Vol. 5, pp. 193-292."
    },
    {
      "length": 212,
      "line_num": [
        103
      ],
      "start_index_in_file": 4335,
      "text": "Langvardt, Arlen W. (2000), \"The Incremental Strengthening of First Amendment Protection for Commercial Speech: Lessons from Greater New Orleans Broadcasting,\" American Business Law Journal, Vol. 37, pp. 587-652."
    },
    {
      "length": 207,
      "line_num": [
        104
      ],
      "start_index_in_file": 4548,
      "text": "Langvardt, Arlen W. and Eric Richards (1997), \"The Death of Posadas and the Birth of Change in Commercial Speech Doctrine: Implications of 44 Liquormart,\" American Business Law Journal, Vol. 34, pp. 483-559."
    },
    {
      "length": 149,
      "line_num": [
        105
      ],
      "start_index_in_file": 4756,
      "text": "Langvardt, Arlen W. (1997) \"The Troubling Implications of a Right of Publicity \u201cWheel\u201d Spun Out of Control,\" Kansas Law Review, Vol. 45, pp. 329-452."
    },
    {
      "length": 163,
      "line_num": [
        106
      ],
      "start_index_in_file": 4906,
      "text": "Langvardt, Arlen W. and Oliver Heil (1994), \"The Interface Between Competitive Market Signaling and Antitrust Law,\" Journal of Marketing, Vol. 58, July, pp. 81-86."
    },
    {
      "length": 157,
      "line_num": [
        107
      ],
      "start_index_in_file": 5070,
      "text": "Langvardt, Arlen W. (1993), \"Section 43(a), Commercial Falsehood, and the First Amendment: A Proposed Framework,\" Minnesota Law Review, Vol. 78, pp. 309-401."
    },
    {
      "length": 173,
      "line_num": [
        108
      ],
      "start_index_in_file": 5228,
      "text": "Langvardt, Arlen W. (1993), \"Trademark Rights and First Amendment Wrongs: Protecting the Former Without Committing the Latter,\" The Trademark Reporter, Vol. 83, pp. 633-660."
    },
    {
      "length": 273,
      "line_num": [
        109
      ],
      "start_index_in_file": 5402,
      "text": "Langvardt, Arlen W. (1991), \"Protected Marks and Protected Speech: Establishing the First Amendment Boundaries in Trademark Parody Cases,\" Villanova Law Review, Vol. 36, pp. 1-103.  Reprinted Version, in modified form: in The Trademark Reporter, Vol. 82, 1992, pp. 671-764."
    },
    {
      "length": 159,
      "line_num": [
        110
      ],
      "start_index_in_file": 5677,
      "text": "Langvardt, Arlen W. (1990), \"A Principled Approach to Compensatory Damages in Corporate Defamation Cases,\" American Business Law Journal, Vol. 27, pp. 491-534."
    },
    {
      "length": 222,
      "line_num": [
        111
      ],
      "start_index_in_file": 5839,
      "text": "Langvardt, Arlen W. (1989), \"Free Speech Versus Economic Harm: Accommodating Defamation, Commercial Speech, and Unfair Competition Considerations in the Law of Injurious Falsehood,\" Temple Law Review, Vol. 62, pp. 903-976."
    },
    {
      "length": 201,
      "line_num": [
        112
      ],
      "start_index_in_file": 6062,
      "text": "Langvardt, Arlen W. (1989), \"Stopping the End-Run by Public Plaintiffs: Falwell and the Refortification of Defamation Law's Constitutional Aspects,\" American Business Law Journal, Vol. 26, pp. 665-708."
    },
    {
      "length": 173,
      "line_num": [
        113
      ],
      "start_index_in_file": 6264,
      "text": "Langvardt, Arlen W. (1988), \"Defamation in the Employment Discharge Context: The Emerging Doctrine of Compelled Self-Publication,\" Duquesne Law Review, Vol. 26, pp. 227-293."
    },
    {
      "length": 204,
      "line_num": [
        114
      ],
      "start_index_in_file": 6438,
      "text": "Langvardt, Arlen W. (1987), \"Media Defendants, Public Concerns, and Public Plaintif\u00adfs: Toward Fashioning Order From Confusion in Defamation Law,\" University of Pittsburgh Law Review, Vol. 49, pp. 91-141."
    },
    {
      "length": 183,
      "line_num": [
        115
      ],
      "start_index_in_file": 6643,
      "text": "Langvardt, Arlen W. (1987), \"Public Concern Revisited: A New Role for an Old Doctrine in the Constitutional Law of Defamation,\" Valparaiso University Law Review, Vol. 21, pp. 241-270."
    },
    {
      "length": 163,
      "line_num": [
        116
      ],
      "start_index_in_file": 6827,
      "text": "Langvardt, Arlen W. (1982), \"Not on Our Shelves: A First Amendment Analysis of Library Censorship in the Public Schools,\" Nebraska Law Review, Vol. 61, pp. 98-137."
    },
    {
      "length": 165,
      "line_num": [
        117
      ],
      "start_index_in_file": 6991,
      "text": "Langvardt, Arlen W. (1980), \"Beyond the Schoolhouse Gate: Protecting the Off-Campus First Amendment Freedoms of Students,\" Nebraska Law Review, Vol. 59, pp. 790-807."
    }
  ],
  "url": "https://kelley.iu.edu/facultyglobal/directory/FacultyProfile.cfm?netID=langvard"
}