{
  "comment": "//leave comments here if needed",
  "contain_publication_list": "T",
  "email": "Jeffrey_Morgan@brown.edu",
  "filename": "8903980c-bb42-449a-a36d-61c1d416ca46",
  "info": "T means true, F means False. If no publications, just leave the publication structure unchanged.",
  "is_personal_homepage": "T",
  "name": "Jeffrey R. Morgan",
  "name_index": [
    {
      "index_in_file": [
        [
          94,
          111
        ]
      ],
      "name_format": "Begin_First_Full Inside_Middle_Initial End_Last_Full",
      "text": "Jeffrey R. Morgan"
    },
    {
      "index_in_file": [
        [
          1193,
          1202
        ],
        [
          2039,
          2048
        ]
      ],
      "name_format": "Begin_Last_Full End_First_Initial_Middle_Initial",
      "text": "Morgan JR"
    },
    {
      "index_in_file": [
        [
          2024,
          2037
        ]
      ],
      "name_format": "Begin_Last_Full End_First_Initial",
      "text": "Boekelheide K"
    },
    {
      "index_in_file": [
        [
          1167,
          1172
        ]
      ],
      "name_format": "Begin_Last_Full End_First_Initial_Middle_Initial",
      "text": "Ip BC"
    },
    {
      "index_in_file": [
        [
          1999,
          2007
        ]
      ],
      "name_format": "Begin_Last_Full End_First_Initial",
      "text": "Curran S"
    },
    {
      "index_in_file": [
        [
          1181,
          1191
        ]
      ],
      "name_format": "Begin_Last_Full End_First_Initial",
      "text": "Tripathi A"
    },
    {
      "index_in_file": [
        [
          1174,
          1179
        ]
      ],
      "name_format": "Begin_Last_Full End_First_Initial",
      "text": "Cui F"
    },
    {
      "index_in_file": [
        [
          2009,
          2022
        ]
      ],
      "name_format": "Begin_Last_Full End_First_Initial_Middle_Initial",
      "text": "Vantangoli MM"
    },
    {
      "index_in_file": [
        [
          1408,
          1424
        ]
      ],
      "name_format": "Begin_Last_Full Inside_First_Full End_Middle_Initial",
      "text": "Chirila, Anda M."
    },
    {
      "index_in_file": [
        [
          1390,
          1406
        ]
      ],
      "name_format": "Begin_Last_Full Inside_First_Full End_Middle_Initial",
      "text": "Boutin, Molly E."
    },
    {
      "index_in_file": [
        [
          1426,
          1440
        ]
      ],
      "name_format": "Begin_Last_Full Inside_First_Full End_Middle_Initial",
      "text": "Livi, Liane L."
    },
    {
      "index_in_file": [
        [
          984,
          1002
        ],
        [
          1484,
          1502
        ],
        [
          1834,
          1852
        ]
      ],
      "name_format": "Begin_Last_Full Inside_First_Full End_Middle_Initial",
      "text": "Morgan, Jeffrey R."
    },
    {
      "index_in_file": [
        [
          1465,
          1482
        ]
      ],
      "name_format": "Begin_Last_Full Inside_First_Full End_Middle_Initial",
      "text": "Jakubek, Lorin M."
    },
    {
      "index_in_file": [
        [
          1504,
          1520
        ]
      ],
      "name_format": "Begin_Last_Full Inside_First_Full End_Middle_Initial",
      "text": "Darling, Eric M."
    },
    {
      "index_in_file": [
        [
          881,
          899
        ],
        [
          1769,
          1787
        ]
      ],
      "name_format": "Begin_Last_Full Inside_First_Full End_Middle_Initial",
      "text": "Wilks, Benjamin T."
    },
    {
      "index_in_file": [
        [
          1789,
          1814
        ]
      ],
      "name_format": "Begin_Last_Full Inside_First_Full End_Middle_Initial",
      "text": "Vantangoli, Marguerite M."
    },
    {
      "index_in_file": [
        [
          1522,
          1537
        ]
      ],
      "name_format": "Begin_Last_Full Inside_First_Full End_Middle_Initial",
      "text": "Kauer, Julie A."
    },
    {
      "index_in_file": [
        [
          859,
          879
        ]
      ],
      "name_format": "Begin_Last_Full Inside_First_Full End_Middle_Initial",
      "text": "Schell, Jacquelyn Y."
    },
    {
      "index_in_file": [
        [
          1370,
          1388
        ]
      ],
      "name_format": "Begin_Last_Full Inside_First_Full End_Middle_Initial",
      "text": "Dingle, Yu-Ting L."
    },
    {
      "index_in_file": [
        [
          1539,
          1558
        ]
      ],
      "name_format": "Begin_Last_Full End_First_Full",
      "text": "Hoffman-Kim, Diane."
    },
    {
      "index_in_file": [
        [
          1442,
          1463
        ]
      ],
      "name_format": "Begin_Last_Full Inside_First_Full End_Middle_Initial",
      "text": "Labriola, Nicholas R."
    },
    {
      "index_in_file": [
        [
          966,
          982
        ]
      ],
      "name_format": "Begin_Last_Full Inside_First_Full End_Middle_Initial",
      "text": "Shenoy, Vivek B."
    },
    {
      "index_in_file": [
        [
          1716,
          1722
        ]
      ],
      "name_format": "Begin_Last_Full",
      "text": "Curran"
    },
    {
      "index_in_file": [
        [
          1751,
          1756
        ]
      ],
      "name_format": "Begin_Last_Full",
      "text": "Leary"
    },
    {
      "index_in_file": [
        [
          1730,
          1737
        ]
      ],
      "name_format": "Begin_Last_Full",
      "text": "Achilli"
    },
    {
      "index_in_file": [
        [
          1758,
          1767
        ]
      ],
      "name_format": "Begin_Last_Full",
      "text": "Elizabeth"
    },
    {
      "index_in_file": [
        [
          1739,
          1749
        ]
      ],
      "name_format": "Begin_Last_Full",
      "text": "Toni-Marie"
    },
    {
      "index_in_file": [
        [
          947,
          953
        ]
      ],
      "name_format": "Begin_Last_Full",
      "text": "Vijaya"
    },
    {
      "index_in_file": [
        [
          934,
          945
        ]
      ],
      "name_format": "Begin_Last_Full",
      "text": "Chalivendra"
    },
    {
      "index_in_file": [
        [
          908,
          913
        ]
      ],
      "name_format": "Begin_Last_Full",
      "text": "Mohak"
    },
    {
      "index_in_file": [
        [
          1724,
          1728
        ]
      ],
      "name_format": "Begin_Last_Full",
      "text": "Sean"
    },
    {
      "index_in_file": [
        [
          1816,
          1827
        ]
      ],
      "name_format": "Begin_Last_Full",
      "text": "Boekelheide"
    },
    {
      "index_in_file": [
        [
          1829,
          1832
        ]
      ],
      "name_format": "Begin_Last_Full",
      "text": "Kim"
    },
    {
      "index_in_file": [
        [
          960,
          964
        ]
      ],
      "name_format": "Begin_Last_Full",
      "text": "Xuan"
    },
    {
      "index_in_file": [
        [
          901,
          906
        ]
      ],
      "name_format": "Begin_Last_Full",
      "text": "Patel"
    },
    {
      "index_in_file": [
        [
          923,
          932
        ]
      ],
      "name_format": "Begin_Last_Full",
      "text": "Christian"
    },
    {
      "index_in_file": [
        [
          955,
          958
        ]
      ],
      "name_format": "Begin_Last_Full",
      "text": "Cao"
    },
    {
      "index_in_file": [
        [
          915,
          921
        ]
      ],
      "name_format": "Begin_Last_Full",
      "text": "Franck"
    }
  ],
  "publications": [
    {
      "length": 290,
      "start_index_in_file": 859,
      "text": "Schell, Jacquelyn Y., Wilks, Benjamin T., Patel, Mohak, Franck, Christian, Chalivendra, Vijaya, Cao, Xuan, Shenoy, Vivek B., Morgan, Jeffrey R. Harnessing cellular-derived forces in self-assembled microtissues to control the synthesis and alignment of ECM Biomaterials. 2016; 77 : 120-129 ."
    },
    {
      "length": 185,
      "start_index_in_file": 1167,
      "text": "Ip BC, Cui F, Tripathi A, Morgan JR. The bio-gripper: a fluid-driven micro-manipulator of living tissue constructs for additive bio-manufacturing. Biofabrication. 2016; 8 (2) : 025015 ."
    },
    {
      "length": 335,
      "start_index_in_file": 1370,
      "text": "Dingle, Yu-Ting L., Boutin, Molly E., Chirila, Anda M., Livi, Liane L., Labriola, Nicholas R., Jakubek, Lorin M., Morgan, Jeffrey R., Darling, Eric M., Kauer, Julie A., Hoffman-Kim, Diane. Three-Dimensional Neural Spheroid Culture: An In Vitro Model for Cortical Studies Tissue engineering. Part C, Methods. 2015; 21 (12) : 1274-1283 ."
    },
    {
      "length": 272,
      "start_index_in_file": 1716,
      "text": "Curran, Sean, Achilli, Toni-Marie, Leary, Elizabeth, Wilks, Benjamin T., Vantangoli, Marguerite M., Boekelheide, Kim, Morgan, Jeffrey R. A 3D spheroid system to evaluate inhibitors of the ABCG2 transporter in drug uptake and penetration Technology. 2015; 03 (01) : 54-63 ."
    },
    {
      "length": 158,
      "start_index_in_file": 1999,
      "text": "Curran S, Vantangoli MM, Boekelheide K, Morgan JR. Architecture of Chimeric Spheroids Controls Drug Transport Cancer Microenvironment. 2015; 8 (2) : 101-109 ."
    }
  ],
  "url": "http://research.brown.edu/research/profile.php?id=1100925688"
}