[{"begin": 195, "end": 286, "text": ", Rasamoelina, M., Balaji, A., Kennedy-Bowdoin, T., Maatoug, L., Colgan, M. S., Knapp, D. E", "tokenized_text": ", Rasamoelina , M . , Balaji , A . , Kennedy - Bowdoin , T . , Maatoug , L . , Colgan , M . S . , Knapp , D . E", "type": "authors", "id": 0}, {"begin": 288, "end": 292, "text": "2012", "tokenized_text": "2012", "type": "year", "id": 1}, {"begin": 0, "end": 79, "text": "Human and environmental controls over aboveground carbon storage in Madagascar.", "tokenized_text": "Human and environmental controls over aboveground carbon storage in Madagascar .", "type": "title", "id": 2}, {"begin": 80, "end": 195, "text": "Carbon balance and management Asner, G. P., Clark, J. K., Mascaro, J., Vaudry, R., Chadwick, K. D., Vieilledent, G.", "tokenized_text": "Carbon balance and management Asner , G . P . , Clark , J . K . , Mascaro , J . , Vaudry , R . , Chadwick , K . D . , Vieilledent , G .", "type": "authors", "id": 3}]