[{"begin": 189, "end": 332, "text": "D. A., Paez-Acosta, G., Cabrera Montenegro, E., Kennedy-Bowdoin, T., Duque, A., Balaji, A., von Hildebrand, P., Maatoug, L., Phillips Bernal, J", "tokenized_text": "D . A . , Paez - Acosta , G . , Cabrera Montenegro , E . , Kennedy - Bowdoin , T . , Duque , A . , Balaji , A . , von Hildebrand , P . , Maatoug , L . , Phillips Bernal , J", "type": "authors", "id": 0}, {"begin": 0, "end": 92, "text": "High-resolution mapping of forest carbon stocks in the Colombian Amazon BIOGEOSCIENCES Asner", "tokenized_text": "High - resolution mapping of forest carbon stocks in the Colombian Amazon BIOGEOSCIENCES Asner", "type": "title", "id": 1}, {"begin": 94, "end": 188, "text": "G. P., Clark, J. K., Mascaro, J., Galindo Garcia, G. A., Chadwick, K. D., Navarrete Encinales,", "tokenized_text": "G . P . , Clark , J . K . , Mascaro , J . , Galindo Garcia , G . A . , Chadwick , K . D . , Navarrete Encinales ,", "type": "authors", "id": 2}, {"begin": 332, "end": 424, "text": ". F., Yepes Quintero, A. P., Knapp, D. E., Garcia Davila, M. C., Jacobson, J., Ordonez, M. F", "tokenized_text": ". F . , Yepes Quintero , A . P . , Knapp , D . E . , Garcia Davila , M . C . , Jacobson , J . , Ordonez , M . F", "type": "authors", "id": 3}, {"begin": 426, "end": 430, "text": "2012", "tokenized_text": "2012", "type": "year", "id": 4}]