[{"begin": 0, "end": 79, "text": "Targeted carbon conservation at national scales with high-resolution monitoring", "tokenized_text": "Targeted carbon conservation at national scales with high - resolution monitoring", "type": "title", "id": 0}, {"begin": 81, "end": 152, "text": "Proceedings of the National Academy of Sciences of the United States of", "tokenized_text": "Proceedings of the National Academy of Sciences of the United States of", "type": "venue", "id": 1}, {"begin": 161, "end": 217, "text": "Asner, G. P., Knapp, D. E., Martin, R. E., Tupayachi, R.", "tokenized_text": "Asner , G . P . , Knapp , D . E . , Martin , R . E . , Tupayachi , R .", "type": "authors", "id": 2}, {"begin": 217, "end": 329, "text": ", Anderson, C. B., Mascaro, J., Sinca, F., Chadwick, K. D., Higgins, M., Farfan, W., Llactayo, W., Silman, M. R.", "tokenized_text": ", Anderson , C . B . , Mascaro , J . , Sinca , F . , Chadwick , K . D . , Higgins , M . , Farfan , W . , Llactayo , W . , Silman , M . R .", "type": "authors", "id": 3}, {"begin": 330, "end": 334, "text": "2014", "tokenized_text": "2014", "type": "year", "id": 4}]