[{"begin": 175, "end": 219, "text": "., Anderson, C., Higgins, M., Chadwick, K. D", "tokenized_text": ". , Anderson , C . , Higgins , M . , Chadwick , K . D", "type": "authors", "id": 0}, {"begin": 221, "end": 225, "text": "2014", "tokenized_text": "2014", "type": "year", "id": 1}, {"begin": 0, "end": 108, "text": "A Tale of Two \"Forests\": Random Forest Machine Learning Aids Tropical Forest Carbon Mapping PLOS ONE Mascaro", "tokenized_text": "A Tale of Two \" Forests \" : Random Forest Machine Learning Aids Tropical Forest Carbon Mapping PLOS ONE Mascaro", "type": "title", "id": 2}, {"begin": 110, "end": 175, "text": "J., Asner, G. P., Knapp, D. E., Kennedy-Bowdoin, T., Martin, R. E", "tokenized_text": "J . , Asner , G . P . , Knapp , D . E . , Kennedy - Bowdoin , T . , Martin , R . E", "type": "authors", "id": 3}]