[{"begin": 0, "end": 58, "text": "Krysiak-Baltyn K, Martin G, Stickland A, Scales P, Gras S.", "tokenized_text": "Krysiak - Baltyn K , Martin G , Stickland A , Scales P , Gras S .", "type": "authors", "id": 0}, {"begin": 59, "end": 151, "text": "Simulation of phage dynamics in multi-reactor models of complex wastewater treatment systems", "tokenized_text": "Simulation of phage dynamics in multi - reactor models of complex wastewater treatment systems", "type": "title", "id": 1}, {"begin": 153, "end": 184, "text": "BIOCHEMICAL ENGINEERING JOURNAL", "tokenized_text": "BIOCHEMICAL ENGINEERING JOURNAL", "type": "venue", "id": 2}, {"begin": 204, "end": 208, "text": "2017", "tokenized_text": "2017", "type": "year", "id": 3}]