[{"begin": 0, "end": 58, "text": "Krysiak-Baltyn K, Martin G, Stickland A, Scales P, Gras S.", "tokenized_text": "Krysiak - Baltyn K , Martin G , Stickland A , Scales P , Gras S .", "type": "authors", "id": 0}, {"begin": 59, "end": 122, "text": "Computational models of populations of bacteria and lytic phage", "tokenized_text": "Computational models of populations of bacteria and lytic phage", "type": "title", "id": 1}, {"begin": 124, "end": 156, "text": "CRITICAL REVIEWS IN MICROBIOLOGY", "tokenized_text": "CRITICAL REVIEWS IN MICROBIOLOGY", "type": "venue", "id": 2}, {"begin": 158, "end": 162, "text": "2016", "tokenized_text": "2016", "type": "year", "id": 3}]