[{"begin": 0, "end": 68, "text": "Burger W, Krysiak-Baltyn K, Scales P, Martin G, Stickland A, Gras S.", "tokenized_text": "Burger W , Krysiak - Baltyn K , Scales P , Martin G , Stickland A , Gras S .", "type": "authors", "id": 0}, {"begin": 69, "end": 133, "text": "The use of image analysis to characterise activated sludge flocs", "tokenized_text": "The use of image analysis to characterise activated sludge flocs", "type": "title", "id": 1}, {"begin": 142, "end": 150, "text": "Congress", "tokenized_text": "Congress", "type": "venue", "id": 2}, {"begin": 151, "end": 155, "text": "2015", "tokenized_text": "2015", "type": "year", "id": 3}, {"begin": 156, "end": 169, "text": "incorporating", "tokenized_text": "incorporating", "type": "venue", "id": 4}]