[{"begin": 0, "end": 83, "text": "Krysiak-Baltyn K, Nordahl Petersen T, Audouze K, JØrgensen N, Ängquist L, Brunak ", "tokenized_text": "Krysiak - Baltyn K , Nordahl Petersen T , Audouze K , JØrgensen N , Ängquist L , Brunak S .", "type": "authors", "id": 0}, {"begin": 84, "end": 145, "text": ". Compass: A hybrid method for clinical and biobank data mini", "tokenized_text": "Compass : A hybrid method for clinical and biobank data mining", "type": "title", "id": 1}, {"begin": 147, "end": 180, "text": ". Journal of Biomedical Informati", "tokenized_text": "Journal of Biomedical Informatics", "type": "venue", "id": 2}, {"begin": 198, "end": 202, "text": ". 20", "tokenized_text": "2014", "type": "year", "id": 3}]