[{"begin": 225, "end": 277, "text": "cryptorchidism: modelling of complex human exposures", "tokenized_text": "cryptorchidism : modelling of complex human exposures", "type": "title", "id": 0}, {"begin": 279, "end": 299, "text": "Journal of Andrology", "tokenized_text": "Journal of Andrology", "type": "venue", "id": 1}, {"begin": 332, "end": 336, "text": "2012", "tokenized_text": "2012", "type": "year", "id": 2}, {"begin": 0, "end": 156, "text": "Krysiak-Baltyn K, Toppari J, Skakkebaek NE, Jensen TS, Virtanen HE, Schramm KW, Shen H, Vartiainen T, Kiviranta H, Taboureau O, Audouze K, Brunak S, Main KM", "tokenized_text": "Krysiak - Baltyn K , Toppari J , Skakkebaek NE , Jensen TS , Virtanen HE , Schramm KW , Shen H , Vartiainen T , Kiviranta H , Taboureau O , Audouze K , Brunak S , Main KM", "type": "authors", "id": 3}, {"begin": 158, "end": 224, "text": "Association between chemical pattern in breast milk and congenital", "tokenized_text": "Association between chemical pattern in breast milk and congenital", "type": "title", "id": 4}]