[{"begin": 232, "end": 279, "text": " 5th Copenhagen Workshop on Endocrine Disrupter", "tokenized_text": "5th Copenhagen Workshop on Endocrine Disrupters", "type": "venue", "id": 0}, {"begin": 303, "end": 307, "text": " 201", "tokenized_text": "2010", "type": "year", "id": 1}, {"begin": 0, "end": 140, "text": "Krysiak-Baltyn K, Toppari J, SkakkebÆk N, Jensen T, Virtanen H, Schramm K, Shen H, Varitiainen T, Kiviranta H, Taboreau O, Brunak S, Main K", "tokenized_text": "Krysiak - Baltyn K , Toppari J , SkakkebÆk N , Jensen T , Virtanen H , Schramm K , Shen H , Varitiainen T , Kiviranta H , Taboreau O , Brunak S , Main K .", "type": "authors", "id": 2}, {"begin": 141, "end": 230, "text": " Country-specific chemical signatures of persistent environmental compounds in breast mil", "tokenized_text": "Country - specific chemical signatures of persistent environmental compounds in breast milk", "type": "title", "id": 3}]