[{"begin": 0, "end": 99, "text": "Audouze K, Juncker AS, Roque FJSSA, Krysiak-Baltyn K, Weinhold N, Taboureau O, Jensen TS, Brunak S.", "tokenized_text": "Audouze K , Juncker AS , Roque FJSSA , Krysiak - Baltyn K , Weinhold N , Taboureau O , Jensen TS , Brunak S .", "type": "authors", "id": 0}, {"begin": 100, "end": 201, "text": "Deciphering diseases and biological targets for environmental chemicals using toxicogenomics networks", "tokenized_text": "Deciphering diseases and biological targets for environmental chemicals using toxicogenomics networks", "type": "title", "id": 1}, {"begin": 203, "end": 229, "text": "PLoS Computational Biology", "tokenized_text": "PLoS Computational Biology", "type": "venue", "id": 2}, {"begin": 258, "end": 262, "text": "2010", "tokenized_text": "2010", "type": "year", "id": 3}]