{
  "comment": "//leave comments here if needed",
  "contain_publication_list": "T",
  "email": "janina.seubert@ki.se",
  "filename": "a5880f23-61c1-4f5a-a4e9-f58cf3b61c9d",
  "info": "T means true, F means False. If no publications, just leave the publication structure unchanged.",
  "is_personal_homepage": "T",
  "name": "Janina Seubert",
  "name_index": [
    {
      "index_in_file": [
        [
          3017,
          3032
        ]
      ],
      "name_format": "Begin_First_Full End_Last_Full",
      "text": "Johan Lundstr\u00f6m"
    },
    {
      "index_in_file": [
        [
          1708,
          1722
        ],
        [
          1826,
          1840
        ]
      ],
      "name_format": "Begin_First_Full End_Last_Full",
      "text": "Janina Seubert"
    },
    {
      "index_in_file": [
        [
          11699,
          11722
        ]
      ],
      "name_format": "Begin_Last_Full Inside_First_Full End_Middle_Full",
      "text": "Vetrano, Davide Liborio"
    },
    {
      "index_in_file": [
        [
          6175,
          6199
        ]
      ],
      "name_format": "Begin_Last_Full Inside_First_Full End_Middle_Full",
      "text": "Eyj\u00f3lfsd\u00f3ttir, Harpa Sif"
    },
    {
      "index_in_file": [
        [
          11455,
          11473
        ]
      ],
      "name_format": "Begin_Last_Full Inside_First_Full End_Middle_Full",
      "text": "Sv\u00e4rd, Joakim L\u00e5ng"
    },
    {
      "index_in_file": [
        [
          7011,
          7023
        ]
      ],
      "name_format": "Begin_Last_Full End_First_Full",
      "text": "Haasum, Ylva"
    },
    {
      "index_in_file": [
        [
          9255,
          9269
        ]
      ],
      "name_format": "Begin_Last_Full End_First_Full",
      "text": "Norgren, Jakob"
    },
    {
      "index_in_file": [
        [
          7571,
          7588
        ]
      ],
      "name_format": "Begin_Last_Full End_First_Full",
      "text": "Johnell, Kristina"
    },
    {
      "index_in_file": [
        [
          12354,
          12366
        ]
      ],
      "name_format": "Begin_Last_Full End_First_Full",
      "text": "Wimo, Anders"
    },
    {
      "index_in_file": [
        [
          12405,
          12419
        ]
      ],
      "name_format": "Begin_Last_Full End_First_Full",
      "text": "Winblad, Bengt"
    },
    {
      "index_in_file": [
        [
          9405,
          9417
        ]
      ],
      "name_format": "Begin_Last_Full End_First_Full",
      "text": "Pan, Kuan-Yu"
    },
    {
      "index_in_file": [
        [
          8417,
          8435
        ]
      ],
      "name_format": "Begin_Last_Full End_First_Full",
      "text": "Lennartsson, Carin"
    },
    {
      "index_in_file": [
        [
          8560,
          8572
        ]
      ],
      "name_format": "Begin_Last_Full End_First_Full",
      "text": "Liang, Yajun"
    },
    {
      "index_in_file": [
        [
          9905,
          9923
        ]
      ],
      "name_format": "Begin_Last_Full End_First_Full",
      "text": "Pimouguet, Cl\u00e9ment"
    },
    {
      "index_in_file": [
        [
          4732,
          4746
        ]
      ],
      "name_format": "Begin_Last_Full End_First_Full",
      "text": "Angleman, Sara"
    },
    {
      "index_in_file": [
        [
          8006,
          8021
        ]
      ],
      "name_format": "Begin_Last_Full End_First_Full",
      "text": "Kelfve, Susanne"
    },
    {
      "index_in_file": [
        [
          6013,
          6024
        ]
      ],
      "name_format": "Begin_Last_Full End_First_Full",
      "text": "Ding, Mozhu"
    },
    {
      "index_in_file": [
        [
          8100,
          8115
        ]
      ],
      "name_format": "Begin_Last_Full End_First_Full",
      "text": "Kivipelto, Miia"
    },
    {
      "index_in_file": [
        [
          8252,
          8265
        ]
      ],
      "name_format": "Begin_Last_Full End_First_Full",
      "text": "K\u00f6hncke, Ylva"
    },
    {
      "index_in_file": [
        [
          6934,
          6953
        ]
      ],
      "name_format": "Begin_Last_Full End_First_Full",
      "text": "Guitart-Masip, Marc"
    },
    {
      "index_in_file": [
        [
          9771,
          9785
        ]
      ],
      "name_format": "Begin_Last_Full End_First_Full",
      "text": "Persson, Jonas"
    },
    {
      "index_in_file": [
        [
          9550,
          9566
        ]
      ],
      "name_format": "Begin_Last_Full End_First_Full",
      "text": "Papenberg, Goran"
    },
    {
      "index_in_file": [
        [
          6847,
          6861
        ]
      ],
      "name_format": "Begin_Last_Full End_First_Full",
      "text": "Grande, Giulia"
    },
    {
      "index_in_file": [
        [
          5695,
          5714
        ]
      ],
      "name_format": "Begin_Last_Full End_First_Full",
      "text": "Caracciolo, Barbara"
    },
    {
      "index_in_file": [
        [
          5388,
          5405
        ]
      ],
      "name_format": "Begin_Last_Full End_First_Full",
      "text": "Brozzoli, Claudio"
    },
    {
      "index_in_file": [
        [
          11542,
          11552
        ]
      ],
      "name_format": "Begin_Last_Full End_First_Full",
      "text": "Tan, Edwin"
    },
    {
      "index_in_file": [
        [
          8619,
          8633
        ]
      ],
      "name_format": "Begin_Last_Full End_First_Full",
      "text": "Lundkvist, P\u00e4r"
    },
    {
      "index_in_file": [
        [
          8832,
          8853
        ]
      ],
      "name_format": "Begin_Last_Full End_First_Full",
      "text": "Marengoni, Alessandra"
    },
    {
      "index_in_file": [
        [
          7075,
          7090
        ]
      ],
      "name_format": "Begin_Last_Full End_First_Full",
      "text": "Heap, Josephine"
    },
    {
      "index_in_file": [
        [
          9335,
          9347
        ]
      ],
      "name_format": "Begin_Last_Full End_First_Full",
      "text": "Olsen, Marie"
    },
    {
      "index_in_file": [
        [
          6258,
          6272
        ]
      ],
      "name_format": "Begin_Last_Full End_First_Full",
      "text": "Fastbom, Johan"
    },
    {
      "index_in_file": [
        [
          11143,
          11157
        ]
      ],
      "name_format": "Begin_Last_Full End_First_Full",
      "text": "Solomon, Alina"
    },
    {
      "index_in_file": [
        [
          10976,
          10991
        ]
      ],
      "name_format": "Begin_Last_Full End_First_Full",
      "text": "Sj\u00f6berg, Linnea"
    },
    {
      "index_in_file": [
        [
          11303,
          11319
        ]
      ],
      "name_format": "Begin_Last_Full End_First_Full",
      "text": "Sundberg, Louise"
    },
    {
      "index_in_file": [
        [
          9854,
          9868
        ]
      ],
      "name_format": "Begin_Last_Full End_First_Full",
      "text": "Persson, Ninni"
    },
    {
      "index_in_file": [
        [
          4649,
          4660
        ]
      ],
      "name_format": "Begin_Last_Full End_First_Full",
      "text": "Agahi, Neda"
    },
    {
      "index_in_file": [
        [
          10055,
          10070
        ]
      ],
      "name_format": "Begin_Last_Full End_First_Full",
      "text": "Rehnberg, Johan"
    },
    {
      "index_in_file": [
        [
          10165,
          10180
        ]
      ],
      "name_format": "Begin_Last_Full End_First_Full",
      "text": "Rizzuto, Debora"
    },
    {
      "index_in_file": [
        [
          9064,
          9076
        ]
      ],
      "name_format": "Begin_Last_Full End_First_Full",
      "text": "Morin, Lucas"
    },
    {
      "index_in_file": [
        [
          11374,
          11389
        ]
      ],
      "name_format": "Begin_Last_Full End_First_Full",
      "text": "Suthat, Vanessa"
    },
    {
      "index_in_file": [
        [
          10515,
          10525
        ]
      ],
      "name_format": "Begin_Last_Full End_First_Full",
      "text": "Sch\u00f6n, P\u00e4r"
    },
    {
      "index_in_file": [
        [
          5126,
          5142
        ]
      ],
      "name_format": "Begin_Last_Full End_First_Full",
      "text": "Berggren, Rasmus"
    },
    {
      "index_in_file": [
        [
          11583,
          11598
        ]
      ],
      "name_format": "Begin_Last_Full End_First_Full",
      "text": "Thorslund, Mats"
    },
    {
      "index_in_file": [
        [
          12000,
          12013
        ]
      ],
      "name_format": "Begin_Last_Full End_First_Full",
      "text": "Wallin, Karin"
    },
    {
      "index_in_file": [
        [
          6327,
          6341
        ]
      ],
      "name_format": "Begin_Last_Full End_First_Full",
      "text": "Ferencz, Beata"
    },
    {
      "index_in_file": [
        [
          4814,
          4832
        ]
      ],
      "name_format": "Begin_Last_Full End_First_Full",
      "text": "Annerholm, Cecilia"
    },
    {
      "index_in_file": [
        [
          5768,
          5782
        ]
      ],
      "name_format": "Begin_Last_Full End_First_Full",
      "text": "Dahlberg, Lena"
    },
    {
      "index_in_file": [
        [
          9190,
          9204
        ]
      ],
      "name_format": "Begin_Last_Full End_First_Full",
      "text": "Nilsson, Jonna"
    },
    {
      "index_in_file": [
        [
          10300,
          10315
        ]
      ],
      "name_format": "Begin_Last_Full End_First_Full",
      "text": "Salami, Alireza"
    },
    {
      "index_in_file": [
        [
          8515,
          8522
        ]
      ],
      "name_format": "Begin_Last_Full End_First_Full",
      "text": "Li, Xin"
    },
    {
      "index_in_file": [
        [
          8989,
          9004
        ]
      ],
      "name_format": "Begin_Last_Full End_First_Full",
      "text": "Meinow, Bettina"
    },
    {
      "index_in_file": [
        [
          7136,
          7152
        ]
      ],
      "name_format": "Begin_Last_Full End_First_Full",
      "text": "Heiland, Emerald"
    },
    {
      "index_in_file": [
        [
          4978,
          4990
        ]
      ],
      "name_format": "Begin_Last_Full End_First_Full",
      "text": "Becker, Nina"
    },
    {
      "index_in_file": [
        [
          7955,
          7970
        ]
      ],
      "name_format": "Begin_Last_Full End_First_Full",
      "text": "Karlsson, Bj\u00f6rn"
    },
    {
      "index_in_file": [
        [
          6501,
          6513
        ]
      ],
      "name_format": "Begin_Last_Full End_First_Full",
      "text": "Fors, Stefan"
    },
    {
      "index_in_file": [
        [
          12548,
          12562
        ]
      ],
      "name_format": "Begin_Last_Full End_First_Full",
      "text": "Yohuang, Maria"
    },
    {
      "index_in_file": [
        [
          8171,
          8188
        ]
      ],
      "name_format": "Begin_Last_Full End_First_Full",
      "text": "K\u00e5reholt, Ingemar"
    },
    {
      "index_in_file": [
        [
          12214,
          12230
        ]
      ],
      "name_format": "Begin_Last_Full End_First_Full",
      "text": "Wastesson, Jonas"
    },
    {
      "index_in_file": [
        [
          6734,
          6750
        ]
      ],
      "name_format": "Begin_Last_Full End_First_Full",
      "text": "Garz\u00f3n, Benjam\u00edn"
    },
    {
      "index_in_file": [
        [
          7802,
          7821
        ]
      ],
      "name_format": "Begin_Last_Full End_First_Full",
      "text": "Kalpouzos, Gr\u00e9goria"
    },
    {
      "index_in_file": [
        [
          9976,
          9990
        ]
      ],
      "name_format": "Begin_Last_Full End_First_Full",
      "text": "Qiu, Chengxuan"
    },
    {
      "index_in_file": [
        [
          10645,
          10660
        ]
      ],
      "name_format": "Begin_Last_Full End_First_Full",
      "text": "Seubert, Janina"
    },
    {
      "index_in_file": [
        [
          5047,
          5064
        ]
      ],
      "name_format": "Begin_Last_Full End_First_Full",
      "text": "Bellander, Martin"
    },
    {
      "index_in_file": [
        [
          10230,
          10246
        ]
      ],
      "name_format": "Begin_Last_Full End_First_Full",
      "text": "Rydstr\u00f6m, Anders"
    },
    {
      "index_in_file": [
        [
          7886,
          7900
        ]
      ],
      "name_format": "Begin_Last_Full End_First_Full",
      "text": "Kane, Kimberly"
    },
    {
      "index_in_file": [
        [
          9635,
          9648
        ]
      ],
      "name_format": "Begin_Last_Full End_First_Full",
      "text": "Parker, Marti"
    },
    {
      "index_in_file": [
        [
          6064,
          6081
        ]
      ],
      "name_format": "Begin_Last_Full End_First_Full",
      "text": "Dintica, Cristina"
    },
    {
      "index_in_file": [
        [
          9117,
          9134
        ]
      ],
      "name_format": "Begin_Last_Full End_First_Full",
      "text": "Nilsen, Charlotta"
    },
    {
      "index_in_file": [
        [
          7739,
          7755
        ]
      ],
      "name_format": "Begin_Last_Full End_First_Full",
      "text": "Kaboodvand, Neda"
    },
    {
      "index_in_file": [
        [
          11049,
          11069
        ]
      ],
      "name_format": "Begin_Last_Full End_First_Full",
      "text": "Sj\u00f6lund, Britt-Marie"
    },
    {
      "index_in_file": [
        [
          12085,
          12098
        ]
      ],
      "name_format": "Begin_Last_Full End_First_Full",
      "text": "Wang, Hui-Xin"
    },
    {
      "index_in_file": [
        [
          12267,
          12285
        ]
      ],
      "name_format": "Begin_Last_Full End_First_Full",
      "text": "Welmer, Anna-Karin"
    },
    {
      "index_in_file": [
        [
          10383,
          10398
        ]
      ],
      "name_format": "Begin_Last_Full End_First_Full",
      "text": "Samrani, George"
    },
    {
      "index_in_file": [
        [
          6400,
          6414
        ]
      ],
      "name_format": "Begin_Last_Full End_First_Full",
      "text": "Fischer, H\u00e5kan"
    },
    {
      "index_in_file": [
        [
          7296,
          7312
        ]
      ],
      "name_format": "Begin_Last_Full End_First_Full",
      "text": "Hooshmand, Babak"
    },
    {
      "index_in_file": [
        [
          10444,
          10458
        ]
      ],
      "name_format": "Begin_Last_Full End_First_Full",
      "text": "Santoni, Giola"
    },
    {
      "index_in_file": [
        [
          6663,
          6678
        ]
      ],
      "name_format": "Begin_Last_Full End_First_Full",
      "text": "Fritzell, Johan"
    },
    {
      "index_in_file": [
        [
          8680,
          8694
        ]
      ],
      "name_format": "Begin_Last_Full End_First_Full",
      "text": "L\u00f6vd\u00e9n, Martin"
    },
    {
      "index_in_file": [
        [
          6586,
          6604
        ]
      ],
      "name_format": "Begin_Last_Full End_First_Full",
      "text": "Fratiglioni, Laura"
    },
    {
      "index_in_file": [
        [
          9712,
          9726
        ]
      ],
      "name_format": "Begin_Last_Full End_First_Full",
      "text": "Payton, Nicola"
    },
    {
      "index_in_file": [
        [
          10842,
          10853
        ]
      ],
      "name_format": "Begin_Last_Full End_First_Full",
      "text": "Shang, Ying"
    },
    {
      "index_in_file": [
        [
          8930,
          8945
        ]
      ],
      "name_format": "Begin_Last_Full End_First_Full",
      "text": "Marseglia, Anna"
    },
    {
      "index_in_file": [
        [
          7453,
          7472
        ]
      ],
      "name_format": "Begin_Last_Full End_First_Full",
      "text": "Johansson, Lennarth"
    },
    {
      "index_in_file": [
        [
          6128,
          6137
        ]
      ],
      "name_format": "Begin_Last_Full End_First_Full",
      "text": "Ek, Stina"
    },
    {
      "index_in_file": [
        [
          10893,
          10907
        ]
      ],
      "name_format": "Begin_Last_Full End_First_Full",
      "text": "Sindi, Shireen"
    },
    {
      "index_in_file": [
        [
          12479,
          12488
        ]
      ],
      "name_format": "Begin_Last_Full End_First_Full",
      "text": "Xu, Weili"
    },
    {
      "index_in_file": [
        [
          10763,
          10781
        ]
      ],
      "name_format": "Begin_Last_Full End_First_Full",
      "text": "Shakersain, Behnaz"
    },
    {
      "index_in_file": [
        [
          5286,
          5301
        ]
      ],
      "name_format": "Begin_Last_Full End_First_Full",
      "text": "Brehmer, Yvonne"
    },
    {
      "index_in_file": [
        [
          5553,
          5566
        ]
      ],
      "name_format": "Begin_Last_Full End_First_Full",
      "text": "B\u00e4ckman, Lars"
    },
    {
      "index_in_file": [
        [
          5624,
          5649
        ]
      ],
      "name_format": "Begin_Last_Full End_First_Full",
      "text": "Calder\u00f3n-Larra\u00f1aga, Amaia"
    },
    {
      "index_in_file": [
        [
          9458,
          9476
        ]
      ],
      "name_format": "Begin_Last_Full End_First_Full",
      "text": "Pantzar, Alexandra"
    },
    {
      "index_in_file": [
        [
          5474,
          5489
        ]
      ],
      "name_format": "Begin_Last_Full End_First_Full",
      "text": "Bylund, Johanna"
    },
    {
      "index_in_file": [
        [
          10580,
          10597
        ]
      ],
      "name_format": "Begin_Last_Full End_First_Full",
      "text": "Seblova, Dominika"
    },
    {
      "index_in_file": [
        [
          12161,
          12170
        ]
      ],
      "name_format": "Begin_Last_Full End_First_Full",
      "text": "Wang, Rui"
    },
    {
      "index_in_file": [
        [
          11246,
          11263
        ]
      ],
      "name_format": "Begin_Last_Full End_First_Full",
      "text": "Stenfors, Cecilia"
    },
    {
      "index_in_file": [
        [
          7382,
          7400
        ]
      ],
      "name_format": "Begin_Last_Full End_First_Full",
      "text": "H\u00e5kansson, Krister"
    },
    {
      "index_in_file": [
        [
          8751,
          8774
        ]
      ],
      "name_format": "Begin_Last_Full End_First_Full",
      "text": "Mangialasche, Francesca"
    },
    {
      "index_in_file": [
        [
          11925,
          11940
        ]
      ],
      "name_format": "Begin_Last_Full End_First_Full",
      "text": "Wahlberg, Maria"
    },
    {
      "index_in_file": [
        [
          4270,
          4277
        ],
        [
          4458,
          4465
        ]
      ],
      "name_format": "Begin_Last_Full End_First_Initial",
      "text": "Habel U"
    },
    {
      "index_in_file": [
        [
          4246,
          4253
        ],
        [
          4434,
          4441
        ]
      ],
      "name_format": "Begin_Last_Full End_First_Initial",
      "text": "Boers F"
    },
    {
      "index_in_file": [
        [
          4099,
          4111
        ]
      ],
      "name_format": "Begin_Last_Full End_First_Initial",
      "text": "Djordjevic J"
    },
    {
      "index_in_file": [
        [
          4087,
          4097
        ]
      ],
      "name_format": "Begin_Last_Full End_First_Initial",
      "text": "Freiherr J"
    },
    {
      "index_in_file": [
        [
          3854,
          3864
        ]
      ],
      "name_format": "Begin_Last_Full End_First_Initial_Middle_Initial",
      "text": "Gregory KM"
    },
    {
      "index_in_file": [
        [
          3843,
          3852
        ],
        [
          4076,
          4085
        ],
        [
          4209,
          4218
        ],
        [
          4397,
          4406
        ]
      ],
      "name_format": "Begin_Last_Full End_First_Initial",
      "text": "Seubert J"
    },
    {
      "index_in_file": [
        [
          3895,
          3907
        ],
        [
          4113,
          4125
        ]
      ],
      "name_format": "Begin_Last_Full End_First_Initial_Middle_Initial",
      "text": "Lundstr\u00f6m JN"
    },
    {
      "index_in_file": [
        [
          3866,
          3879
        ]
      ],
      "name_format": "Begin_Last_Full End_First_Initial",
      "text": "Chamberland J"
    },
    {
      "index_in_file": [
        [
          4255,
          4268
        ],
        [
          4443,
          4456
        ]
      ],
      "name_format": "Begin_Last_Full End_First_Initial_Middle_Initial",
      "text": "Brensinger CM"
    },
    {
      "index_in_file": [
        [
          4220,
          4232
        ],
        [
          4420,
          4432
        ]
      ],
      "name_format": "Begin_Last_Full End_First_Initial",
      "text": "Kellermann T"
    },
    {
      "index_in_file": [
        [
          4234,
          4244
        ],
        [
          4408,
          4418
        ]
      ],
      "name_format": "Begin_Last_Full End_First_Initial",
      "text": "Loughead J"
    },
    {
      "index_in_file": [
        [
          3881,
          3893
        ]
      ],
      "name_format": "Begin_Last_Full End_First_Initial_Middle_Initial",
      "text": "Dessirier JM"
    },
    {
      "index_in_file": [
        [
          4901,
          4924
        ]
      ],
      "name_format": "Begin_Last_Full Inside_Last_Full End_First_Full",
      "text": "Avelar Pereira, B\u00e1rbara"
    },
    {
      "index_in_file": [
        [
          5954,
          5968
        ]
      ],
      "name_format": "Begin_Last_Full Inside_Last_Full End_First_Full",
      "text": "de Boer, Lieke"
    },
    {
      "index_in_file": [
        [
          7646,
          7667
        ]
      ],
      "name_format": "Begin_Last_Full Inside_Last_Full End_First_Full",
      "text": "Jonsson Laukka, Erika"
    },
    {
      "index_in_file": [
        [
          11850,
          11869
        ]
      ],
      "name_format": "Begin_Last_Full Inside_Last_Full End_First_Full",
      "text": "von Strauss, H\u00e9l\u00e8ne"
    },
    {
      "index_in_file": [
        [
          7197,
          7221
        ]
      ],
      "name_format": "Begin_Last_Full Inside_Last_Full End_First_Full",
      "text": "Helsing V\u00e4stfj\u00e4ll, Marie"
    },
    {
      "index_in_file": [
        [
          5865,
          5890
        ]
      ],
      "name_format": "Begin_Last_Full Inside_Last_Full End_First_Full",
      "text": "Darin Mattsson, Alexander"
    },
    {
      "index_in_file": [
        [
          11766,
          11782
        ]
      ],
      "name_format": "Begin_Last_Full Inside_Last_Full End_First_Full",
      "text": "von Strauss, Eva"
    },
    {
      "index_in_file": [
        [
          2509,
          2515
        ],
        [
          3373,
          3379
        ]
      ],
      "name_format": "Begin_First_Full",
      "text": "Janina"
    },
    {
      "in_email": "Before_At",
      "index_in_file": [
        [
          1805,
          1819
        ],
        [
          10742,
          10756
        ]
      ],
      "name_format": "Begin_First_Full End_Last_Full",
      "text": "janina.seubert"
    }
  ],
  "publications": [
    {
      "length": 232,
      "line_num": [
        45
      ],
      "start_index_in_file": 3843,
      "text": "Seubert J, Gregory KM, Chamberland J, Dessirier JM, Lundstr\u00f6m JN (2014): Attractiveness is in the nose of the beholder: odor valence differentially modulates perception of facial age and facial attractiveness. PLOS One, 9(5):e98347."
    },
    {
      "length": 132,
      "line_num": [
        46
      ],
      "start_index_in_file": 4076,
      "text": "Seubert J, Freiherr J, Djordjevic J, Lundstr\u00f6m JN (2013): Statistical Localization of Human Olfactory Cortex. Neuroimage, 66, 333\u201342"
    },
    {
      "length": 187,
      "line_num": [
        47
      ],
      "start_index_in_file": 4209,
      "text": "Seubert J, Kellermann T, Loughead J, Boers F, Brensinger CM, Habel U (2010): Processing of disgusted faces is facilitated by odor primes: a functional MRI study. Neuroimage, 53(2):746-56."
    },
    {
      "length": 219,
      "line_num": [
        48
      ],
      "start_index_in_file": 4397,
      "text": "Seubert J, Loughead J, Kellermann T, Boers F, Brensinger CM, Habel U(2010): Multisensory integration of emotionally valenced olfactory-visual information in schizophrenia patients. J Psych Neurosci, 35(3), 35(3):185-94."
    }
  ],
  "url": "http://ki-su-arc.se/about-us/faculty-and-staff/janina-seubert/"
}