{
  "comment": "//leave comments here if needed",
  "contain_publication_list": "F",
  "email": "",
  "filename": "3b93fd5e-af6b-466a-bddf-a95cdbc4ac8c",
  "info": "T means true, F means False. If no publications, just leave the publication structure unchanged.",
  "is_personal_homepage": "T",
  "name": "Patricia Leito",
  "name_index": [
    {
      "index_in_file": [
        [
          131,
          145
        ],
        [
          146,
          160
        ],
        [
          280,
          294
        ]
      ],
      "name_format": "Begin_First_Full End_Last_Full",
      "text": "Patricia Leito"
    },
    {
      "index_in_file": [
        [
          202,
          216
        ]
      ],
      "name_format": "Begin_First_Initial Inside_Middle_Initial Inside_Middle_Initial Inside_Middle_Initial End_Last_Full",
      "text": "P.A.A.N. Leito"
    }
  ],
  "publications": [
    {
      "text": "COPY_SINGLE_PUBLICATION_HERE"
    },
    {
      "text": "COPY_SINGLE_PUBLICATION_HERE"
    }
  ],
  "url": "https://www.universiteitleiden.nl/en/staffmembers/patricia-leito"
}