{
  "comment": "//leave comments here if needed",
  "contain_publication_list": "T",
  "email": "",
  "filename": "2f838383-3e54-412f-b22a-a9edfb61b41a",
  "info": "T means true, F means False. If no publications, just leave the publication structure unchanged.",
  "is_personal_homepage": "T",
  "name": "Mauro Ferrari",
  "name_index": [
    {
      "index_in_file": [
        [
          91,
          104
        ]
      ],
      "name_format": "Begin_First_Full End_Last_Full",
      "text": "Mauro Ferrari"
    }
  ],
  "publications": [
    {
      "length": 164,
      "line_num": [
        26
      ],
      "start_index_in_file": 458,
      "text": "Rapamycin nanoparticles localize in diseased lung vasculature and prevent pulmonary arterial hypertension.  International journal of pharmaceutics. 2017 In Process "
    },
    {
      "length": 149,
      "line_num": [
        27
      ],
      "start_index_in_file": 629,
      "text": "Enhancing Vascularization through the Controlled Release of Platelet-Derived Growth Factor-BB.  ACS Applied Materials and Interfaces. 2017 In Process"
    },
    {
      "length": 102,
      "line_num": [
        28
      ],
      "start_index_in_file": 786,
      "text": "Lipopolyplex potentiates anti-tumor immunity of mRNA-based vaccination.  Biomaterials. 2017 In Process"
    },
    {
      "length": 145,
      "line_num": [
        29
      ],
      "start_index_in_file": 896,
      "text": "Multi-step encapsulation of chemotherapy and gene silencing agents in functionalized mesoporous silica nanoparticles.  Nanoscale. 2017 In Process"
    },
    {
      "length": 159,
      "line_num": [
        30
      ],
      "start_index_in_file": 1049,
      "text": "Pioneering medical advances through nanofluidic implantable technologies.  Wiley interdisciplinary reviews. Nanomedicine and nanobiotechnology. 2017 In Process"
    },
    {
      "length": 126,
      "line_num": [
        31
      ],
      "start_index_in_file": 1216,
      "text": "Post-nano strategies for drug delivery: multistage porous silicon microvectors.  Journal of Materials Chemistry B. 2017 Report"
    }
  ],
  "url": "http://vivo.med.cornell.edu/display/cwid-maf2086"
}