[{"begin": 0, "end": 73, "text": "Mostaghel EA, Geng L, Holcomb I, Coleman IM, Lucas JL, True LD, Nelson PS", "tokenized_text": "Mostaghel EA , Geng L , Holcomb I , Coleman IM , Lucas JL , True LD , Nelson PS", "type": "authors", "id": 0}, {"begin": 75, "end": 204, "text": "Variability in the androgen response of prostate epithelium to 5-alpha reductase inhibition: implications for PCa chemoprevention", "tokenized_text": "Variability in the androgen response of prostate epithelium to 5 - alpha reductase inhibition : implications for PCa chemoprevention", "type": "title", "id": 1}, {"begin": 206, "end": 221, "text": "Cancer Research", "tokenized_text": "Cancer Research", "type": "venue", "id": 2}]