[{"begin": 243, "end": 268, "text": "of Clinical Investigation", "tokenized_text": "of Clinical Investigation", "type": "venue", "id": 0}, {"begin": 0, "end": 129, "text": "Sun S, Sprenger CT, Vessella RL, Haugk K, Soriano K, Mostaghel EA, Page ST, Coleman IM, Nelson PS, Nguyen HM, Plymate SR. A Novel", "tokenized_text": "Sun S , Sprenger CT , Vessella RL , Haugk K , Soriano K , Mostaghel EA , Page ST , Coleman IM , Nelson PS , Nguyen HM , Plymate SR . A Novel", "type": "authors", "id": 1}, {"begin": 131, "end": 233, "text": "Frequently Occurring Androgen Receptor Splice Variant Confers Castration Resistance in Prostate Cancer", "tokenized_text": "Frequently Occurring Androgen Receptor Splice Variant Confers Castration Resistance in Prostate Cancer", "type": "title", "id": 2}, {"begin": 235, "end": 242, "text": "Journal", "tokenized_text": "Journal", "type": "venue", "id": 3}]