[{"begin": 0, "end": 38, "text": "Mostaghel EA, Montgomery RB, Nelson PS", "tokenized_text": "Mostaghel EA , Montgomery RB , Nelson PS", "type": "authors", "id": 0}, {"begin": 40, "end": 136, "text": "Castration-resistant prostate cancer: Targeting androgen metabolic pathways in recurrent disease", "tokenized_text": "Castration - resistant prostate cancer : Targeting androgen metabolic pathways in recurrent disease", "type": "title", "id": 1}, {"begin": 139, "end": 194, "text": "Urologic Oncology: Seminars and Original Investigations", "tokenized_text": "Urologic Oncology : Seminars and Original Investigations", "type": "venue", "id": 2}, {"begin": 209, "end": 213, "text": "2009", "tokenized_text": "2009", "type": "year", "id": 3}]