[{"begin": 0, "end": 89, "text": "Mendiratta P, Mostaghel EA, Guinney J, Tewori A, Porrello A, Barry W, Nelson PS, Febbo PG", "tokenized_text": "Mendiratta P , Mostaghel EA , Guinney J , Tewori A , Porrello A , Barry W , Nelson PS , Febbo PG", "type": "authors", "id": 0}, {"begin": 91, "end": 171, "text": "A Genomic Strategy for Targeting Therapy in Castration-Resistant Prostate Cancer", "tokenized_text": "A Genomic Strategy for Targeting Therapy in Castration - Resistant Prostate Cancer", "type": "title", "id": 1}, {"begin": 173, "end": 201, "text": "Journal of Clinical Oncology", "tokenized_text": "Journal of Clinical Oncology", "type": "venue", "id": 2}, {"begin": 218, "end": 222, "text": "2009", "tokenized_text": "2009", "type": "year", "id": 3}]