[{"begin": 0, "end": 50, "text": "Harris, WP, Mostaghel EA, Nelson PS, Montgomery RB", "tokenized_text": "Harris , WP , Mostaghel EA , Nelson PS , Montgomery RB", "type": "authors", "id": 0}, {"begin": 52, "end": 166, "text": "Androgen deprivation therapy: progress in understanding mechanisms of resistance and optimizing androgen depletion", "tokenized_text": "Androgen deprivation therapy : progress in understanding mechanisms of resistance and optimizing androgen depletion", "type": "title", "id": 1}, {"begin": 168, "end": 187, "text": "Nat Clin Pract Urol", "tokenized_text": "Nat Clin Pract Urol", "type": "venue", "id": 2}, {"begin": 201, "end": 205, "text": "2009", "tokenized_text": "2009", "type": "year", "id": 3}]