[{"begin": 0, "end": 33, "text": "Marks LS, Mostaghel EA, Nelson PS", "tokenized_text": "Marks LS , Mostaghel EA , Nelson PS", "type": "authors", "id": 0}, {"begin": 35, "end": 100, "text": "Prostate tissue androgens: History and current clinical relevance", "tokenized_text": "Prostate tissue androgens : History and current clinical relevance", "type": "title", "id": 1}, {"begin": 103, "end": 121, "text": "Journal of Urology", "tokenized_text": "Journal of Urology", "type": "venue", "id": 2}, {"begin": 137, "end": 141, "text": "2008", "tokenized_text": "2008", "type": "year", "id": 3}]