[{"begin": 0, "end": 91, "text": "Mostaghel EA, Montgomery RB, Vessella R, Hess DL, Kalhorn TF, Higano CS, True LD, Nelson PS", "tokenized_text": "Mostaghel EA , Montgomery RB , Vessella R , Hess DL , Kalhorn TF , Higano CS , True LD , Nelson PS", "type": "authors", "id": 0}, {"begin": 93, "end": 211, "text": "Maintenance of Intratumoral Androgens in Metastatic Prostate Cancer: A Mechanism for Castration-Resistant Tumor Growth", "tokenized_text": "Maintenance of Intratumoral Androgens in Metastatic Prostate Cancer : A Mechanism for Castration - Resistant Tumor Growth", "type": "title", "id": 1}, {"begin": 213, "end": 228, "text": "Cancer Research", "tokenized_text": "Cancer Research", "type": "venue", "id": 2}, {"begin": 245, "end": 249, "text": "2008", "tokenized_text": "2008", "type": "year", "id": 3}]