[{"begin": 0, "end": 28, "text": "Mostaghel EA, and Nelson PS.", "tokenized_text": "Mostaghel EA , and Nelson PS .", "type": "authors", "id": 0}, {"begin": 29, "end": 156, "text": "Intracrine Androgen Metabolism in Prostate Cancer Progression: Mechanisms of Castration Resistance and Therapeutic Implications", "tokenized_text": "Intracrine Androgen Metabolism in Prostate Cancer Progression : Mechanisms of Castration Resistance and Therapeutic Implications", "type": "title", "id": 1}, {"begin": 158, "end": 250, "text": "Best Practice & Research Clinical Endocrinology & Metabolism: Endocrinology and the Prostate", "tokenized_text": "Best Practice & Research Clinical Endocrinology & Metabolism : Endocrinology and the Prostate", "type": "venue", "id": 2}, {"begin": 266, "end": 270, "text": "2008", "tokenized_text": "2008", "type": "year", "id": 3}]