[{"begin": 226, "end": 317, "text": "Testosterone Suppression: Therapeutic Implications for Castration-Resistant Prostate Cancer", "tokenized_text": "Testosterone Suppression : Therapeutic Implications for Castration - Resistant Prostate Cancer", "type": "title", "id": 0}, {"begin": 319, "end": 334, "text": "Cancer Research", "tokenized_text": "Cancer Research", "type": "venue", "id": 1}, {"begin": 352, "end": 356, "text": "2007", "tokenized_text": "2007", "type": "year", "id": 2}, {"begin": 0, "end": 142, "text": "Mostaghel EA, Page ST, Lin DW, Fazli L, Coleman IM, True LD, Knudsen B, Hess DL, Nelson CC, Matsumoto AM, Bremner WJ, Gleave ME, and Nelson PS", "tokenized_text": "Mostaghel EA , Page ST , Lin DW , Fazli L , Coleman IM , True LD , Knudsen B , Hess DL , Nelson CC , Matsumoto AM , Bremner WJ , Gleave ME , and Nelson PS", "type": "authors", "id": 3}, {"begin": 144, "end": 225, "text": "Intraprostatic Androgens and Androgen-Regulated Gene Expression Persist Following", "tokenized_text": "Intraprostatic Androgens and Androgen - Regulated Gene Expression Persist Following", "type": "title", "id": 4}]