[{"begin": 0, "end": 35, "text": "Mostaghel EA, Montgomery RB, Lin DW", "tokenized_text": "Mostaghel EA , Montgomery RB , Lin DW", "type": "authors", "id": 0}, {"begin": 37, "end": 99, "text": "The Basic Biochemistry and Molecular Events of Hormone Therapy", "tokenized_text": "The Basic Biochemistry and Molecular Events of Hormone Therapy", "type": "title", "id": 1}, {"begin": 101, "end": 124, "text": "Current Urology Reports", "tokenized_text": "Current Urology Reports", "type": "venue", "id": 2}, {"begin": 139, "end": 143, "text": "2007", "tokenized_text": "2007", "type": "year", "id": 3}]