[{"begin": 276, "end": 280, "text": "2007", "tokenized_text": "2007", "type": "year", "id": 0}, {"begin": 0, "end": 59, "text": "Kalhorn TF, Page ST, Howald WN, Mostaghel EA, and Nelson PS", "tokenized_text": "Kalhorn TF , Page ST , Howald WN , Mostaghel EA , and Nelson PS", "type": "authors", "id": 1}, {"begin": 62, "end": 228, "text": "Analysis of testosterone and dihydrotestosterone from biological fluids as the oxime derivatives using high-performance liquid chromatography/tandem mass spectrometry", "tokenized_text": "Analysis of testosterone and dihydrotestosterone from biological fluids as the oxime derivatives using high - performance liquid chromatography / tandem mass spectrometry", "type": "title", "id": 2}, {"begin": 230, "end": 256, "text": "Rapid Commun Mass Spectrom", "tokenized_text": "Rapid Commun Mass Spectrom", "type": "venue", "id": 3}]