[{"begin": 0, "end": 137, "text": "Marks LS, Mazer NA, Mostaghel EA, Hess DL, Dorey FJ, Bostwick DG, Epstein JI, Partin AW, Veltri RW, Makarov D, Macairan ML, and Nelson PS", "tokenized_text": "Marks LS , Mazer NA , Mostaghel EA , Hess DL , Dorey FJ , Bostwick DG , Epstein JI , Partin AW , Veltri RW , Makarov D , Macairan ML , and Nelson PS", "type": "authors", "id": 0}, {"begin": 139, "end": 234, "text": "Testosterone replacement therapy and the prostate: A randomized trial employing serial biopsies", "tokenized_text": "Testosterone replacement therapy and the prostate : A randomized trial employing serial biopsies", "type": "title", "id": 1}, {"begin": 235, "end": 247, "text": "in aging men", "tokenized_text": "in aging men", "type": "title", "id": 2}, {"begin": 249, "end": 292, "text": "Journal of the American Medical Association", "tokenized_text": "Journal of the American Medical Association", "type": "venue", "id": 3}, {"begin": 311, "end": 315, "text": "2006", "tokenized_text": "2006", "type": "year", "id": 4}]