[{"begin": 0, "end": 97, "text": "Page ST, Lin DW, Mostaghel EA, Hess DL, True LD, Amory J, Nelson PS, Matsumoto AM, and Bremner WJ", "tokenized_text": "Page ST , Lin DW , Mostaghel EA , Hess DL , True LD , Amory J , Nelson PS , Matsumoto AM , and Bremner WJ", "type": "authors", "id": 0}, {"begin": 99, "end": 188, "text": "Persistent intraprostatic androgen concentrations after medical castration in healthy men", "tokenized_text": "Persistent intraprostatic androgen concentrations after medical castration in healthy men", "type": "title", "id": 1}, {"begin": 190, "end": 238, "text": "Journal of Clinical Endocrinology and Metabolism", "tokenized_text": "Journal of Clinical Endocrinology and Metabolism", "type": "venue", "id": 2}, {"begin": 255, "end": 259, "text": "2006", "tokenized_text": "2006", "type": "year", "id": 3}]