[{"begin": 0, "end": 167, "text": "True L, Coleman I, Hawley S, Huang CY, Gifford D, Coleman R, Beer TM, Gelmann E, Datta M, Mostaghel EA, Knudsen B, Lange P, Vessella R, Lin D, Hood L, and Nelson PS. A", "tokenized_text": "True L , Coleman I , Hawley S , Huang CY , Gifford D , Coleman R , Beer TM , Gelmann E , Datta M , Mostaghel EA , Knudsen B , Lange P , Vessella R , Lin D , Hood L , and Nelson PS . A", "type": "authors", "id": 0}, {"begin": 168, "end": 245, "text": "molecular correlate to the Gleason grading system for prostate adenocarcinoma", "tokenized_text": "molecular correlate to the Gleason grading system for prostate adenocarcinoma", "type": "title", "id": 1}, {"begin": 247, "end": 293, "text": "Proceedings of the National Academy of Science", "tokenized_text": "Proceedings of the National Academy of Science", "type": "venue", "id": 2}, {"begin": 317, "end": 321, "text": "2006", "tokenized_text": "2006", "type": "year", "id": 3}]