{
  "comment": "//leave comments here if needed",
  "contain_publication_list": "F",
  "email": "",
  "filename": "0abc7e9d-aace-452c-bc5d-2995c0163f2b",
  "info": "T means true, F means False. If no publications, just leave the publication structure unchanged.",
  "is_personal_homepage": "T",
  "name": "GEOFFREY A. JACKMAN",
  "name_index": [
    {
      "index_in_file": [
        [
          147,
          166
        ]
      ],
      "name_format": "Begin_First_Full Inside_Middle_Initial End_Last_Full",
      "text": "GEOFFREY A. JACKMAN"
    },
    {
      "index_in_file": [
        [
          264,
          271
        ],
        [
          625,
          632
        ]
      ],
      "name_format": "Begin_Last_Full",
      "text": "Jackman"
    }
  ],
  "publications": [
    {
      "text": "COPY_SINGLE_PUBLICATION_HERE"
    },
    {
      "text": "COPY_SINGLE_PUBLICATION_HERE"
    }
  ],
  "url": "http://healthcare.utah.edu/fad/mddetail.php?physicianID=u0243812#tabAcademic"
}