{
  "comment": "//leave comments here if needed",
  "contain_publication_list": "F",
  "email": "mcukier@eng.umd.edu",
  "filename": "42033ba3-84b7-434b-a1a5-3e8bcabfa8f9",
  "info": "T means true, F means False. If no publications, just leave the publication structure unchanged.",
  "is_personal_homepage": "T",
  "name": "Michel Cukier",
  "name_index": [
    {
      "index_in_file": [
        [
          318,
          331
        ]
      ],
      "name_format": "Begin_First_Full End_Last_Full",
      "text": "Michel Cukier"
    }
  ],
  "publications": [
    {
      "text": "COPY_SINGLE_PUBLICATION_HERE"
    },
    {
      "text": "COPY_SINGLE_PUBLICATION_HERE"
    }
  ],
  "url": "http://www.cs.umd.edu/people/mcukier"
}