{
  "comment": "//leave comments here if needed",
  "contain_publication_list": "F",
  "email": "s1538277@sms.ed.ac.uk",
  "filename": "f0b73d4c-68f4-446b-9636-32c7e6a59ba5",
  "info": "T means true, F means False. If no publications, just leave the publication structure unchanged.",
  "is_personal_homepage": "T",
  "name": "Anthony Wood",
  "name_index": [
    {
      "index_in_file": [
        [
          177,
          189
        ],
        [
          201,
          213
        ]
      ],
      "name_format": "Begin_First_Full End_Last_Full",
      "text": "Anthony Wood"
    },
    {
      "index_in_file": [
        [
          217,
          228
        ],
        [
          232,
          243
        ]
      ],
      "name_format": "Begin_First_Initial Inside_Middle_Initial Inside_Middle_Initial End_Last_Full",
      "text": "A.J.W. Wood"
    }
  ],
  "publications": [
    {
      "text": "COPY_SINGLE_PUBLICATION_HERE"
    },
    {
      "text": "COPY_SINGLE_PUBLICATION_HERE"
    }
  ],
  "url": "http://www.ph.ed.ac.uk/people/anthony-wood"
}