{
  "comment": "//leave comments here if needed",
  "contain_publication_list": "F",
  "email": "nina.braun@sund.ku.dk",
  "filename": "1e4c74ce-613d-4c6a-826b-9f81f0df7162",
  "info": "T means true, F means False. If no publications, just leave the publication structure unchanged.",
  "is_personal_homepage": "T",
  "name": "Nina Braun",
  "name_index": [
    {
      "index_in_file": [
        [
          502,
          512
        ]
      ],
      "name_format": "Begin_First_Full End_Last_Full",
      "text": "Nina Braun"
    }
  ],
  "publications": [
    {
      "text": "COPY_SINGLE_PUBLICATION_HERE"
    },
    {
      "text": "COPY_SINGLE_PUBLICATION_HERE"
    }
  ],
  "url": "http://drug.ku.dk/employees/?pure=en/persons/503628"
}