{
  "comment": "//leave comments here if needed",
  "contain_publication_list": "F",
  "email": "",
  "filename": "895842f7-6111-4502-ae63-6cd2c917452b",
  "info": "T means true, F means False. If no publications, just leave the publication structure unchanged.",
  "is_personal_homepage": "T",
  "name": "Liane Alitowski",
  "name_index": [
    {
      "index_in_file": [
        [
          213,
          225
        ]
      ],
      "name_format": "Begin_First_Full End_Last_Full",
      "text": "Esther Frank"
    },
    {
      "index_in_file": [
        [
          1780,
          1794
        ]
      ],
      "name_format": "Begin_First_Full End_Last_Full",
      "text": "Audrey Hepburn"
    },
    {
      "index_in_file": [
        [
          1222,
          1238
        ]
      ],
      "name_format": "Begin_First_Full End_Last_Full",
      "text": "Menahem Pressler"
    },
    {
      "index_in_file": [
        [
          1678,
          1697
        ]
      ],
      "name_format": "Begin_First_Full End_Last_Full",
      "text": "Jean-Yves Thibaudet"
    },
    {
      "index_in_file": [
        [
          153,
          168
        ],
        [
          660,
          675
        ],
        [
          813,
          828
        ],
        [
          2260,
          2275
        ],
        [
          2367,
          2382
        ],
        [
          2581,
          2596
        ]
      ],
      "name_format": "Begin_First_Full End_Last_Full",
      "text": "Liane Alitowski"
    },
    {
      "index_in_file": [
        [
          314,
          325
        ]
      ],
      "name_format": "Begin_First_Full End_Last_Full",
      "text": "Ori Yehudai"
    },
    {
      "index_in_file": [
        [
          181,
          189
        ]
      ],
      "name_format": "Begin_First_Full End_Last_Full",
      "text": "Lea Fima"
    },
    {
      "index_in_file": [
        [
          226,
          242
        ]
      ],
      "name_format": "Begin_First_Full End_Last_Full",
      "text": "Yael Halevi-Wise"
    },
    {
      "index_in_file": [
        [
          284,
          299
        ]
      ],
      "name_format": "Begin_First_Full End_Last_Full",
      "text": "Lawrence Kaplan"
    },
    {
      "index_in_file": [
        [
          1661,
          1676
        ]
      ],
      "name_format": "Begin_First_Full End_Last_Full",
      "text": "Sharon Robinson"
    },
    {
      "index_in_file": [
        [
          169,
          180
        ]
      ],
      "name_format": "Begin_First_Full End_Last_Full",
      "text": "Eric Caplan"
    },
    {
      "index_in_file": [
        [
          138,
          152
        ]
      ],
      "name_format": "Begin_First_Full End_Last_Full",
      "text": "David Aberbach"
    },
    {
      "index_in_file": [
        [
          1648,
          1659
        ]
      ],
      "name_format": "Begin_First_Full End_Last_Full",
      "text": "Joshua Bell"
    },
    {
      "index_in_file": [
        [
          265,
          283
        ]
      ],
      "name_format": "Begin_First_Full Inside_Middle_Initial End_Last_Full",
      "text": "Gershon D. Hundert"
    },
    {
      "index_in_file": [
        [
          243,
          264
        ]
      ],
      "name_format": "Begin_First_Full Inside_Middle_Full End_Last_Full",
      "text": "Daniel Kupfert Heller"
    },
    {
      "index_in_file": [
        [
          300,
          313
        ]
      ],
      "name_format": "Begin_First_Initial Inside_Middle_Full End_Last_Full",
      "text": "B. Barry Levy"
    },
    {
      "index_in_file": [
        [
          190,
          212
        ]
      ],
      "name_format": "Begin_First_Full Inside_Middle_Full End_Last_Full",
      "text": "Carlos Fraenkel, Chair"
    },
    {
      "index_in_file": [
        [
          1050,
          1059
        ],
        [
          1595,
          1604
        ],
        [
          1988,
          1997
        ]
      ],
      "name_format": "Begin_Last_Full",
      "text": "Alitowski"
    }
  ],
  "publications": [
    {
      "text": "COPY_SINGLE_PUBLICATION_HERE"
    },
    {
      "text": "COPY_SINGLE_PUBLICATION_HERE"
    }
  ],
  "url": "https://www.mcgill.ca/jewishstudies/faculty/alitowski"
}