[{"begin": 0, "end": 49, "text": "Bordewich, Magnus, Semple, Charles & Tokac, Nihan", "tokenized_text": "Bordewich , Magnus , Semple , Charles & Tokac , Nihan", "type": "authors", "id": 0}, {"begin": 51, "end": 55, "text": "2017", "tokenized_text": "2017", "type": "year", "id": 1}, {"begin": 58, "end": 113, "text": "Constructing Tree-Child Networks from Distance Matrices", "tokenized_text": "Constructing Tree - Child Networks from Distance Matrices", "type": "title", "id": 2}, {"begin": 115, "end": 127, "text": "Algorithmica", "tokenized_text": "Algorithmica", "type": "venue", "id": 3}]