[{"begin": 0, "end": 49, "text": "Bordewich, Magnus, Linz, Simone & Semple, Charles", "tokenized_text": "Bordewich , Magnus , Linz , Simone & Semple , Charles", "type": "authors", "id": 0}, {"begin": 51, "end": 55, "text": "2017", "tokenized_text": "2017", "type": "year", "id": 1}, {"begin": 58, "end": 146, "text": "Lost in space? Generalising subtree prune and regraft to spaces of phylogenetic networks", "tokenized_text": "Lost in space ? Generalising subtree prune and regraft to spaces of phylogenetic networks", "type": "title", "id": 2}, {"begin": 148, "end": 178, "text": "Journal of Theoretical Biology", "tokenized_text": "Journal of Theoretical Biology", "type": "venue", "id": 3}]