[{"begin": 0, "end": 70, "text": "Bordewich, Magnus, Scornavacca, Celine, Tokac, Nihan & Weller, Mathias", "tokenized_text": "Bordewich , Magnus , Scornavacca , Celine , Tokac , Nihan & Weller , Mathias", "type": "authors", "id": 0}, {"begin": 72, "end": 76, "text": "2017", "tokenized_text": "2017", "type": "year", "id": 1}, {"begin": 79, "end": 156, "text": "On the Fixed Parameter Tractability of Agreement-based Phylogenetic Distances", "tokenized_text": "On the Fixed Parameter Tractability of Agreement - based Phylogenetic Distances", "type": "title", "id": 2}, {"begin": 158, "end": 189, "text": "Journal of Mathematical Biology", "tokenized_text": "Journal of Mathematical Biology", "type": "venue", "id": 3}]