[{"begin": 0, "end": 32, "text": "Bordewich, Magnus & Tokac, Nihan", "tokenized_text": "Bordewich , Magnus & Tokac , Nihan", "type": "authors", "id": 0}, {"begin": 34, "end": 38, "text": "2016", "tokenized_text": "2016", "type": "year", "id": 1}, {"begin": 41, "end": 130, "text": "An algorithm for reconstructing ultrametric tree-child networks from inter-taxa distances", "tokenized_text": "An algorithm for reconstructing ultrametric tree - child networks from inter - taxa distances", "type": "title", "id": 2}, {"begin": 132, "end": 160, "text": "Discrete Applied Mathematics", "tokenized_text": "Discrete Applied Mathematics", "type": "venue", "id": 3}]