[{"begin": 0, "end": 26, "text": "Bordewich, M. & Semple, C.", "tokenized_text": "Bordewich , M . & Semple , C .", "type": "authors", "id": 0}, {"begin": 28, "end": 32, "text": "2016", "tokenized_text": "2016", "type": "year", "id": 1}, {"begin": 35, "end": 94, "text": "Determining phylogenetic networks from inter-taxa distances", "tokenized_text": "Determining phylogenetic networks from inter - taxa distances", "type": "title", "id": 2}, {"begin": 96, "end": 127, "text": "Journal of Mathematical Biology", "tokenized_text": "Journal of Mathematical Biology", "type": "venue", "id": 3}]