[{"begin": 0, "end": 55, "text": "Bordewich, Magnus, Greenhill, Catherine & Patel, Viresh", "tokenized_text": "Bordewich , Magnus , Greenhill , Catherine & Patel , Viresh", "type": "authors", "id": 0}, {"begin": 57, "end": 61, "text": "2016", "tokenized_text": "2016", "type": "year", "id": 1}, {"begin": 64, "end": 128, "text": "Mixing of the Glauber Dynamics for the Ferromagnetic Potts Model", "tokenized_text": "Mixing of the Glauber Dynamics for the Ferromagnetic Potts Model", "type": "title", "id": 2}, {"begin": 130, "end": 160, "text": "Random Structures & Algorithms", "tokenized_text": "Random Structures & Algorithms", "type": "venue", "id": 3}]