[{"begin": 0, "end": 35, "text": "Bordewich, Magnus & Semple, Charles", "tokenized_text": "Bordewich , Magnus & Semple , Charles", "type": "authors", "id": 0}, {"begin": 37, "end": 41, "text": "2016", "tokenized_text": "2016", "type": "year", "id": 1}, {"begin": 44, "end": 73, "text": "Reticulation-Visible Networks", "tokenized_text": "Reticulation - Visible Networks", "type": "title", "id": 2}, {"begin": 75, "end": 106, "text": "Advances in Applied Mathematics", "tokenized_text": "Advances in Applied Mathematics", "type": "venue", "id": 3}]