[{"begin": 0, "end": 26, "text": "Bordewich, M. & Semple, C.", "tokenized_text": "Bordewich , M . & Semple , C .", "type": "authors", "id": 0}, {"begin": 28, "end": 32, "text": "2015", "tokenized_text": "2015", "type": "year", "id": 1}, {"begin": 35, "end": 109, "text": "Defining a Phylogenetic Tree with the Minimum Number of r-State Characters", "tokenized_text": "Defining a Phylogenetic Tree with the Minimum Number of r - State Characters", "type": "title", "id": 2}, {"begin": 111, "end": 147, "text": "SIAM Journal on Discrete Mathematics", "tokenized_text": "SIAM Journal on Discrete Mathematics", "type": "venue", "id": 3}]