[{"begin": 0, "end": 24, "text": "Bordewich, M. & Kang, R.", "tokenized_text": "Bordewich , M . & Kang , R .", "type": "authors", "id": 0}, {"begin": 26, "end": 30, "text": "2014", "tokenized_text": "2014", "type": "year", "id": 1}, {"begin": 33, "end": 114, "text": "Subset Glauber Dynamics on Graphs, Hypergraphs and Matroids of Bounded Tree-Width", "tokenized_text": "Subset Glauber Dynamics on Graphs , Hypergraphs and Matroids of Bounded Tree - Width", "type": "title", "id": 2}, {"begin": 116, "end": 155, "text": "The Electronic Journal of Combinatorics", "tokenized_text": "The Electronic Journal of Combinatorics", "type": "venue", "id": 3}]