[{"begin": 0, "end": 28, "text": "Bordewich, M. & Mihaescu, R.", "tokenized_text": "Bordewich , M . & Mihaescu , R .", "type": "authors", "id": 0}, {"begin": 30, "end": 34, "text": "2013", "tokenized_text": "2013", "type": "year", "id": 1}, {"begin": 37, "end": 132, "text": "Accuracy Guarantees for Phylogeny Reconstruction Algorithms Based on Balanced Minimum Evolution", "tokenized_text": "Accuracy Guarantees for Phylogeny Reconstruction Algorithms Based on Balanced Minimum Evolution", "type": "title", "id": 2}, {"begin": 134, "end": 199, "text": "IEEE/ACM Transactions on Computational Biology and Bioinformatics", "tokenized_text": "IEEE / ACM Transactions on Computational Biology and Bioinformatics", "type": "venue", "id": 3}]