[{"begin": 0, "end": 26, "text": "Bordewich, M. & Semple, C.", "tokenized_text": "Bordewich , M . & Semple , C .", "type": "authors", "id": 0}, {"begin": 28, "end": 32, "text": "2012", "tokenized_text": "2012", "type": "year", "id": 1}, {"begin": 35, "end": 124, "text": "Budgeted Nature Reserve Selection with diversity feature loss and arbitrary split systems", "tokenized_text": "Budgeted Nature Reserve Selection with diversity feature loss and arbitrary split systems", "type": "title", "id": 2}, {"begin": 126, "end": 157, "text": "Journal of Mathematical Biology", "tokenized_text": "Journal of Mathematical Biology", "type": "venue", "id": 3}]