[{"begin": 232, "end": 239, "text": "Biology", "tokenized_text": "Biology", "type": "venue", "id": 0}, {"begin": 0, "end": 55, "text": "White, Thomas A., Bordewich, Magnus & Searle, Jeremy B.", "tokenized_text": "White , Thomas A . , Bordewich , Magnus & Searle , Jeremy B .", "type": "authors", "id": 1}, {"begin": 57, "end": 61, "text": "2010", "tokenized_text": "2010", "type": "year", "id": 2}, {"begin": 64, "end": 219, "text": "A Network Approach to Study Karyotypic Evolution: The Chromosomal Races of the Common Shrew (Sorex araneus) and House Mouse (Mus musculus) as Model Systems", "tokenized_text": "A Network Approach to Study Karyotypic Evolution : The Chromosomal Races of the Common Shrew ( Sorex araneus ) and House Mouse ( Mus musculus ) as Model Systems", "type": "title", "id": 3}]