[{"begin": 0, "end": 54, "text": "Bordewich, M., Gascuel, O., Huber, K. T. & Moulton, V.", "tokenized_text": "Bordewich , M . , Gascuel , O . , Huber , K . T . & Moulton , V .", "type": "authors", "id": 0}, {"begin": 56, "end": 60, "text": "2009", "tokenized_text": "2009", "type": "year", "id": 1}, {"begin": 63, "end": 171, "text": "Consistency of Topological Moves Based on the Balanced Minimum Evolution Principle of Phylogenetic Inference", "tokenized_text": "Consistency of Topological Moves Based on the Balanced Minimum Evolution Principle of Phylogenetic Inference", "type": "title", "id": 2}, {"begin": 173, "end": 229, "text": "Transactions on Computational Biology and Bioinformatics", "tokenized_text": "Transactions on Computational Biology and Bioinformatics", "type": "venue", "id": 3}]