[{"begin": 0, "end": 40, "text": "Bordewich, M., Semple, C. & Spillner, A.", "tokenized_text": "Bordewich , M . , Semple , C . & Spillner , A .", "type": "authors", "id": 0}, {"begin": 42, "end": 46, "text": "2009", "tokenized_text": "2009", "type": "year", "id": 1}, {"begin": 49, "end": 99, "text": "Optimizing phylogenetic diversity across two trees", "tokenized_text": "Optimizing phylogenetic diversity across two trees", "type": "title", "id": 2}, {"begin": 101, "end": 128, "text": "Applied Mathematics Letters", "tokenized_text": "Applied Mathematics Letters", "type": "venue", "id": 3}]