[{"begin": 0, "end": 40, "text": "Bordewich, M., McCartin, C. & Semple, C.", "tokenized_text": "Bordewich , M . , McCartin , C . & Semple , C .", "type": "authors", "id": 0}, {"begin": 42, "end": 46, "text": "2008", "tokenized_text": "2008", "type": "year", "id": 1}, {"begin": 49, "end": 121, "text": "A 3-approximation algorithm for the subtree distance between phylogenies", "tokenized_text": "A 3 - approximation algorithm for the subtree distance between phylogenies", "type": "title", "id": 2}, {"begin": 123, "end": 153, "text": "Journal of Discrete Algorithms", "tokenized_text": "Journal of Discrete Algorithms", "type": "venue", "id": 3}]