[{"begin": 0, "end": 26, "text": "Bordewich, M. & Semple, C.", "tokenized_text": "Bordewich , M . & Semple , C .", "type": "authors", "id": 0}, {"begin": 28, "end": 32, "text": "2008", "tokenized_text": "2008", "type": "year", "id": 1}, {"begin": 35, "end": 100, "text": "Nature Reserve Selection Problem: A Tight Approximation Algorithm", "tokenized_text": "Nature Reserve Selection Problem : A Tight Approximation Algorithm", "type": "title", "id": 2}, {"begin": 102, "end": 158, "text": "Transactions on Computational Biology and Bioinformatics", "tokenized_text": "Transactions on Computational Biology and Bioinformatics", "type": "venue", "id": 3}]