[{"begin": 0, "end": 39, "text": "Bordewich, M., Karpinski, M. & Dyer, M.", "tokenized_text": "Bordewich , M . , Karpinski , M . & Dyer , M .", "type": "authors", "id": 0}, {"begin": 41, "end": 45, "text": "2008", "tokenized_text": "2008", "type": "year", "id": 1}, {"begin": 48, "end": 142, "text": "Path Coupling Using Stopping Times and Counting Independent Sets and Colourings in Hypergraphs", "tokenized_text": "Path Coupling Using Stopping Times and Counting Independent Sets and Colourings in Hypergraphs", "type": "title", "id": 2}, {"begin": 144, "end": 176, "text": "Random Structures and Algorithms", "tokenized_text": "Random Structures and Algorithms", "type": "venue", "id": 3}]