[{"begin": 0, "end": 42, "text": "Bordewich, M., Rodrigo, A. G. & Semple, C.", "tokenized_text": "Bordewich , M . , Rodrigo , A . G . & Semple , C .", "type": "authors", "id": 0}, {"begin": 44, "end": 48, "text": "2008", "tokenized_text": "2008", "type": "year", "id": 1}, {"begin": 51, "end": 127, "text": "Selecting Taxa to Save or Sequence: Desirable Criteria and a Greedy Solution", "tokenized_text": "Selecting Taxa to Save or Sequence : Desirable Criteria and a Greedy Solution", "type": "title", "id": 2}, {"begin": 129, "end": 147, "text": "Systematic Biology", "tokenized_text": "Systematic Biology", "type": "venue", "id": 3}]