[{"begin": 0, "end": 50, "text": "Bordewich, M., Linz, S., St. John, K. & Semple, C.", "tokenized_text": "Bordewich , M . , Linz , S . , St . John , K . & Semple , C .", "type": "authors", "id": 0}, {"begin": 52, "end": 56, "text": "2007", "tokenized_text": "2007", "type": "year", "id": 1}, {"begin": 59, "end": 132, "text": "A Reduction Algorithm for Computing the Hybridization Number of Two Trees", "tokenized_text": "A Reduction Algorithm for Computing the Hybridization Number of Two Trees", "type": "title", "id": 2}, {"begin": 134, "end": 161, "text": "Evolutionary Bioinformatics", "tokenized_text": "Evolutionary Bioinformatics", "type": "venue", "id": 3}]