[{"begin": 0, "end": 26, "text": "Bordewich, M. & Semple, C.", "tokenized_text": "Bordewich , M . & Semple , C .", "type": "authors", "id": 0}, {"begin": 28, "end": 32, "text": "2007", "tokenized_text": "2007", "type": "year", "id": 1}, {"begin": 35, "end": 124, "text": "Computing the hybridisation number of two phylogenetic trees is fixed parameter tractable", "tokenized_text": "Computing the hybridisation number of two phylogenetic trees is fixed parameter tractable", "type": "title", "id": 2}, {"begin": 126, "end": 182, "text": "Transactions on Computational Biology and Bioinformatics", "tokenized_text": "Transactions on Computational Biology and Bioinformatics", "type": "venue", "id": 3}]