[{"begin": 0, "end": 26, "text": "Bordewich, M. & Semple, C.", "tokenized_text": "Bordewich , M . & Semple , C .", "type": "authors", "id": 0}, {"begin": 28, "end": 32, "text": "2007", "tokenized_text": "2007", "type": "year", "id": 1}, {"begin": 35, "end": 125, "text": "Computing the minimum number of hybridisation events for a consistent evolutionary history", "tokenized_text": "Computing the minimum number of hybridisation events for a consistent evolutionary history", "type": "title", "id": 2}, {"begin": 127, "end": 155, "text": "Discrete Applied Mathematics", "tokenized_text": "Discrete Applied Mathematics", "type": "venue", "id": 3}]