[{"begin": 0, "end": 37, "text": "Bordewich, M., Evans, G. & Semple, C.", "tokenized_text": "Bordewich , M . , Evans , G . & Semple , C .", "type": "authors", "id": 0}, {"begin": 39, "end": 43, "text": "2007", "tokenized_text": "2007", "type": "year", "id": 1}, {"begin": 46, "end": 87, "text": "Extending the limits of supertree methods", "tokenized_text": "Extending the limits of supertree methods", "type": "title", "id": 2}, {"begin": 89, "end": 112, "text": "Annals of Combinatorics", "tokenized_text": "Annals of Combinatorics", "type": "venue", "id": 3}]