[{"begin": 0, "end": 24, "text": "Bordewich, M. & Dyer, M.", "tokenized_text": "Bordewich , M . & Dyer , M .", "type": "authors", "id": 0}, {"begin": 26, "end": 30, "text": "2007", "tokenized_text": "2007", "type": "year", "id": 1}, {"begin": 33, "end": 66, "text": "Path Coupling without contraction", "tokenized_text": "Path Coupling without contraction", "type": "title", "id": 2}, {"begin": 68, "end": 98, "text": "Journal of Discrete Algorithms", "tokenized_text": "Journal of Discrete Algorithms", "type": "venue", "id": 3}]