[{"begin": 0, "end": 40, "text": "Bordewich, M., Semple, C. & Steel, M. A.", "tokenized_text": "Bordewich , M . , Semple , C . & Steel , M . A .", "type": "authors", "id": 0}, {"begin": 42, "end": 46, "text": "2006", "tokenized_text": "2006", "type": "year", "id": 1}, {"begin": 49, "end": 88, "text": "Identifying X-Trees with Few Characters", "tokenized_text": "Identifying X - Trees with Few Characters", "type": "title", "id": 2}, {"begin": 90, "end": 129, "text": "The Electronic Journal of Combinatorics", "tokenized_text": "The Electronic Journal of Combinatorics", "type": "venue", "id": 3}]