[{"begin": 0, "end": 51, "text": "Bordewich, M., Freedman, M., Lovasz, L. & Welsh, D.", "tokenized_text": "Bordewich , M . , Freedman , M . , Lovasz , L . & Welsh , D .", "type": "authors", "id": 0}, {"begin": 53, "end": 57, "text": "2005", "tokenized_text": "2005", "type": "year", "id": 1}, {"begin": 60, "end": 104, "text": "Approximate counting and quantum computation", "tokenized_text": "Approximate counting and quantum computation", "type": "title", "id": 2}, {"begin": 106, "end": 146, "text": "Combinatorics, probability and computing", "tokenized_text": "Combinatorics , probability and computing", "type": "venue", "id": 3}]