[{"begin": 0, "end": 37, "text": "Bordewich, M., Huber, K. & Semple, C.", "tokenized_text": "Bordewich , M . , Huber , K . & Semple , C .", "type": "authors", "id": 0}, {"begin": 39, "end": 43, "text": "2005", "tokenized_text": "2005", "type": "year", "id": 1}, {"begin": 46, "end": 76, "text": "Identifying phylogenetic trees", "tokenized_text": "Identifying phylogenetic trees", "type": "title", "id": 2}, {"begin": 78, "end": 98, "text": "Discrete Mathematics", "tokenized_text": "Discrete Mathematics", "type": "venue", "id": 3}]