[{"begin": 0, "end": 26, "text": "Bordewich, M. & Semple, C.", "tokenized_text": "Bordewich , M . & Semple , C .", "type": "authors", "id": 0}, {"begin": 28, "end": 32, "text": "2005", "tokenized_text": "2005", "type": "year", "id": 1}, {"begin": 35, "end": 115, "text": "On the computational complexity of the rooted subtree prune and regraft distance", "tokenized_text": "On the computational complexity of the rooted subtree prune and regraft distance", "type": "title", "id": 2}, {"begin": 117, "end": 140, "text": "Annals of combinatorics", "tokenized_text": "Annals of combinatorics", "type": "venue", "id": 3}]