[{"begin": 0, "end": 13, "text": "Bordewich, M.", "tokenized_text": "Bordewich , M .", "type": "authors", "id": 0}, {"begin": 15, "end": 19, "text": "2004", "tokenized_text": "2004", "type": "year", "id": 1}, {"begin": 22, "end": 99, "text": "Approximating the number of acyclic orientations for a class of sparse graphs", "tokenized_text": "Approximating the number of acyclic orientations for a class of sparse graphs", "type": "title", "id": 2}, {"begin": 101, "end": 141, "text": "Combinatorics, probability and computing", "tokenized_text": "Combinatorics , probability and computing", "type": "venue", "id": 3}]