[{"begin": 0, "end": 38, "text": "Bordewich, M., Semple, C. & Talbot, J.", "tokenized_text": "Bordewich , M . , Semple , C . & Talbot , J .", "type": "authors", "id": 0}, {"begin": 40, "end": 44, "text": "2004", "tokenized_text": "2004", "type": "year", "id": 1}, {"begin": 47, "end": 100, "text": "Counting Consistent Phylogenetic Trees is #P-complete", "tokenized_text": "Counting Consistent Phylogenetic Trees is # P - complete", "type": "title", "id": 2}, {"begin": 102, "end": 133, "text": "Advances in Applied Mathematics", "tokenized_text": "Advances in Applied Mathematics", "type": "venue", "id": 3}]