[{"begin": 0, "end": 24, "text": "Bordewich, M. & Kang, R.", "tokenized_text": "Bordewich , M . & Kang , R .", "type": "authors", "id": 0}, {"begin": 26, "end": 30, "text": "2011", "tokenized_text": "2011", "type": "year", "id": 1}, {"begin": 33, "end": 105, "text": "Rapid Mixing of Subset Glauber Dynamics on Graphs of Bounded Tree-Width.", "tokenized_text": "Rapid Mixing of Subset Glauber Dynamics on Graphs of Bounded Tree - Width .", "type": "title", "id": 2}, {"begin": 109, "end": 132, "text": "Automata, Languages and", "tokenized_text": "Automata , Languages and", "type": "title", "id": 3}, {"begin": 133, "end": 144, "text": "Programming", "tokenized_text": "Programming", "type": "venue", "id": 4}, {"begin": 170, "end": 184, "text": "Monika & Sgall", "tokenized_text": "Monika & Sgall", "type": "venue", "id": 5}]