[{"begin": 0, "end": 34, "text": "Bordewich, Magnus & Mihaescu, Radu", "tokenized_text": "Bordewich , Magnus & Mihaescu , Radu", "type": "authors", "id": 0}, {"begin": 36, "end": 40, "text": "2010", "tokenized_text": "2010", "type": "year", "id": 1}, {"begin": 43, "end": 139, "text": "Accuracy Guarantees for Phylogeny Reconstruction Algorithms Based on Balanced Minimum Evolution,", "tokenized_text": "Accuracy Guarantees for Phylogeny Reconstruction Algorithms Based on Balanced Minimum Evolution ,", "type": "title", "id": 2}, {"begin": 143, "end": 150, "text": "Moulton", "tokenized_text": "Moulton", "type": "title", "id": 3}, {"begin": 160, "end": 161, "text": "&", "tokenized_text": "&", "type": "venue", "id": 4}, {"begin": 162, "end": 167, "text": "Singh", "tokenized_text": "Singh", "type": "title", "id": 5}, {"begin": 179, "end": 217, "text": "Lecture Notes in Computer Science 6293", "tokenized_text": "Lecture Notes in Computer Science 6293", "type": "venue", "id": 6}, {"begin": 224, "end": 264, "text": "Workshop on Algorithms in Bioinformatics", "tokenized_text": "Workshop on Algorithms in Bioinformatics", "type": "venue", "id": 7}, {"begin": 271, "end": 275, "text": "2010", "tokenized_text": "2010", "type": "year", "id": 8}, {"begin": 278, "end": 287, "text": "Liverpool", "tokenized_text": "Liverpool", "type": "venue", "id": 9}]