[{"begin": 0, "end": 17, "text": "Bordewich, Magnus", "tokenized_text": "Bordewich , Magnus", "type": "authors", "id": 0}, {"begin": 19, "end": 23, "text": "2010", "tokenized_text": "2010", "type": "year", "id": 1}, {"begin": 26, "end": 68, "text": "On the approximation complexity hierarchy,", "tokenized_text": "On the approximation complexity hierarchy ,", "type": "title", "id": 2}, {"begin": 72, "end": 78, "text": "Jansen", "tokenized_text": "Jansen", "type": "title", "id": 3}, {"begin": 86, "end": 93, "text": "& Solis", "tokenized_text": "& Solis", "type": "venue", "id": 4}, {"begin": 112, "end": 145, "text": "Lecture Notes in Computer Science", "tokenized_text": "Lecture Notes in Computer Science", "type": "venue", "id": 5}, {"begin": 156, "end": 243, "text": "International Workshop on International Workshop on Approximation and Online Algorithms", "tokenized_text": "International Workshop on International Workshop on Approximation and Online Algorithms", "type": "venue", "id": 6}]