[{"begin": 0, "end": 39, "text": "Bordewich, M., Dyer, M. & Karpinski, M.", "tokenized_text": "Bordewich , M . , Dyer , M . & Karpinski , M .", "type": "authors", "id": 0}, {"begin": 41, "end": 45, "text": "2005", "tokenized_text": "2005", "type": "year", "id": 1}, {"begin": 48, "end": 125, "text": "Path coupling using stopping times, in Liśkiewicz, Maciej & Reischuk, Rüdig", "tokenized_text": "Path coupling using stopping times , in Liśkiewicz , Maciej & Reischuk , Rüdiger", "type": "title", "id": 2}, {"begin": 131, "end": 169, "text": ", Lecture notes in computer science 36", "tokenized_text": "Lecture notes in computer science 3623", "type": "venue", "id": 3}, {"begin": 176, "end": 238, "text": "h International Symposium Fundamentals of Computation Theory F", "tokenized_text": "International Symposium Fundamentals of Computation Theory FCT", "type": "venue", "id": 4}, {"begin": 239, "end": 243, "text": "T 20", "tokenized_text": "2005", "type": "year", "id": 5}, {"begin": 245, "end": 251, "text": ". Lüb", "tokenized_text": "Lübeck", "type": "venue", "id": 6}]