[{"begin": 0, "end": 39, "text": "Bordewich, M., Dyer, M. & Karpinski, M.", "tokenized_text": "Bordewich , M . , Dyer , M . & Karpinski , M .", "type": "authors", "id": 0}, {"begin": 41, "end": 45, "text": "2006", "tokenized_text": "2006", "type": "year", "id": 1}, {"begin": 48, "end": 96, "text": "Stopping times, metrics and approximate counting", "tokenized_text": "Stopping times , metrics and approximate counting", "type": "title", "id": 2}, {"begin": 103, "end": 166, "text": "International Colloquium of Automata, Languages and Programming", "tokenized_text": "International Colloquium of Automata , Languages and Programming", "type": "venue", "id": 3}]