[{"begin": 0, "end": 13, "text": "Bordewich, M.", "tokenized_text": "Bordewich , M .", "type": "authors", "id": 0}, {"begin": 15, "end": 19, "text": "2003", "tokenized_text": "2003", "type": "year", "id": 1}, {"begin": 22, "end": 77, "text": "The Complexity of Counting and Randomised Approximation", "tokenized_text": "The Complexity of Counting and Randomised Approximation", "type": "title", "id": 2}, {"begin": 79, "end": 104, "text": "Department of Mathematics", "tokenized_text": "Department of Mathematics", "type": "venue", "id": 3}]