{
  "comment": "//leave comments here if needed",
  "contain_publication_list": "F",
  "email": "mjc87@eng.cam.ac.uk",
  "filename": "f30f6b06-d9aa-407b-bc17-abde82a07b5c",
  "info": "T means true, F means False. If no publications, just leave the publication structure unchanged.",
  "is_personal_homepage": "T",
  "name": "Michael Crisp",
  "name_index": [
    {
      "index_in_file": [
        [
          165,
          178
        ],
        [
          299,
          312
        ]
      ],
      "name_format": "Begin_First_Full End_Last_Full",
      "text": "Michael Crisp"
    }
  ],
  "publications": [
    {
      "text": "COPY_SINGLE_PUBLICATION_HERE"
    },
    {
      "text": "COPY_SINGLE_PUBLICATION_HERE"
    }
  ],
  "url": "http://www.eng.cam.ac.uk/profiles/mjc87"
}