[{"begin": 0, "end": 19, "text": "Guilfoyle, David R.", "tokenized_text": "Guilfoyle , David R .", "type": "authors", "id": 0}, {"begin": 20, "end": 103, "text": "2004A Model for the Anasazi Pueblo I Period Settlement of Elk Ridge, Southeast Utah", "tokenized_text": "2004A Model for the Anasazi Pueblo I Period Settlement of Elk Ridge , Southeast Utah", "type": "title", "id": 1}, {"begin": 105, "end": 109, "text": "Kiva", "tokenized_text": "Kiva", "type": "venue", "id": 2}, {"begin": 111, "end": 163, "text": "the\nJournal of Southwestern Anthropology and History", "tokenized_text": "the Journal of Southwestern Anthropology and History", "type": "venue", "id": 3}]