[{"begin": 0, "end": 19, "text": "Guilfoyle, David R.", "tokenized_text": "Guilfoyle , David R .", "type": "authors", "id": 0}, {"begin": 20, "end": 132, "text": "2005Socializing stone artifact assemblages: Regionalization and raw material availability in northern Queensland", "tokenized_text": "2005Socializing stone artifact assemblages : Regionalization and raw material availability in northern Queensland", "type": "title", "id": 1}, {"begin": 134, "end": 156, "text": "Australian Archaeology", "tokenized_text": "Australian Archaeology", "type": "venue", "id": 2}, {"begin": 174, "end": 178, "text": "2005", "tokenized_text": "2005", "type": "year", "id": 3}]