[{"begin": 0, "end": 19, "text": "Guilfoyle, David R.", "tokenized_text": "Guilfoyle , David R .", "type": "authors", "id": 0}, {"begin": 20, "end": 95, "text": "2006Aboriginal Cultural Heritage Regional Studies: an illustrative approach", "tokenized_text": "2006Aboriginal Cultural Heritage Regional Studies : an illustrative approach", "type": "title", "id": 1}, {"begin": 97, "end": 123, "text": "Cultural Heritage Division", "tokenized_text": "Cultural Heritage Division", "type": "venue", "id": 2}, {"begin": 125, "end": 171, "text": "NSW Department of Environment and Conservation", "tokenized_text": "NSW Department of Environment and Conservation", "type": "venue", "id": 3}]