[{"begin": 221, "end": 292, "text": "F. Carrillo, Jonathon C. Horn, Carl D. Späth, David R. Guilfoyle, and ", "tokenized_text": "F . Carrillo , Jonathon C . Horn , Carl D . Späth , David R . Guilfoyle , and E", "type": "authors", "id": 0}, {"begin": 294, "end": 299, "text": " Stev", "tokenized_text": "Steve", "type": "authors", "id": 1}, {"begin": 330, "end": 357, "text": " Professional Archaeologist", "tokenized_text": "Professional Archaeologists", "type": "title", "id": 2}, {"begin": 0, "end": 53, "text": "Guilfoyle, David R., Jonathan C. Horn, and Burr Neely", "tokenized_text": "Guilfoyle , David R . , Jonathan C . Horn , and Burr Neely", "type": "authors", "id": 3}, {"begin": 55, "end": 59, "text": "2007", "tokenized_text": "2007", "type": "year", "id": 4}, {"begin": 60, "end": 96, "text": "Recreation and Government (Chapters)", "tokenized_text": "Recreation and Government ( Chapters )", "type": "title", "id": 5}, {"begin": 101, "end": 143, "text": "Colorado History: A Context for Historical", "tokenized_text": "Colorado History : A Context for Historical", "type": "venue", "id": 6}, {"begin": 171, "end": 177, "text": "Church", "tokenized_text": "Church", "type": "authors", "id": 7}, {"begin": 179, "end": 220, "text": "Steven G. Baker, Bonnie J. Clark, Richard", "tokenized_text": "Steven G . Baker , Bonnie J . Clark , Richard", "type": "authors", "id": 8}]