[{"begin": 0, "end": 80, "text": "Guilfoyle, David R., Bill Bennell, Wayne Webb, Vernice Gilles and Jen Strickland", "tokenized_text": "Guilfoyle , David R . , Bill Bennell , Wayne Webb , Vernice Gilles and Jen Strickland", "type": "authors", "id": 0}, {"begin": 82, "end": 86, "text": "2009", "tokenized_text": "2009", "type": "year", "id": 1}, {"begin": 87, "end": 212, "text": "Integrating Natural Resource Management and Indigenous Cultural Heritage: A Model and Case\nStudy from South-western Australia", "tokenized_text": "Integrating Natural Resource Management and Indigenous Cultural Heritage : A Model and Case Study from South - western Australia", "type": "title", "id": 2}, {"begin": 214, "end": 233, "text": "Heritage Management", "tokenized_text": "Heritage Management", "type": "venue", "id": 3}, {"begin": 259, "end": 263, "text": "2009", "tokenized_text": "2009", "type": "year", "id": 4}]