[{"begin": 0, "end": 55, "text": "Guilfoyle, David R., Andrew Guilfoyle, and Doc Reynolds", "tokenized_text": "Guilfoyle , David R . , Andrew Guilfoyle , and Doc Reynolds", "type": "authors", "id": 0}, {"begin": 57, "end": 61, "text": "2009", "tokenized_text": "2009", "type": "year", "id": 1}, {"begin": 62, "end": 215, "text": "Participatory Action Research in Cultural Heritage Management for Indigenous Cultural Heritage: The Gabbie Kylie Foundation, Esperance, Western Australia", "tokenized_text": "Participatory Action Research in Cultural Heritage Management for Indigenous Cultural Heritage : The Gabbie Kylie Foundation , Esperance , Western Australia", "type": "title", "id": 2}, {"begin": 217, "end": 293, "text": "International Journal of Diversity in Organisations, Communities and Nations", "tokenized_text": "International Journal of Diversity in Organisations , Communities and Nations", "type": "venue", "id": 3}]