[{"begin": 0, "end": 19, "text": "Guilfoyle, David R.", "tokenized_text": "Guilfoyle , David R .", "type": "authors", "id": 0}, {"begin": 20, "end": 24, "text": "2010", "tokenized_text": "2010", "type": "year", "id": 1}, {"begin": 33, "end": 100, "text": "7: Cultural Heritage and Landscape Protection. In Nerilee Boshammer", "tokenized_text": "7 : Cultural Heritage and Landscape Protection . In Nerilee Boshammer", "type": "title", "id": 2}, {"begin": 106, "end": 212, "text": "Active Awareness in the Southwest: An Education Package for Noongar Culture, Resource and Land-use Studies", "tokenized_text": "Active Awareness in the Southwest : An Education Package for Noongar Culture , Resource and Land - use Studies", "type": "title", "id": 3}, {"begin": 230, "end": 235, "text": "Group", "tokenized_text": "Group", "type": "venue", "id": 4}]