[{"begin": 0, "end": 36, "text": "Guilfoyle, David R, W. Webb, T. Webb", "tokenized_text": "Guilfoyle , David R , W . Webb , T . Webb", "type": "authors", "id": 0}, {"begin": 37, "end": 197, "text": "and Myles Mitchell\n2011A Structure and Process for 'Working Beyond the Site\" in a Commercial Context: A Case Study from Dunsborough, Southwest Western Australia", "tokenized_text": "and Myles Mitchell 2011A Structure and Process for ' Working Beyond the Site \" in a Commercial Context : A Case Study from Dunsborough , Southwest Western Australia", "type": "title", "id": 1}, {"begin": 199, "end": 221, "text": "Australian Archaeology", "tokenized_text": "Australian Archaeology", "type": "venue", "id": 2}, {"begin": 230, "end": 234, "text": "2011", "tokenized_text": "2011", "type": "year", "id": 3}]