[{"begin": 0, "end": 80, "text": "Blandon, Paul, Moffat, Ian, Guilfoyle, David, Beale, Alice, and Jennifer Milani.", "tokenized_text": "Blandon , Paul , Moffat , Ian , Guilfoyle , David , Beale , Alice , and Jennifer Milani .", "type": "authors", "id": 0}, {"begin": 81, "end": 233, "text": "2011Mapping anthropogenic fill with GPR for unmarked grave detection: a case study from a possible location of Mokare’s grave, Albany, Western Austral", "tokenized_text": "2011Mapping anthropogenic fill with GPR for unmarked grave detection : a case study from a possible location of Mokare’s grave , Albany , Western Australia", "type": "title", "id": 1}, {"begin": 235, "end": 257, "text": ". Exploration Geophysi", "tokenized_text": "Exploration Geophysics", "type": "venue", "id": 2}]