[{"begin": 0, "end": 78, "text": "Guilfoyle, David, Myles Mitchell, Cat Morgan, Harley Coyne and Vernice Gillies", "tokenized_text": "Guilfoyle , David , Myles Mitchell , Cat Morgan , Harley Coyne and Vernice Gillies", "type": "authors", "id": 0}, {"begin": 80, "end": 84, "text": "2013", "tokenized_text": "2013", "type": "year", "id": 1}, {"begin": 96, "end": 212, "text": "Exploring the Role of Archaeology within Indigenous Natural Resource Management: A Case Study from Western Australia", "tokenized_text": "Exploring the Role of Archaeology within Indigenous Natural Resource Management : A Case Study from Western Australia", "type": "title", "id": 2}, {"begin": 222, "end": 229, "text": "Connor,", "tokenized_text": "Connor ,", "type": "authors", "id": 3}, {"begin": 247, "end": 255, "text": "D. Byrne", "tokenized_text": "D . Byrne", "type": "authors", "id": 4}, {"begin": 263, "end": 358, "text": "Transcending the Culture-Nature Divide in Cultural Heritage: Views from the Asia-Pacific Region", "tokenized_text": "Transcending the Culture - Nature Divide in Cultural Heritage : Views from the Asia - Pacific Region", "type": "title", "id": 5}, {"begin": 360, "end": 375, "text": "Terra Australis", "tokenized_text": "Terra Australis", "type": "venue", "id": 6}]