[{"begin": 0, "end": 70, "text": "Myles, Mitchell, Guilfoyle, David R., Reynolds Ron ‘Doc’ and Cathe", "tokenized_text": "Myles , Mitchell , Guilfoyle , David R . , Reynolds Ron ‘Doc’ and Catherine", "type": "authors", "id": 0}, {"begin": 78, "end": 82, "text": "gan\n", "tokenized_text": "2013", "type": "year", "id": 1}, {"begin": 95, "end": 208, "text": "ble Indigenous Heritage Management and the Role of Archaeology: A Working Model and Case Study from Western Austr", "tokenized_text": "Indigenous Heritage Management and the Role of Archaeology : A Working Model and Case Study from Western Australia", "type": "title", "id": 2}, {"begin": 210, "end": 228, "text": "ia. Heritage & Soc", "tokenized_text": "Heritage & Society", "type": "venue", "id": 3}]