[{"begin": 258, "end": 336, "text": "ds) At Home on the Waves: Human habitation of the sea from the Mesolithic to t", "tokenized_text": "At Home on the Waves : Human habitation of the sea from the Mesolithic to today", "type": "title", "id": 0}, {"begin": 0, "end": 71, "text": "Guilfoyle, David R., Anderson, Ross, Kimber, Tom and Ron “Doc” Reyn", "tokenized_text": "Guilfoyle , David R . , Anderson , Ross , Kimber , Tom and Ron “Doc” Reynolds", "type": "authors", "id": 1}, {"begin": 73, "end": 77, "text": "ds.\n", "tokenized_text": "2013", "type": "year", "id": 2}, {"begin": 89, "end": 219, "text": "ss) A Community-Based Approach to Documenting and Interpreting the Cultural Seascapes of the Recherche Archipelago, Western Austra", "tokenized_text": "A Community - Based Approach to Documenting and Interpreting the Cultural Seascapes of the Recherche Archipelago , Western Australia .", "type": "title", "id": 3}, {"begin": 234, "end": 237, "text": "ing", "tokenized_text": "and", "type": "venue", "id": 4}]