{
  "comment": "//leave comments here if needed",
  "contain_publication_list": "F",
  "email": "",
  "filename": "e39018e2-e04a-411f-8ff6-2030eb388bc3",
  "info": "T means true, F means False. If no publications, just leave the publication structure unchanged.",
  "is_personal_homepage": "F",
  "name": "",
  "publications": [
    {
      "text": "COPY_SINGLE_PUBLICATION_HERE"
    },
    {
      "text": "COPY_SINGLE_PUBLICATION_HERE"
    }
  ],
  "url": "http://cip-icu.ca/Awards-and-Scholarships/College-of-Fellows/Recipients/Lindsay-Dale-Harris-FCIP-RPP"
}