[{"begin": 0, "end": 68, "text": "Inclusion and separation of picoline isomers by a diol host compound", "tokenized_text": "Inclusion and separation of picoline isomers by a diol host compound", "type": "title", "id": 0}, {"begin": 70, "end": 113, "text": "M. R. Caira, A. Horne, L. R. Nassimbeni, F.", "tokenized_text": "M . R . Caira , A . Horne , L . R . Nassimbeni , F .", "type": "authors", "id": 1}, {"begin": 114, "end": 118, "text": "Toda", "tokenized_text": "Toda", "type": "title", "id": 2}, {"begin": 118, "end": 133, "text": ". J Mater Chem.", "tokenized_text": ". J Mater Chem .", "type": "venue", "id": 3}, {"begin": 137, "end": 141, "text": "1997", "tokenized_text": "1997", "type": "year", "id": 4}]