[{"begin": 0, "end": 65, "text": "Selective Inclusion of aliphatic alcohols by a diol host compound", "tokenized_text": "Selective Inclusion of aliphatic alcohols by a diol host compound", "type": "title", "id": 0}, {"begin": 67, "end": 92, "text": "M. R. Caira, A. Horne, L.", "tokenized_text": "M . R . Caira , A . Horne , L .", "type": "authors", "id": 1}, {"begin": 93, "end": 131, "text": "R. Nassimbeni, F. Toda J. Mater. Chem.", "tokenized_text": "R . Nassimbeni , F . Toda J . Mater . Chem .", "type": "venue", "id": 2}, {"begin": 135, "end": 139, "text": "1998", "tokenized_text": "1998", "type": "year", "id": 3}]