[{"begin": 0, "end": 66, "text": "Thermodynamics and Kinetics of Crystalline Inclusion Compounds. L.", "tokenized_text": "Thermodynamics and Kinetics of Crystalline Inclusion Compounds . L .", "type": "title", "id": 0}, {"begin": 67, "end": 68, "text": "R", "tokenized_text": "R", "type": "authors", "id": 1}, {"begin": 68, "end": 69, "text": ".", "tokenized_text": ".", "type": "title", "id": 2}, {"begin": 70, "end": 145, "text": "Nassimbeni in Crystal Engineering: From Molecules and Crystals to Materials", "tokenized_text": "Nassimbeni in Crystal Engineering : From Molecules and Crystals to Materials", "type": "venue", "id": 3}, {"begin": 203, "end": 207, "text": "1999", "tokenized_text": "1999", "type": "year", "id": 4}]