[{"begin": 0, "end": 46, "text": "Complexation with diol host compounds. Part 32", "tokenized_text": "Complexation with diol host compounds . Part 32", "type": "title", "id": 0}, {"begin": 48, "end": 78, "text": "Separation of lutidine isomers", "tokenized_text": "Separation of lutidine isomers", "type": "venue", "id": 1}, {"begin": 129, "end": 130, "text": "R", "tokenized_text": "R", "type": "authors", "id": 2}, {"begin": 132, "end": 159, "text": "Caira, L. R. Nassimbeni, F.", "tokenized_text": "Caira , L . R . Nassimbeni , F .", "type": "authors", "id": 3}, {"begin": 160, "end": 176, "text": "Toda, D. Vujovic", "tokenized_text": "Toda , D . Vujovic", "type": "authors", "id": 4}, {"begin": 178, "end": 185, "text": "J. Chem", "tokenized_text": "J . Chem", "type": "authors", "id": 5}, {"begin": 187, "end": 190, "text": "Soc", "tokenized_text": "Soc", "type": "authors", "id": 6}, {"begin": 193, "end": 205, "text": "Perkin Trans", "tokenized_text": "Perkin Trans", "type": "venue", "id": 7}, {"begin": 211, "end": 215, "text": "1999", "tokenized_text": "1999", "type": "year", "id": 8}]