[{"begin": 0, "end": 97, "text": "Inclusion of Aminobenzonitrile Isomers by a Diol Host Compound: Structure and Selectivity Mino R.", "tokenized_text": "Inclusion of Aminobenzonitrile Isomers by a Diol Host Compound : Structure and Selectivity Mino R .", "type": "title", "id": 0}, {"begin": 98, "end": 124, "text": "Caira, Luigi R. Nassimbeni", "tokenized_text": "Caira , Luigi R . Nassimbeni", "type": "authors", "id": 1}, {"begin": 126, "end": 137, "text": "Fumino Toda", "tokenized_text": "Fumino Toda", "type": "venue", "id": 2}, {"begin": 150, "end": 174, "text": "Vujovic J.Am. Chem. Soc.", "tokenized_text": "Vujovic J . Am . Chem . Soc .", "type": "venue", "id": 3}, {"begin": 175, "end": 179, "text": "2000", "tokenized_text": "2000", "type": "year", "id": 4}]