[{"begin": 0, "end": 65, "text": "Inclusion of quinolines by binaphthol: structures and selectivity", "tokenized_text": "Inclusion of quinolines by binaphthol : structures and selectivity", "type": "title", "id": 0}, {"begin": 67, "end": 114, "text": "Caira, M.R., Chang, P., Nassimbeni, L.R. and Su", "tokenized_text": "Caira , M . R . , Chang , P . , Nassimbeni , L . R . and Su", "type": "authors", "id": 1}, {"begin": 116, "end": 136, "text": "H. Org.Biomol. Chem.", "tokenized_text": "H . Org . Biomol . Chem .", "type": "venue", "id": 2}, {"begin": 150, "end": 154, "text": "2004", "tokenized_text": "2004", "type": "year", "id": 3}]