[{"begin": 0, "end": 140, "text": "Physicochemical studies of separation of isomers by supramolecular systems’ in Separations and Reactions in Organic Supramolecular Chemist", "tokenized_text": "Physicochemical studies of separation of isomers by supramolecular systems’ in Separations and Reactions in Organic Supramolecular Chemistry", "type": "title", "id": 0}, {"begin": 142, "end": 182, "text": ". Perspectives in Supramolecular Chemist", "tokenized_text": "Perspectives in Supramolecular Chemistry", "type": "venue", "id": 1}, {"begin": 215, "end": 221, "text": ". F To", "tokenized_text": "F Toda", "type": "venue", "id": 2}, {"begin": 271, "end": 275, "text": "35, ", "tokenized_text": "2004", "type": "year", "id": 3}]