[{"begin": 0, "end": 36, "text": "Selective Enclathration of Picolines", "tokenized_text": "Selective Enclathration of Picolines", "type": "title", "id": 0}, {"begin": 38, "end": 73, "text": "Bourne, S A, Corin, K C, Nassimbeni", "tokenized_text": "Bourne , S A , Corin , K C , Nassimbeni", "type": "authors", "id": 1}, {"begin": 75, "end": 76, "text": "L", "tokenized_text": "L", "type": "venue", "id": 2}, {"begin": 77, "end": 82, "text": "R and", "tokenized_text": "R and", "type": "authors", "id": 3}, {"begin": 83, "end": 116, "text": "Toda F: Crystal Growth and Design", "tokenized_text": "Toda F : Crystal Growth and Design", "type": "venue", "id": 4}, {"begin": 132, "end": 136, "text": "2005", "tokenized_text": "2005", "type": "year", "id": 5}]