{
  "comment": "//leave comments here if needed",
  "contain_publication_list": "F",
  "email": "cennamo@vt.edu",
  "filename": "a923e34b-1c0c-43c3-a0f4-a9771c74d04e",
  "info": "T means true, F means False. If no publications, just leave the publication structure unchanged.",
  "is_personal_homepage": "T",
  "name": "Katherine S. Cennamo",
  "name_index": [
    {
      "index_in_file": [
        [
          300,
          317
        ]
      ],
      "name_format": "Begin_First_Full End_Last_Full",
      "text": "Katherine Cennamo"
    },
    {
      "index_in_file": [
        [
          215,
          235
        ]
      ],
      "name_format": "Begin_First_Full Inside_Middle_Initial End_Last_Full",
      "text": "Katherine S. Cennamo"
    },
    {
      "index_in_file": [
        [
          652,
          659
        ],
        [
          911,
          918
        ],
        [
          1392,
          1399
        ],
        [
          1652,
          1659
        ],
        [
          2000,
          2007
        ]
      ],
      "name_format": "Begin_Last_Full",
      "text": "Cennamo"
    }
  ],
  "publications": [
    {
      "text": "COPY_SINGLE_PUBLICATION_HERE"
    },
    {
      "text": "COPY_SINGLE_PUBLICATION_HERE"
    }
  ],
  "url": "http://www.soe.vt.edu/idt/Faculty/cennamo_bio.html"
}