{
  "comment": "//leave comments here if needed",
  "contain_publication_list": "T",
  "email": "rmdubois@ucsc.edu",
  "filename": "88e39ea8-2807-4eba-a76b-d1c24a1bb9f9",
  "info": "T means true, F means False. If no publications, just leave the publication structure unchanged.",
  "is_personal_homepage": "T",
  "name": "Rebecca M. DuBois",
  "name_index": [
    {
      "index_in_file": [
        [
          98,
          115
        ],
        [
          1791,
          1808
        ]
      ],
      "name_format": "Begin_First_Full Inside_Middle_Initial End_Last_Full",
      "text": "Rebecca M. DuBois"
    },
    {
      "index_in_file": [
        [
          443,
          450
        ]
      ],
      "name_format": "Begin_First_Full",
      "text": "Rebecca"
    },
    {
      "in_email": "BEFORE_AT",
      "index_in_file": [
        [
          131,
          139
        ]
      ],
      "name_format": "Begin_First_Initial_Middle_Initial_Last_Full",
      "text": "rmdubois"
    }
  ],
  "publications": [
    {
      "length": 86,
      "line_num": [
        29
      ],
      "start_index_in_file": 1179,
      "text": "Structural, Mechanistic, and Antigenic Characterization of the Human Astrovirus Capsid"
    },
    {
      "length": 54,
      "line_num": [
        30
      ],
      "start_index_in_file": 1266,
      "text": "Crystal structure of the avian astrovirus capsid spike"
    },
    {
      "length": 90,
      "line_num": [
        31
      ],
      "start_index_in_file": 1321,
      "text": "Functional and evolutionary insight from the crystal structure of rubella virus protein E1"
    },
    {
      "length": 108,
      "line_num": [
        32
      ],
      "start_index_in_file": 1412,
      "text": "Structural and biochemical basis for development of influenza virus inhibitors targeting the PA endonuclease"
    },
    {
      "length": 134,
      "line_num": [
        33
      ],
      "start_index_in_file": 1521,
      "text": "The receptor-binding domain of influenza virus hemagglutinin produced in Escherichia coli folds into its native, immunogenic structure"
    }
  ],
  "url": "http://www.soe.ucsc.edu/people/rdubois"
}