{
  "comment": "//leave comments here if needed",
  "contain_publication_list": "F",
  "email": "bonnie.cheng@polyu.edu.hk",
  "filename": "46689d4e-2302-4719-9953-41b93f422f86",
  "info": "T means true, F means False. If no publications, just leave the publication structure unchanged.",
  "is_personal_homepage": "T",
  "name": "CHENG, Bonnie Hayden",
  "name_index": [
    {
      "index_in_file": [
        [
          147,
          167
        ],
        [
          185,
          205
        ]
      ],
      "name_format": "Begin_Last_Full Inside_First_Full End_Middle_Full",
      "text": "CHENG, Bonnie Hayden"
    },
    {
      "index_in_file": [
        [
          315,
          327
        ]
      ],
      "name_format": "Begin_First_Full End_Last_Full",
      "text": "bonnie.cheng"
    },
    {
      "index_in_file": [
        [
          435,
          441
        ],
        [
          1166,
          1172
        ]
      ],
      "name_format": "Begin_First_Full",
      "text": "Bonnie"
    }
  ],
  "publications": [
    {
      "text": "COPY_SINGLE_PUBLICATION_HERE"
    },
    {
      "text": "COPY_SINGLE_PUBLICATION_HERE"
    }
  ],
  "url": "http://www.polyu.edu.hk/mm/mm_dev/content.php?id=22&content=role&aid=1&mode=98"
}