[{"begin": 218, "end": 281, "text": "polyester composite tubes under quasi-static loading conditions", "tokenized_text": "polyester composite tubes under quasi - static loading conditions", "type": "title", "id": 0}, {"begin": 283, "end": 303, "text": "Composite structures", "tokenized_text": "Composite structures", "type": "venue", "id": 1}, {"begin": 309, "end": 313, "text": "2011", "tokenized_text": "2011", "type": "year", "id": 2}, {"begin": 0, "end": 120, "text": "S. Palanivelu, W. Van Paepegem, J. Degrieck, J. Vantomme, D. Kakogiannis, J. Van Ackeren, D. Van Hemelrijck, J. Wastiels", "tokenized_text": "S . Palanivelu , W . Van Paepegem , J . Degrieck , J . Vantomme , D . Kakogiannis , J . Van Ackeren , D . Van Hemelrijck , J . Wastiels", "type": "authors", "id": 3}, {"begin": 122, "end": 218, "text": "Crushing and energy absorption performance of different geometrical shapes of small-scale glass/", "tokenized_text": "Crushing and energy absorption performance of different geometrical shapes of small - scale glass /", "type": "title", "id": 4}]