[{"begin": 0, "end": 127, "text": "S. Palanivelu, W. Van Paepegem, J. Degrieck,B. Reymen, J.-M. Ndambi, J. Vantomme, D. Kakogiannis, J. Wastiels,D. Van Hemelrijck", "tokenized_text": "S . Palanivelu , W . Van Paepegem , J . Degrieck , B . Reymen , J . - M . Ndambi , J . Vantomme , D . Kakogiannis , J . Wastiels , D . Van Hemelrijck", "type": "authors", "id": 0}, {"begin": 129, "end": 180, "text": "Close-range blast loading on empty recyclable metal", "tokenized_text": "Close - range blast loading on empty recyclable metal", "type": "title", "id": 1}, {"begin": 181, "end": 236, "text": "beverage cans for use in sacrificial cladding structure", "tokenized_text": "beverage cans for use in sacrificial cladding structure", "type": "title", "id": 2}, {"begin": 238, "end": 260, "text": "Engineering Structures", "tokenized_text": "Engineering Structures", "type": "venue", "id": 3}, {"begin": 266, "end": 270, "text": "2011", "tokenized_text": "2011", "type": "year", "id": 4}]