[{"begin": 0, "end": 117, "text": "S. Palanivelu, W. Van Paepegem, J. Degrieck, S. De Pauw , J. Vantomme, J. Wastiels, D. Kakogiannis ,D. Van Hemelrijck", "tokenized_text": "S . Palanivelu , W . Van Paepegem , J . Degrieck , S . De Pauw , J . Vantomme , J . Wastiels , D . Kakogiannis , D . Van Hemelrijck", "type": "authors", "id": 0}, {"begin": 119, "end": 205, "text": "Low velocity axial impact crushing performance of empty recyclable metal beverage cans", "tokenized_text": "Low velocity axial impact crushing performance of empty recyclable metal beverage cans", "type": "title", "id": 1}, {"begin": 207, "end": 228, "text": "International Journal", "tokenized_text": "International Journal", "type": "venue", "id": 2}, {"begin": 229, "end": 250, "text": "of Impact Engineering", "tokenized_text": "of Impact Engineering", "type": "venue", "id": 3}, {"begin": 256, "end": 260, "text": "2011", "tokenized_text": "2011", "type": "year", "id": 4}]