[{"begin": 0, "end": 120, "text": "S. Palanivelu, W. Van Paepegem, J. Degrieck, D. Kakogiannis, J. Van Ackeren, D. Van Hemelrijck, J. Wastiels, J. Vantomme", "tokenized_text": "S . Palanivelu , W . Van Paepegem , J . Degrieck , D . Kakogiannis , J . Van Ackeren , D . Van Hemelrijck , J . Wastiels , J . Vantomme", "type": "authors", "id": 0}, {"begin": 122, "end": 235, "text": "Parametric study of crushing parameters and failure patterns of pultruded composite tubes using cohesive elements", "tokenized_text": "Parametric study of crushing parameters and failure patterns of pultruded composite tubes using cohesive elements", "type": "title", "id": 1}, {"begin": 236, "end": 302, "text": "and seam. Part II: Multiple delaminations and triggering modelling", "tokenized_text": "and seam . Part II : Multiple delaminations and triggering modelling", "type": "title", "id": 2}, {"begin": 304, "end": 319, "text": "Polymer Testing", "tokenized_text": "Polymer Testing", "type": "venue", "id": 3}, {"begin": 325, "end": 329, "text": "2010", "tokenized_text": "2010", "type": "year", "id": 4}]