[{"begin": 209, "end": 291, "text": "tubes with different geometrical shapes for use in sacrificial cladding structures", "tokenized_text": "tubes with different geometrical shapes for use in sacrificial cladding structures", "type": "title", "id": 0}, {"begin": 293, "end": 324, "text": "Composites Part B (Engineering)", "tokenized_text": "Composites Part B ( Engineering )", "type": "venue", "id": 1}, {"begin": 330, "end": 334, "text": "2010", "tokenized_text": "2010", "type": "year", "id": 2}, {"begin": 0, "end": 120, "text": "S. Palanivelu, W. Van Paepegem, J. Degrieck, J. Vantomme, D. Kakogiannis, J. Van Ackeren, D. Van Hemelrijck, J. Wastiels", "tokenized_text": "S . Palanivelu , W . Van Paepegem , J . Degrieck , J . Vantomme , D . Kakogiannis , J . Van Ackeren , D . Van Hemelrijck , J . Wastiels", "type": "authors", "id": 3}, {"begin": 122, "end": 208, "text": "Comparison of the crushing performance of hollow and foam-filled small-scale composite", "tokenized_text": "Comparison of the crushing performance of hollow and foam - filled small - scale composite", "type": "title", "id": 4}]