[{"begin": 0, "end": 120, "text": "S. Palanivelu, W. Van Paepegem, J. Degrieck, D. Kakogiannis, J. Van Ackeren, D. Van Hemelrijck, J. Wastiels, J. Vantomme", "tokenized_text": "S . Palanivelu , W . Van Paepegem , J . Degrieck , D . Kakogiannis , J . Van Ackeren , D . Van Hemelrijck , J . Wastiels , J . Vantomme", "type": "authors", "id": 0}, {"begin": 122, "end": 235, "text": "Parametric study of crushing parameters and failure patterns of pultruded composite tubes using cohesive elements", "tokenized_text": "Parametric study of crushing parameters and failure patterns of pultruded composite tubes using cohesive elements", "type": "title", "id": 1}, {"begin": 236, "end": 244, "text": "and seam", "tokenized_text": "and seam", "type": "title", "id": 2}, {"begin": 246, "end": 300, "text": "Part I: Central delaminations and triggering modelling", "tokenized_text": "Part I : Central delaminations and triggering modelling", "type": "title", "id": 3}, {"begin": 302, "end": 317, "text": "Polymer testing", "tokenized_text": "Polymer testing", "type": "venue", "id": 4}, {"begin": 323, "end": 327, "text": "2010", "tokenized_text": "2010", "type": "year", "id": 5}]