[{"begin": 209, "end": 285, "text": "with different geometrical shapes for use in sacrificial cladding structures", "tokenized_text": "with different geometrical shapes for use in sacrificial cladding structures", "type": "title", "id": 0}, {"begin": 287, "end": 302, "text": "Polymer testing", "tokenized_text": "Polymer testing", "type": "venue", "id": 1}, {"begin": 308, "end": 312, "text": "2010", "tokenized_text": "2010", "type": "year", "id": 2}, {"begin": 0, "end": 120, "text": "S. Palanivelu, W. Van Paepegem, J. Degrieck, D. Kakogiannis, J. Van Ackeren, D. Van Hemelrijck, J. Wastiels, J. Vantomme", "tokenized_text": "S . Palanivelu , W . Van Paepegem , J . Degrieck , D . Kakogiannis , J . Van Ackeren , D . Van Hemelrijck , J . Wastiels , J . Vantomme", "type": "authors", "id": 3}, {"begin": 122, "end": 208, "text": "Comparative study of the quasi-static energy absorption of small-scale composite tubes", "tokenized_text": "Comparative study of the quasi - static energy absorption of small - scale composite tubes", "type": "title", "id": 4}]