[{"begin": 210, "end": 214, "text": "2010", "tokenized_text": "2010", "type": "year", "id": 0}, {"begin": 0, "end": 120, "text": "S. Palanivelu, W. Van Paepegem, J. Degrieck, J. Van Ackeren, D. Kakogiannis, D. Van Hemelrijck, J. Wastiels, J. Vantomme", "tokenized_text": "S . Palanivelu , W . Van Paepegem , J . Degrieck , J . Van Ackeren , D . Kakogiannis , D . Van Hemelrijck , J . Wastiels , J . Vantomme", "type": "authors", "id": 1}, {"begin": 122, "end": 187, "text": "Experimental study on axial crushing of pultruded composite tubes", "tokenized_text": "Experimental study on axial crushing of pultruded composite tubes", "type": "title", "id": 2}, {"begin": 189, "end": 204, "text": "Polymer testing", "tokenized_text": "Polymer testing", "type": "venue", "id": 3}]