[{"begin": 226, "end": 234, "text": "Sciences", "tokenized_text": "Sciences", "type": "venue", "id": 0}, {"begin": 240, "end": 244, "text": "2010", "tokenized_text": "2010", "type": "year", "id": 1}, {"begin": 0, "end": 123, "text": "D. Kakogiannis, D. Van Hemelrijck, J. Wastiels, S. Palanivelu, W. Van Paepegem, J. Vantomme, A. Kotzakolios, V. Kostopoulos", "tokenized_text": "D . Kakogiannis , D . Van Hemelrijck , J . Wastiels , S . Palanivelu , W . Van Paepegem , J . Vantomme , A . Kotzakolios , V . Kostopoulos", "type": "authors", "id": 2}, {"begin": 125, "end": 184, "text": "Assessment of pressure waves generated by explosive loading", "tokenized_text": "Assessment of pressure waves generated by explosive loading", "type": "title", "id": 3}, {"begin": 186, "end": 225, "text": "CMES-Computer Modeling in Engineering &", "tokenized_text": "CMES - Computer Modeling in Engineering &", "type": "venue", "id": 4}]