[{"begin": 0, "end": 71, "text": "J. Sousa-Martins, D. Kakogiannis, F. Coghe, B. Reymen, F. Teixeira-Dias", "tokenized_text": "J . Sousa - Martins , D . Kakogiannis , F . Coghe , B . Reymen , F . Teixeira - Dias", "type": "authors", "id": 0}, {"begin": 73, "end": 155, "text": "Behaviour of sandwich structures with cork compound cores subjected to blast waves", "tokenized_text": "Behaviour of sandwich structures with cork compound cores subjected to blast waves", "type": "title", "id": 1}, {"begin": 157, "end": 179, "text": "Engineering Structures", "tokenized_text": "Engineering Structures", "type": "venue", "id": 2}, {"begin": 185, "end": 189, "text": "2013", "tokenized_text": "2013", "type": "year", "id": 3}]