[{"begin": 0, "end": 75, "text": "J. Sousa-Martins, D. Kakogiannis, F. Coghe, B. Reymen, and F. Teixeira-Dias", "tokenized_text": "J . Sousa - Martins , D . Kakogiannis , F . Coghe , B . Reymen , and F . Teixeira - Dias", "type": "authors", "id": 0}, {"begin": 77, "end": 177, "text": "Response of cork compounds subjected to impulsive blast loads An experimental and numerical approach", "tokenized_text": "Response of cork compounds subjected to impulsive blast loads An experimental and numerical approach", "type": "title", "id": 1}, {"begin": 179, "end": 203, "text": "European Physics Journal", "tokenized_text": "European Physics Journal", "type": "venue", "id": 2}, {"begin": 205, "end": 219, "text": "Special Topics", "tokenized_text": "Special Topics", "type": "venue", "id": 3}, {"begin": 226, "end": 230, "text": "2012", "tokenized_text": "2012", "type": "year", "id": 4}]