{
  "comment": "//leave comments here if needed",
  "contain_publication_list": "T",
  "email": "COPY_AND_CORRECT_OWNER_EMAIL_HERE",
  "filename": "3e4c1313-78a3-49d4-8fda-1b58b9e5c043",
  "info": "T means true, F means False. If no publications, just leave the publication structure unchanged.",
  "is_personal_homepage": "F",
  "name": "COPY_OWNER_NAME_HERE",
  "publications": [
    {
      "text": "COPY_SINGLE_PUBLICATION_HERE"
    },
    {
      "text": "COPY_SINGLE_PUBLICATION_HERE"
    }
  ],
  "url": "http://www.medpharm.uwa.edu.au/contact/staff?type=profile&dn=cn%3DLee0Yong%20Lim%2Cou%3DSchool%20of%20Medicine%20and%20Pharmacology%20-%20Pharmacology%5C2C%20Pharmacy%20and%20Anaesthesiology%20Unit%2Cou%3DSchool%20of%20Medicine%20and%20Pharmacology%2Cou%3DFaculty%20of%20Medicine%5C2C%20Dentistry%20and%20Health%20Sciences%2Cou%3DFaculties%2Co%3DThe%20University%20of%20Western%20Australia"
}