[{"begin": 0, "end": 4, "text": "2014", "tokenized_text": "2014", "type": "year", "id": 0}, {"begin": 6, "end": 94, "text": "Tschakert, P., K. Dietrich, K. Tamminga, E. Prins, J. Shaffer, E. Liwenga, and A. Asiedu", "tokenized_text": "Tschakert , P . , K . Dietrich , K . Tamminga , E . Prins , J . Shaffer , E . Liwenga , and A . Asiedu", "type": "authors", "id": 1}, {"begin": 96, "end": 170, "text": "Learning and envisioning under climatic uncertainty: an African experience", "tokenized_text": "Learning and envisioning under climatic uncertainty : an African experience", "type": "title", "id": 2}, {"begin": 172, "end": 196, "text": "Environment and Planning", "tokenized_text": "Environment and Planning", "type": "venue", "id": 3}]