[{"begin": 0, "end": 4, "text": "2014", "tokenized_text": "2014", "type": "year", "id": 0}, {"begin": 6, "end": 37, "text": "Tschakert, P., & L. J. Shaffer.", "tokenized_text": "Tschakert , P . , & L . J . Shaffer .", "type": "authors", "id": 1}, {"begin": 38, "end": 149, "text": "Ingredients for Social-Ecological Resilience, Poverty Traps, and Adaptive Social Protection in Semi-Arid Africa", "tokenized_text": "Ingredients for Social - Ecological Resilience , Poverty Traps , and Adaptive Social Protection in Semi - Arid Africa", "type": "title", "id": 2}, {"begin": 154, "end": 193, "text": "Social-Ecological Systems in Transition", "tokenized_text": "Social - Ecological Systems in Transition", "type": "venue", "id": 3}]