[{"begin": 0, "end": 4, "text": "2012", "tokenized_text": "2012", "type": "authors", "id": 0}, {"begin": 6, "end": 20, "text": "Shaffer, L. J.", "tokenized_text": "Shaffer , L . J .", "type": "authors", "id": 1}, {"begin": 21, "end": 103, "text": "Mobilizing knowledge to build adaptive capacity: lessons from southern Mozambique.", "tokenized_text": "Mobilizing knowledge to build adaptive capacity : lessons from southern Mozambique .", "type": "title", "id": 2}, {"begin": 107, "end": 148, "text": "Climate Change and Threatened Communities", "tokenized_text": "Climate Change and Threatened Communities", "type": "venue", "id": 3}, {"begin": 199, "end": 205, "text": "Taylor", "tokenized_text": "Taylor", "type": "venue", "id": 4}]