[{"begin": 0, "end": 4, "text": "2011", "tokenized_text": "2011", "type": "year", "id": 0}, {"begin": 6, "end": 34, "text": "Shaffer, L. J. and L. Naiene", "tokenized_text": "Shaffer , L . J . and L . Naiene", "type": "authors", "id": 1}, {"begin": 36, "end": 119, "text": "Why analyze mental models of local climate change?: A case from southern Mozambique", "tokenized_text": "Why analyze mental models of local climate change ? : A case from southern Mozambique", "type": "title", "id": 2}, {"begin": 121, "end": 128, "text": "Weather", "tokenized_text": "Weather", "type": "venue", "id": 3}, {"begin": 130, "end": 149, "text": "Climate and Society", "tokenized_text": "Climate and Society", "type": "venue", "id": 4}]