[{"begin": 0, "end": 4, "text": "2010", "tokenized_text": "2010", "type": "year", "id": 0}, {"begin": 6, "end": 19, "text": "Shaffer, L. J", "tokenized_text": "Shaffer , L . J", "type": "authors", "id": 1}, {"begin": 21, "end": 92, "text": "Indigenous fire use to manage savanna landscapes in southern Mozambique", "tokenized_text": "Indigenous fire use to manage savanna landscapes in southern Mozambique", "type": "title", "id": 2}, {"begin": 94, "end": 106, "text": "Fire Ecology", "tokenized_text": "Fire Ecology", "type": "venue", "id": 3}]