{
  "comment": "//leave comments here if needed",
  "contain_publication_list": "T",
  "email": "kdc@stanford.edu",
  "filename": "a962ed4a-995b-45c2-9523-acc34b76d882",
  "info": "T means true, F means False. If no publications, just leave the publication structure unchanged.",
  "is_personal_homepage": "T",
  "name": "K. Dana Chadwick",
  "name_index": [
    {
      "index_in_file": [
        [
          822,
          835
        ]
      ],
      "name_format": "Begin_Last_Full Inside_First_Initial End_Middle_Initial",
      "text": "Silman, M. R."
    },
    {
      "index_in_file": [
        [
          695,
          708
        ],
        [
          1024,
          1037
        ]
      ],
      "name_format": "Begin_Last_Full Inside_First_Initial End_Middle_Initial",
      "text": "Martin, R. E."
    },
    {
      "index_in_file": [
        [
          1354,
          1367
        ]
      ],
      "name_format": "Begin_Last_Full Inside_First_Initial End_Middle_Initial",
      "text": "Colgan, M. S."
    },
    {
      "index_in_file": [
        [
          1806,
          1820
        ]
      ],
      "name_format": "Begin_Last_Full Inside_First_Initial End_Middle_Initial",
      "text": "Ordonez, M. F."
    },
    {
      "index_in_file": [
        [
          667,
          679
        ],
        [
          975,
          987
        ],
        [
          1204,
          1216
        ],
        [
          1482,
          1494
        ]
      ],
      "name_format": "Begin_Last_Full Inside_First_Initial End_Middle_Initial",
      "text": "Asner, G. P."
    },
    {
      "index_in_file": [
        [
          1218,
          1230
        ],
        [
          1496,
          1508
        ]
      ],
      "name_format": "Begin_Last_Full Inside_First_Initial End_Middle_Initial",
      "text": "Clark, J. K."
    },
    {
      "index_in_file": [
        [
          725,
          740
        ]
      ],
      "name_format": "Begin_Last_Full Inside_First_Initial End_Middle_Initial",
      "text": "Anderson, C. B."
    },
    {
      "index_in_file": [
        [
          766,
          781
        ],
        [
          1066,
          1081
        ],
        [
          1257,
          1272
        ],
        [
          1546,
          1561
        ]
      ],
      "name_format": "Begin_Last_Full Inside_First_Initial End_Middle_Initial",
      "text": "Chadwick, K. D."
    },
    {
      "index_in_file": [
        [
          681,
          693
        ],
        [
          989,
          1001
        ],
        [
          1369,
          1381
        ],
        [
          1756,
          1768
        ]
      ],
      "name_format": "Begin_Last_Full Inside_First_Initial End_Middle_Initial",
      "text": "Knapp, D. E."
    },
    {
      "index_in_file": [
        [
          1523,
          1544
        ]
      ],
      "name_format": "Begin_Last_Full Inside_Last_Full Inside_First_Initial End_Middle_Initial",
      "text": "Galindo Garcia, G. A."
    },
    {
      "index_in_file": [
        [
          1733,
          1754
        ]
      ],
      "name_format": "Begin_Last_Full Inside_Last_Full Inside_First_Initial End_Middle_Initial",
      "text": "Yepes Quintero, A. P."
    },
    {
      "index_in_file": [
        [
          1770,
          1790
        ]
      ],
      "name_format": "Begin_Last_Full Inside_Last_Full Inside_First_Initial End_Middle_Initial",
      "text": "Garcia Davila, M. C."
    },
    {
      "index_in_file": [
        [
          1563,
          1589
        ]
      ],
      "name_format": "Begin_Last_Full Inside_Last_Full Inside_First_Initial End_Middle_Initial",
      "text": "Navarrete Encinales, D. A."
    },
    {
      "index_in_file": [
        [
          1709,
          1731
        ]
      ],
      "name_format": "Begin_Last_Full Inside_Last_Full Inside_First_Initial End_Middle_Initial",
      "text": "Phillips Bernal, J. F."
    },
    {
      "index_in_file": [
        [
          1608,
          1630
        ]
      ],
      "name_format": "Begin_Last_Full Inside_Last_Full End_First_Initial",
      "text": "Cabrera Montenegro, E."
    },
    {
      "index_in_file": [
        [
          1676,
          1694
        ]
      ],
      "name_format": "Begin_Last_Full Inside_Last_Full End_First_Initial",
      "text": "von Hildebrand, P."
    },
    {
      "index_in_file": [
        [
          755,
          764
        ]
      ],
      "name_format": "Begin_Last_Full End_First_Initial",
      "text": "Sinca, F."
    },
    {
      "index_in_file": [
        [
          1792,
          1804
        ]
      ],
      "name_format": "Begin_Last_Full End_First_Initial",
      "text": "Jacobson, J."
    },
    {
      "index_in_file": [
        [
          742,
          753
        ],
        [
          962,
          973
        ],
        [
          1232,
          1243
        ],
        [
          1510,
          1521
        ]
      ],
      "name_format": "Begin_Last_Full End_First_Initial",
      "text": "Mascaro, J."
    },
    {
      "index_in_file": [
        [
          1039,
          1051
        ]
      ],
      "name_format": "Begin_Last_Full End_First_Initial",
      "text": "Anderson, C."
    },
    {
      "index_in_file": [
        [
          1308,
          1318
        ],
        [
          1664,
          1674
        ]
      ],
      "name_format": "Begin_Last_Full End_First_Initial",
      "text": "Balaji, A."
    },
    {
      "index_in_file": [
        [
          1591,
          1606
        ]
      ],
      "name_format": "Begin_Last_Full End_First_Initial",
      "text": "Paez-Acosta, G."
    },
    {
      "index_in_file": [
        [
          710,
          723
        ]
      ],
      "name_format": "Begin_Last_Full End_First_Initial",
      "text": "Tupayachi, R."
    },
    {
      "index_in_file": [
        [
          1291,
          1306
        ]
      ],
      "name_format": "Begin_Last_Full End_First_Initial",
      "text": "Rasamoelina, M."
    },
    {
      "index_in_file": [
        [
          1274,
          1289
        ]
      ],
      "name_format": "Begin_Last_Full End_First_Initial",
      "text": "Vieilledent, G."
    },
    {
      "index_in_file": [
        [
          1245,
          1255
        ]
      ],
      "name_format": "Begin_Last_Full End_First_Initial",
      "text": "Vaudry, R."
    },
    {
      "index_in_file": [
        [
          808,
          820
        ]
      ],
      "name_format": "Begin_Last_Full End_First_Initial",
      "text": "Llactayo, W."
    },
    {
      "index_in_file": [
        [
          783,
          794
        ],
        [
          1053,
          1064
        ]
      ],
      "name_format": "Begin_Last_Full End_First_Initial",
      "text": "Higgins, M."
    },
    {
      "index_in_file": [
        [
          1003,
          1022
        ],
        [
          1320,
          1339
        ],
        [
          1632,
          1651
        ]
      ],
      "name_format": "Begin_Last_Full End_First_Initial",
      "text": "Kennedy-Bowdoin, T."
    },
    {
      "index_in_file": [
        [
          796,
          806
        ]
      ],
      "name_format": "Begin_Last_Full End_First_Initial",
      "text": "Farfan, W."
    },
    {
      "index_in_file": [
        [
          1341,
          1352
        ],
        [
          1696,
          1707
        ]
      ],
      "name_format": "Begin_Last_Full End_First_Initial",
      "text": "Maatoug, L."
    },
    {
      "index_in_file": [
        [
          1653,
          1662
        ]
      ],
      "name_format": "Begin_Last_Full End_First_Initial",
      "text": "Duque, A."
    },
    {
      "index_in_file": [
        [
          459,
          472
        ]
      ],
      "name_format": "Begin_First_Full End_Last_Full",
      "text": "Gregory Asner"
    },
    {
      "index_in_file": [
        [
          211,
          227
        ]
      ],
      "name_format": "Begin_First_Initial Inside_Middle_Full End_Last_Full",
      "text": "K. Dana Chadwick"
    },
    {
      "in_email": "BEFORE_AT",
      "index_in_file": [
        [
          307,
          310
        ]
      ],
      "name_format": "Begin_First_Initial_Middle_Initial_Last_Initial",
      "text": "kdc"
    }
  ],
  "publications": [
    {
      "length": 354,
      "line_num": [
        29
      ],
      "start_index_in_file": 506,
      "text": "Targeted carbon conservation at national scales with high-resolution monitoring. Proceedings of the National Academy of Sciences of the United States of America Asner, G. P., Knapp, D. E., Martin, R. E., Tupayachi, R., Anderson, C. B., Mascaro, J., Sinca, F., Chadwick, K. D., Higgins, M., Farfan, W., Llactayo, W., Silman, M. R. 2014; 111 (47): E5016-22"
    },
    {
      "length": 232,
      "line_num": [
        30
      ],
      "start_index_in_file": 861,
      "text": "A Tale of Two \"Forests\": Random Forest Machine Learning Aids Tropical Forest Carbon Mapping PLOS ONE Mascaro, J., Asner, G. P., Knapp, D. E., Kennedy-Bowdoin, T., Martin, R. E., Anderson, C., Higgins, M., Chadwick, K. D. 2014; 9 (1)"
    },
    {
      "length": 300,
      "line_num": [
        31
      ],
      "start_index_in_file": 1094,
      "text": "Human and environmental controls over aboveground carbon storage in Madagascar. Carbon balance and management Asner, G. P., Clark, J. K., Mascaro, J., Vaudry, R., Chadwick, K. D., Vieilledent, G., Rasamoelina, M., Balaji, A., Kennedy-Bowdoin, T., Maatoug, L., Colgan, M. S., Knapp, D. E. 2012; 7: 2-?"
    },
    {
      "length": 448,
      "line_num": [
        32
      ],
      "start_index_in_file": 1395,
      "text": "High-resolution mapping of forest carbon stocks in the Colombian Amazon BIOGEOSCIENCES Asner, G. P., Clark, J. K., Mascaro, J., Galindo Garcia, G. A., Chadwick, K. D., Navarrete Encinales, D. A., Paez-Acosta, G., Cabrera Montenegro, E., Kennedy-Bowdoin, T., Duque, A., Balaji, A., von Hildebrand, P., Maatoug, L., Phillips Bernal, J. F., Yepes Quintero, A. P., Knapp, D. E., Garcia Davila, M. C., Jacobson, J., Ordonez, M. F. 2012; 9 (7): 2683-2696"
    }
  ],
  "url": "https://pangea.stanford.edu/k-dana-chadwick"
}