{
  "comment": "//leave comments here if needed",
  "contain_publication_list": "T",
  "email": "camille.wortman@stonybrook.edu",
  "filename": "87c53c8f-e90f-420e-b83f-25aee9cd23c0",
  "info": "T means true, F means False. If no publications, just leave the publication structure unchanged.",
  "is_personal_homepage": "T",
  "name": "Camille Wortman",
  "name_index": [
    {
      "index_in_file": [
        [
          616,
          631
        ]
      ],
      "name_format": "Begin_First_Full End_Last_Full",
      "text": "Camille Wortman"
    },
    {
      "index_in_file": [
        [
          4584,
          4593
        ]
      ],
      "name_format": "Begin_Last_Full End_First_Initial",
      "text": "Rando, T."
    },
    {
      "index_in_file": [
        [
          3866,
          3874
        ]
      ],
      "name_format": "Begin_Last_Full End_First_Initial",
      "text": "Carr, D."
    },
    {
      "index_in_file": [
        [
          4177,
          4186
        ]
      ],
      "name_format": "Begin_Last_Full End_First_Initial",
      "text": "Barl\u00e9, N."
    },
    {
      "index_in_file": [
        [
          4559,
          4568
        ],
        [
          4705,
          4714
        ]
      ],
      "name_format": "Begin_Last_Full End_First_Initial",
      "text": "Feuer, C."
    },
    {
      "index_in_file": [
        [
          3876,
          3885
        ]
      ],
      "name_format": "Begin_Last_Full End_First_Initial",
      "text": "Nesse, R."
    },
    {
      "index_in_file": [
        [
          4354,
          4366
        ],
        [
          4675,
          4687
        ]
      ],
      "name_format": "Begin_Last_Full End_First_Initial",
      "text": "Pearlman, L."
    },
    {
      "index_in_file": [
        [
          4887,
          4898
        ]
      ],
      "name_format": "Begin_Last_Full End_First_Initial",
      "text": "Boerner, K."
    },
    {
      "index_in_file": [
        [
          4570,
          4580
        ],
        [
          4716,
          4726
        ]
      ],
      "name_format": "Begin_Last_Full End_First_Initial",
      "text": "Farber, C."
    },
    {
      "index_in_file": [
        [
          4037,
          4048
        ]
      ],
      "name_format": "Begin_First_Initial End_Last_Full",
      "text": "J. Norcross"
    },
    {
      "index_in_file": [
        [
          4065,
          4077
        ]
      ],
      "name_format": "Begin_First_Initial End_Last_Full",
      "text": "D. Freedheim"
    },
    {
      "index_in_file": [
        [
          4980,
          4991
        ]
      ],
      "name_format": "Begin_First_Initial End_Last_Full",
      "text": "H. Friedman"
    },
    {
      "index_in_file": [
        [
          4050,
          4062
        ]
      ],
      "name_format": "Begin_First_Initial End_Last_Full",
      "text": "G. VandenBos"
    },
    {
      "index_in_file": [
        [
          4775,
          4784
        ]
      ],
      "name_format": "Begin_First_Initial End_Last_Full",
      "text": "C. Figley"
    },
    {
      "index_in_file": [
        [
          4206,
          4219
        ]
      ],
      "name_format": "Begin_Last_Full Inside_First_Initial End_Middle_Initial",
      "text": "Latack, J. A."
    },
    {
      "index_in_file": [
        [
          3889,
          3903
        ],
        [
          3976,
          3990
        ],
        [
          4188,
          4202
        ],
        [
          4337,
          4351
        ],
        [
          4543,
          4557
        ],
        [
          4689,
          4703
        ],
        [
          4869,
          4883
        ]
      ],
      "name_format": "Begin_Last_Full Inside_First_Initial End_Middle_Initial",
      "text": "Wortman, C. B."
    },
    {
      "index_in_file": [
        [
          4526,
          4541
        ]
      ],
      "name_format": "Begin_Last_Full Inside_First_Initial End_Middle_Initial",
      "text": "Pearlman, L. A."
    },
    {
      "index_in_file": [
        [
          813,
          820
        ],
        [
          1366,
          1373
        ],
        [
          1961,
          1968
        ],
        [
          2555,
          2562
        ],
        [
          2810,
          2817
        ],
        [
          3464,
          3471
        ],
        [
          3633,
          3640
        ]
      ],
      "name_format": "Begin_Last_Full",
      "text": "Wortman"
    },
    {
      "in_email": "Before_At",
      "index_in_file": [
        [
          711,
          726
        ]
      ],
      "name_format": "Begin_First_Full End_Last_Full",
      "text": "camille.wortman"
    }
  ],
  "publications": [
    {
      "length": 99,
      "line_num": [
        57
      ],
      "start_index_in_file": 3866,
      "text": "Carr, D., Nesse, R., & Wortman, C. B. (2006). Spousal bereavement in late life. New York: Springer."
    },
    {
      "length": 200,
      "line_num": [
        59
      ],
      "start_index_in_file": 3976,
      "text": "Wortman, C. B. (in press).  Coping with death and dying.  In J. Norcross, G. VandenBos & D. Freedheim (Eds.).  APA Handbook of Clinical Psychology.  Washington, DC: American Psychological Association."
    },
    {
      "length": 159,
      "line_num": [
        60
      ],
      "start_index_in_file": 4177,
      "text": "Barl\u00e9, N., Wortman, C. B., & Latack, J. A. (in press).  Traumatic bereavement: Basic research and clinical implications.  Journal of Psychotherapy Integration."
    },
    {
      "length": 188,
      "line_num": [
        61
      ],
      "start_index_in_file": 4337,
      "text": "Wortman, C. B. & Pearlman, L. (in press).  Traumatic Bereavement.  In R. A. Neimeyer (Ed.), Techniques of grief therapy: Assessment and Intervention.  New York: Routledge/Taylor & Francis."
    },
    {
      "length": 148,
      "line_num": [
        62
      ],
      "start_index_in_file": 4526,
      "text": "Pearlman, L. A., Wortman, C. B., Feuer, C., Farber, C., & Rando, T. (2014). Traumatic bereavement: A practitioner\u2019s guide. New York: Guilford Press."
    },
    {
      "length": 193,
      "line_num": [
        63
      ],
      "start_index_in_file": 4675,
      "text": "Pearlman, L., Wortman, C. B., Feuer, C., Farber, C., & Rando,T. (2012).  Traumatic bereavement.  In C. Figley (Ed.), Encyclopedia of Trauma (pp. 750-754).  Thousand Oaks, CA: Sage Publications."
    },
    {
      "length": 217,
      "line_num": [
        64
      ],
      "start_index_in_file": 4869,
      "text": "Wortman, C. B., & Boerner, K. (2011). The myths of coping with loss: What the scientific evidence tells us. In H. Friedman (Ed.), Oxford handbook of health psychology (pp. 441- 479). New York: Oxford University Press."
    }
  ],
  "url": "http://www.stonybrook.edu/commcms/psychology/faculty/faculty_bio_pages/cwortman.html"
}