[{"begin": 4, "end": 14, "text": "Coursebook", "tokenized_text": "Coursebook", "type": "authors", "id": 0}, {"begin": 16, "end": 42, "text": "Managing Marketing\nMeek, R", "tokenized_text": "Managing Marketing Meek , R", "type": "title", "id": 1}, {"begin": 56, "end": 57, "text": "F", "tokenized_text": "F", "type": "authors", "id": 2}, {"begin": 73, "end": 77, "text": "2009", "tokenized_text": "2009", "type": "year", "id": 3}, {"begin": 99, "end": 108, "text": "Heinemann", "tokenized_text": "Heinemann", "type": "title", "id": 4}]