[{"begin": 0, "end": 14, "text": "CIM Coursebook", "tokenized_text": "CIM Coursebook", "type": "authors", "id": 0}, {"begin": 21, "end": 56, "text": "Managing Marketing Performance\nMeek", "tokenized_text": "Managing Marketing Performance Meek", "type": "title", "id": 1}, {"begin": 56, "end": 100, "text": ", H.D., Meek, R., Palmer, R., Parkinson, L.K", "tokenized_text": ", H . D . , Meek , R . , Palmer , R . , Parkinson , L . K", "type": "authors", "id": 2}, {"begin": 102, "end": 106, "text": "2008", "tokenized_text": "2008", "type": "year", "id": 3}, {"begin": 128, "end": 137, "text": "Heinemann", "tokenized_text": "Heinemann", "type": "venue", "id": 4}]