[{"begin": 0, "end": 47, "text": "Managing Marketing Performance (CIM Coursebook)", "tokenized_text": "Managing Marketing Performance ( CIM Coursebook )", "type": "title", "id": 0}, {"begin": 48, "end": 96, "text": "Palmer, R., Meek, R., Parkinson, L.K., Meek, H.D", "tokenized_text": "Palmer , R . , Meek , R . , Parkinson , L . K . , Meek , H . D", "type": "authors", "id": 1}, {"begin": 98, "end": 102, "text": "2006", "tokenized_text": "2006", "type": "year", "id": 2}, {"begin": 124, "end": 133, "text": "Heinemann", "tokenized_text": "Heinemann", "type": "title", "id": 3}]