[{"begin": 0, "end": 30, "text": "Managing marketing performance", "tokenized_text": "Managing marketing performance", "type": "title", "id": 0}, {"begin": 31, "end": 35, "text": "2006", "tokenized_text": "2006", "type": "year", "id": 1}, {"begin": 42, "end": 88, "text": "Meek, R., Meek, H., Palmer, R., Parkinson, L.K", "tokenized_text": "Meek , R . , Meek , H . , Palmer , R . , Parkinson , L . K", "type": "authors", "id": 2}, {"begin": 90, "end": 94, "text": "2006", "tokenized_text": "2006", "type": "year", "id": 3}, {"begin": 104, "end": 125, "text": "Butterworth-Heinemann", "tokenized_text": "Butterworth - Heinemann", "type": "title", "id": 4}]