[{"begin": 10, "end": 19, "text": "Marketing", "tokenized_text": "Marketing", "type": "title", "id": 0}, {"begin": 31, "end": 35, "text": "2002", "tokenized_text": "2002", "type": "year", "id": 1}, {"begin": 51, "end": 62, "text": "and Control", "tokenized_text": "and Control", "type": "title", "id": 2}, {"begin": 80, "end": 89, "text": "Meek, R.,", "tokenized_text": "Meek , R . ,", "type": "authors", "id": 3}, {"begin": 101, "end": 105, "text": "2002", "tokenized_text": "2002", "type": "year", "id": 4}]