[{"begin": 0, "end": 53, "text": "International Marketing Strategy\nMeek, R., Meek, H.D.", "tokenized_text": "International Marketing Strategy Meek , R . , Meek , H . D .", "type": "authors", "id": 0}, {"begin": 54, "end": 58, "text": "2001", "tokenized_text": "2001", "type": "year", "id": 1}, {"begin": 68, "end": 95, "text": "FT Knowledge World Business", "tokenized_text": "FT Knowledge World Business", "type": "venue", "id": 2}, {"begin": 96, "end": 105, "text": "Education", "tokenized_text": "Education", "type": "title", "id": 3}]