[{"begin": 0, "end": 51, "text": "Management Information for Marketing Decisions\nMeek", "tokenized_text": "Management Information for Marketing Decisions Meek", "type": "title", "id": 0}, {"begin": 51, "end": 67, "text": ", R., Meek, H.D.", "tokenized_text": ", R . , Meek , H . D .", "type": "authors", "id": 1}, {"begin": 68, "end": 72, "text": "2000", "tokenized_text": "2000", "type": "year", "id": 2}, {"begin": 82, "end": 119, "text": "FT Knowledge World Business Education", "tokenized_text": "FT Knowledge World Business Education", "type": "venue", "id": 3}]