[{"begin": 0, "end": 86, "text": "IT and marketing education: an assessment of its application to student learning\nMeek,", "tokenized_text": "IT and marketing education : an assessment of its application to student learning Meek ,", "type": "title", "id": 0}, {"begin": 87, "end": 100, "text": "R., Meek, H.D", "tokenized_text": "R . , Meek , H . D", "type": "authors", "id": 1}, {"begin": 102, "end": 106, "text": "1998", "tokenized_text": "1998", "type": "year", "id": 2}, {"begin": 111, "end": 118, "text": "ACCOUNT", "tokenized_text": "ACCOUNT", "type": "venue", "id": 3}]