[{"begin": 0, "end": 137, "text": "The pedagogical context of computer assisted learning in marketing education: towards the development of a classification hierarchy\nMeek,", "tokenized_text": "The pedagogical context of computer assisted learning in marketing education : towards the development of a classification hierarchy Meek ,", "type": "title", "id": 0}, {"begin": 138, "end": 152, "text": "H.D., Meek, R.", "tokenized_text": "H . D . , Meek , R .", "type": "authors", "id": 1}, {"begin": 153, "end": 157, "text": "1998", "tokenized_text": "1998", "type": "year", "id": 2}, {"begin": 162, "end": 200, "text": "Academy of Marketing Annual Conference", "tokenized_text": "Academy of Marketing Annual Conference", "type": "venue", "id": 3}]