[{"begin": 0, "end": 62, "text": "Economic simulation models of optimum production periods\nMeek,", "tokenized_text": "Economic simulation models of optimum production periods Meek ,", "type": "title", "id": 0}, {"begin": 63, "end": 80, "text": "R., Kilpatrick, D", "tokenized_text": "R . , Kilpatrick , D", "type": "authors", "id": 1}, {"begin": 82, "end": 86, "text": "1991", "tokenized_text": "1991", "type": "year", "id": 2}, {"begin": 91, "end": 111, "text": "Agricultural Systems", "tokenized_text": "Agricultural Systems", "type": "venue", "id": 3}]