[{"begin": 0, "end": 27, "text": "Gil-Riano, S., Hamilton, V.", "tokenized_text": "Gil - Riano , S . , Hamilton , V .", "type": "authors", "id": 0}, {"begin": 29, "end": 33, "text": "2009", "tokenized_text": "2009", "type": "year", "id": 1}, {"begin": 36, "end": 79, "text": "Editors' Introduction: Epistemic Boundaries", "tokenized_text": "Editors ' Introduction : Epistemic Boundaries", "type": "title", "id": 2}, {"begin": 81, "end": 157, "text": "Spontaneous Generations: A Journal for the History and Philosophy of Science", "tokenized_text": "Spontaneous Generations : A Journal for the History and Philosophy of Science", "type": "venue", "id": 3}]