[{"begin": 0, "end": 13, "text": "Gil-Riano, S.", "tokenized_text": "Gil - Riano , S .", "type": "authors", "id": 0}, {"begin": 15, "end": 19, "text": "2016", "tokenized_text": "2016", "type": "year", "id": 1}, {"begin": 22, "end": 31, "text": "Sociology", "tokenized_text": "Sociology", "type": "title", "id": 2}, {"begin": 36, "end": 46, "text": "Georgina M", "tokenized_text": "Georgina M", "type": "title", "id": 3}, {"begin": 86, "end": 130, "text": "Companion to the History of American Science", "tokenized_text": "Companion to the History of American Science", "type": "venue", "id": 4}]