{
  "comment": "//leave comments here if needed",
  "contain_publication_list": "T",
  "email": "",
  "filename": "22929744-32f3-4ba6-a446-33e42c55a533",
  "info": "T means true, F means False. If no publications, just leave the publication structure unchanged.",
  "is_personal_homepage": "T",
  "name": "Yael Chaver",
  "name_index": [
    {
      "index_in_file": [
        [
          594,
          608
        ]
      ],
      "name_format": "Begin_First_Full End_Last_Full",
      "text": "David Grossman"
    },
    {
      "index_in_file": [
        [
          128,
          139
        ],
        [
          144,
          155
        ]
      ],
      "name_format": "Begin_First_Full End_Last_Full",
      "text": "Yael Chaver"
    }
  ],
  "publications": [
    {
      "length": 68,
      "start_index_in_file": 250,
      "text": "What Must Be Forgotten: The Survival of Yiddish in Zionist Palestine"
    },
    {
      "length": 179,
      "start_index_in_file": 550,
      "text": "\u201cThe End of Language Wanderings? Yiddish in David Grossman\u2019s Ayen Erekh: Ahava  and Aharon Megged\u2019s Foiglman,\u201d Journal of Jewish Identities, Issue 7, No. 1, January 2014, 143-162."
    }
  ],
  "url": "http://jewishstudies.berkeley.edu/people/yael-chaver/"
}