{
  "comment": "//leave comments here if needed",
  "contain_publication_list": "T",
  "email": "rinderle@ecs.umass.edu",
  "filename": "a755db5e-3ab0-4af3-8fce-28a3d258e4a8",
  "info": "T means true, F means False. If no publications, just leave the publication structure unchanged.",
  "is_personal_homepage": "T",
  "name": "James R. Rinderle",
  "name_index": [
    {
      "index_in_file": [
        [
          355,
          372
        ],
        [
          921,
          938
        ],
        [
          2408,
          2425
        ]
      ],
      "name_format": "Begin_First_Full Inside_Middle_Initial End_Last_Full",
      "text": "James R. Rinderle"
    },
    {
      "index_in_file": [
        [
          1480,
          1493
        ]
      ],
      "name_format": "Begin_First_Initial Inside_Middle_Initial End_Last_Full",
      "text": "M.D. Goodrich"
    },
    {
      "index_in_file": [
        [
          2077,
          2088
        ]
      ],
      "name_format": "Begin_First_Initial Inside_Middle_Initial End_Last_Full",
      "text": "S.P. Hoover"
    },
    {
      "index_in_file": [
        [
          1498,
          1511
        ],
        [
          1673,
          1686
        ],
        [
          1869,
          1882
        ],
        [
          2093,
          2106
        ]
      ],
      "name_format": "Begin_First_Initial Inside_Middle_Initial End_Last_Full",
      "text": "J.R. Rinderle"
    }
  ],
  "publications": [
    {
      "length": 192,
      "line_num": [
        77
      ],
      "start_index_in_file": 1480,
      "text": "M.D. Goodrich and J.R. Rinderle, \"An Objective Approach to Design Configuration Selection,\" Proceedings of the ASME Design Theory and Methodology Conference, Sacramento, CA. , September, 1997."
    },
    {
      "length": 195,
      "line_num": [
        78
      ],
      "start_index_in_file": 1673,
      "text": "J.R. Rinderle, \"Using Attribute Grammars to Bridge Conceptual and Parametric Design,\" Fourth International Conference on Artificial Intelligence in Design, Grammatical Design Workshop, June 1996."
    },
    {
      "length": 207,
      "line_num": [
        79
      ],
      "start_index_in_file": 1869,
      "text": "J.R. Rinderle, \"Grammatical Approaches to Engineering Design, Part II: Melding Configuration and Parametric Design Using Attribute Grammars,\" Research in Engineering Design, Vol. 2, No. 3, pp. 137-146, 1990."
    },
    {
      "length": 239,
      "line_num": [
        80
      ],
      "start_index_in_file": 2077,
      "text": "S.P. Hoover and J.R. Rinderle, \"Abstractions, Design Views and Focusing,\" Proceedings of the Sixth ASME Design Theory and Methodology Conference, Minneapolis, September, 1994 (Also accepted for publication in Journal of Mechanical Design)."
    }
  ],
  "url": "http://mie.umass.edu/faculty/james-rinderle"
}