{
  "comment": "//leave comments here if needed",
  "contain_publication_list": "T",
  "email": "dave.wark@physics.ox.ac.uk",
  "filename": "4013135b-80ca-4bf4-8d9b-68b786187d88",
  "info": "T means true, F means False. If no publications, just leave the publication structure unchanged.",
  "is_personal_homepage": "T",
  "name": "David Wark",
  "name_index": [
    {
      "index_in_file": [
        [
          354,
          364
        ],
        [
          365,
          375
        ],
        [
          462,
          472
        ]
      ],
      "name_format": "Begin_First_Full End_Last_Full",
      "text": "David Wark"
    },
    {
      "index_in_file": [
        [
          683,
          688
        ],
        [
          866,
          871
        ]
      ],
      "name_format": "Begin_First_Initial End_Last_Full",
      "text": "K Abe"
    },
    {
      "index_in_file": [
        [
          701,
          709
        ],
        [
          884,
          892
        ]
      ],
      "name_format": "Begin_First_Initial End_Last_Full",
      "text": "H Aihara"
    },
    {
      "index_in_file": [
        [
          690,
          699
        ],
        [
          873,
          882
        ]
      ],
      "name_format": "Begin_First_Initial End_Last_Full",
      "text": "N Abgrall"
    }
  ],
  "publications": [
    {
      "length": 137,
      "line_num": [
        31,
        32,
        33
      ],
      "start_index_in_file": 579,
      "text": "T2K neutrino flux prediction\nPhysical Review D - Particles, Fields, Gravitation and Cosmology 87 (2013)\nK Abe, N Abgrall, H Aihara et al."
    },
    {
      "length": 182,
      "line_num": [
        34,
        35,
        36
      ],
      "start_index_in_file": 717,
      "text": "Measurement of the inclusive nu(mu) charged current cross section on carbon in the near detector of the T...\nPHYSICAL REVIEW D 87 (2013) ARTN 092003\nK Abe, N Abgrall, H Aihara et al."
    },
    {
      "length": 141,
      "line_num": [
        37,
        38,
        39
      ],
      "start_index_in_file": 900,
      "text": "Evidence of electron neutrino appearance in a muon neutrino beam\nPHYSICAL REVIEW D 88 (2013) ARTN 032002\nK4 Abe, N1 Abgrall, H4 Aihara et al."
    },
    {
      "length": 126,
      "line_num": [
        40,
        41,
        42
      ],
      "start_index_in_file": 1042,
      "text": "Measurement of neutrino oscillation parameters from muon neutrino disappearance with an off-axis beam\n(2013)\nT2K Collaboration"
    },
    {
      "length": 147,
      "line_num": [
        43,
        44,
        45
      ],
      "start_index_in_file": 1169,
      "text": "Combined Analysis of all Three Phases of Solar Neutrino Data from the Sudbury Neutrino Observatory\nArXiv (0)\nSNO Collaboration, B Aharmim, SN Ahmed"
    },
    {
      "length": 64,
      "line_num": [
        46,
        47
      ],
      "start_index_in_file": 1317,
      "text": "First muon-neutrino disappearance study with an off-axis beam\n85"
    },
    {
      "length": 91,
      "line_num": [
        48,
        49
      ],
      "start_index_in_file": 1382,
      "text": "Measurements of the T2K neutrino beam properties using the INGRID on-axis near detector\n694"
    },
    {
      "length": 64,
      "line_num": [
        50,
        51
      ],
      "start_index_in_file": 1317,
      "text": "First muon-neutrino disappearance study with an off-axis beam\n85"
    },
    {
      "length": 22,
      "line_num": [
        52,
        53
      ],
      "start_index_in_file": 1539,
      "text": "The T2K experiment\n659"
    },
    {
      "length": 18,
      "line_num": [
        54
      ],
      "start_index_in_file": 1562,
      "text": "The T2K Experiment"
    },
    {
      "length": 99,
      "line_num": [
        55
      ],
      "start_index_in_file": 1581,
      "text": "Indication of Electron Neutrino Appearance from an Accelerator-produced Off-axis Muon Neutrino Beam"
    },
    {
      "length": 103,
      "line_num": [
        56,
        57
      ],
      "start_index_in_file": 1681,
      "text": "Indication of electron neutrino appearance from an accelerator-produced off-axis muon neutrino beam\n107"
    },
    {
      "length": 106,
      "line_num": [
        58,
        59
      ],
      "start_index_in_file": 1785,
      "text": "Low-energy-threshold analysis of the Phase I and Phase II data sets of the Sudbury Neutrino Observatory\n81"
    }
  ],
  "url": "http://www2.physics.ox.ac.uk/contacts/people/warkd"
}