{
  "comment": "//leave comments here if needed",
  "contain_publication_list": "F",
  "email": "dnshah@central.uh.edu",
  "filename": "6117612f-6bf9-4a6c-94ed-72668dd981aa",
  "info": "T means true, F means False. If no publications, just leave the publication structure unchanged.",
  "is_personal_homepage": "T",
  "name": "Dhara N. Shah",
  "name_index": [
    {
      "index_in_file": [
        [
          1116,
          1128
        ]
      ],
      "name_format": "Begin_First_Full End_Last_Full",
      "text": "Divya Varkey"
    },
    {
      "index_in_file": [
        [
          749,
          762
        ]
      ],
      "name_format": "Begin_First_Full End_Last_Full",
      "text": "Jahangir Alam"
    },
    {
      "index_in_file": [
        [
          811,
          828
        ]
      ],
      "name_format": "Begin_First_Full End_Last_Full",
      "text": "Kimberly Birtcher"
    },
    {
      "index_in_file": [
        [
          948,
          963
        ]
      ],
      "name_format": "Begin_First_Full End_Last_Full",
      "text": "Kimberly Nguyen"
    },
    {
      "index_in_file": [
        [
          899,
          917
        ]
      ],
      "name_format": "Begin_First_Full End_Last_Full",
      "text": "Catherine Hatfield"
    },
    {
      "index_in_file": [
        [
          737,
          748
        ]
      ],
      "name_format": "Begin_First_Full End_Last_Full",
      "text": "Kevin Garey"
    },
    {
      "index_in_file": [
        [
          964,
          977
        ]
      ],
      "name_format": "Begin_First_Full End_Last_Full",
      "text": "Nancy Ordonez"
    },
    {
      "index_in_file": [
        [
          1129,
          1142
        ]
      ],
      "name_format": "Begin_First_Full End_Last_Full",
      "text": "David Wallace"
    },
    {
      "index_in_file": [
        [
          829,
          844
        ]
      ],
      "name_format": "Begin_First_Full End_Last_Full",
      "text": "Elizabeth Coyle"
    },
    {
      "index_in_file": [
        [
          1059,
          1074
        ]
      ],
      "name_format": "Begin_First_Full End_Last_Full",
      "text": "Katherine Smith"
    },
    {
      "index_in_file": [
        [
          1032,
          1044
        ]
      ],
      "name_format": "Begin_First_Full End_Last_Full",
      "text": "Lynn Simpson"
    },
    {
      "index_in_file": [
        [
          763,
          773
        ]
      ],
      "name_format": "Begin_First_Full End_Last_Full",
      "text": "Joy Alonzo"
    },
    {
      "index_in_file": [
        [
          301,
          311
        ],
        [
          1006,
          1016
        ],
        [
          1267,
          1277
        ]
      ],
      "name_format": "Begin_First_Full End_Last_Full",
      "text": "Dhara Shah"
    },
    {
      "index_in_file": [
        [
          1045,
          1058
        ]
      ],
      "name_format": "Begin_First_Full End_Last_Full",
      "text": "Andrea Smesny"
    },
    {
      "index_in_file": [
        [
          880,
          898
        ]
      ],
      "name_format": "Begin_First_Full End_Last_Full",
      "text": "Julianna Fernandez"
    },
    {
      "index_in_file": [
        [
          796,
          810
        ]
      ],
      "name_format": "Begin_First_Full End_Last_Full",
      "text": "Nicholas Beyda"
    },
    {
      "index_in_file": [
        [
          1089,
          1100
        ]
      ],
      "name_format": "Begin_First_Full End_Last_Full",
      "text": "Vincent Tam"
    },
    {
      "index_in_file": [
        [
          1101,
          1115
        ]
      ],
      "name_format": "Begin_First_Full End_Last_Full",
      "text": "Meghna Trivedi"
    },
    {
      "index_in_file": [
        [
          978,
          990
        ]
      ],
      "name_format": "Begin_First_Full End_Last_Full",
      "text": "Paige Pitman"
    },
    {
      "index_in_file": [
        [
          991,
          1005
        ]
      ],
      "name_format": "Begin_First_Full End_Last_Full",
      "text": "Randall Prince"
    },
    {
      "index_in_file": [
        [
          918,
          929
        ]
      ],
      "name_format": "Begin_First_Full End_Last_Full",
      "text": "Claire Mach"
    },
    {
      "index_in_file": [
        [
          1075,
          1088
        ]
      ],
      "name_format": "Begin_First_Full End_Last_Full",
      "text": "Amelia Sofjan"
    },
    {
      "index_in_file": [
        [
          845,
          861
        ]
      ],
      "name_format": "Begin_First_Full End_Last_Full",
      "text": "Rustin Crutchley"
    },
    {
      "index_in_file": [
        [
          1017,
          1031
        ]
      ],
      "name_format": "Begin_First_Full End_Last_Full",
      "text": "Jeffrey Sherer"
    },
    {
      "index_in_file": [
        [
          1143,
          1156
        ]
      ],
      "name_format": "Begin_First_Full End_Last_Full",
      "text": "Matthew Wanat"
    },
    {
      "index_in_file": [
        [
          930,
          947
        ]
      ],
      "name_format": "Begin_First_Full End_Last_Full",
      "text": "Santhi Masilamani"
    },
    {
      "index_in_file": [
        [
          774,
          795
        ]
      ],
      "name_format": "Begin_First_Full End_Last_Full",
      "text": "Bernadette Asias-Dinh"
    },
    {
      "index_in_file": [
        [
          1278,
          1291
        ]
      ],
      "name_format": "Begin_First_Full Inside_Middle_Initial End_Last_Full",
      "text": "Dhara N. Shah"
    },
    {
      "index_in_file": [
        [
          862,
          879
        ]
      ],
      "name_format": "Begin_First_Full Inside_Last_Full Inside_Last_Full End_Last_Full",
      "text": "Austin de la Cruz"
    },
    {
      "in_email": "Before_At",
      "index_in_file": [
        [
          1554,
          1560
        ]
      ],
      "name_format": "Begin_First_Initial_Middle_Initial_Last_Full",
      "text": "dnshah"
    }
  ],
  "publications": [
    {
      "text": "COPY_SINGLE_PUBLICATION_HERE"
    },
    {
      "text": "COPY_SINGLE_PUBLICATION_HERE"
    }
  ],
  "url": "http://www.uh.edu/pharmacy/directory-home/pptr-faculty/dhara-shah/index.php"
}