{
  "comment": "//leave comments here if needed",
  "contain_publication_list": "T",
  "email": "kfang@uh.edu",
  "filename": "505819d9-87e7-433f-b624-d5e46491f302",
  "info": "T means true, F means False. If no publications, just leave the publication structure unchanged.",
  "is_personal_homepage": "T",
  "name": "Karen Fang",
  "name_index": [
    {
      "index_in_file": [
        [
          572,
          582
        ],
        [
          785,
          795
        ]
      ],
      "name_format": "Begin_First_Full End_Last_Full",
      "text": "Karen Fang"
    },
    {
      "in_email": "Before_At",
      "index_in_file": [
        [
          916,
          921
        ]
      ],
      "name_format": "Begin_First_Initial_Last_Full",
      "text": "kfang"
    }
  ],
  "publications": [
    {
      "length": 77,
      "start_index_in_file": 1031,
      "text": "Romantic Writing and the Empire of Signs (University of Virginia Press, 2010)"
    },
    {
      "length": 63,
      "start_index_in_file": 1109,
      "text": "John Woo's A Better Tomorrow (Hong Kong University Press, 2004)"
    }
  ],
  "url": "http://www.uh.edu/class/english/people/faculty/fang/index.php"
}