{
  "comment": "//leave comments here if needed",
  "contain_publication_list": "F",
  "email": "A.Todhunter@westernsydney.edu.au",
  "filename": "336b03df-afcb-429c-9e20-28e0337e9041",
  "info": "T means true, F means False. If no publications, just leave the publication structure unchanged.",
  "is_personal_homepage": "T",
  "name": "Alan Todhunter",
  "name_index": [
    {
      "index_in_file": [
        [
          686,
          700
        ]
      ],
      "name_format": "Begin_First_Full End_Last_Full",
      "text": "Alan Todhunter"
    }
  ],
  "publications": [
    {
      "text": "COPY_SINGLE_PUBLICATION_HERE"
    },
    {
      "text": "COPY_SINGLE_PUBLICATION_HERE"
    }
  ],
  "url": "http://www.uws.edu.au/staff_profiles/uws_profiles/mr_alan_todhunter"
}