{
  "comment": "//leave comments here if needed",
  "contain_publication_list": "T",
  "email": "davidg@appliedarchaeology.com.au",
  "filename": "b65b4ea2-2e82-4aa2-bc24-48c2096788c5",
  "info": "T means true, F means False. If no publications, just leave the publication structure unchanged.",
  "is_personal_homepage": "T",
  "name": "David Guilfoyle",
  "name_index": [
    {
      "index_in_file": [
        [
          3021,
          3035
        ]
      ],
      "name_format": "Begin_First_Full End_Last_Full",
      "text": "Vernice Gilles"
    },
    {
      "index_in_file": [
        [
          443,
          458
        ],
        [
          849,
          864
        ]
      ],
      "name_format": "Begin_First_Full End_Last_Full",
      "text": "David Guilfoyle"
    },
    {
      "index_in_file": [
        [
          2534,
          2544
        ]
      ],
      "name_format": "Begin_First_Full End_Last_Full",
      "text": "Burr Neely"
    },
    {
      "index_in_file": [
        [
          4430,
          4445
        ]
      ],
      "name_format": "Begin_First_Full End_Last_Full",
      "text": "Vernice Gillies"
    },
    {
      "index_in_file": [
        [
          3274,
          3290
        ]
      ],
      "name_format": "Begin_First_Full End_Last_Full",
      "text": "Andrew Guilfoyle"
    },
    {
      "index_in_file": [
        [
          4156,
          4171
        ]
      ],
      "name_format": "Begin_First_Full End_Last_Full",
      "text": "Jennifer Milani"
    },
    {
      "index_in_file": [
        [
          3009,
          3019
        ]
      ],
      "name_format": "Begin_First_Full End_Last_Full",
      "text": "Wayne Webb"
    },
    {
      "index_in_file": [
        [
          4835,
          4851
        ]
      ],
      "name_format": "Begin_First_Full End_Last_Full",
      "text": "Catherine Morgan"
    },
    {
      "index_in_file": [
        [
          3296,
          3308
        ]
      ],
      "name_format": "Begin_First_Full End_Last_Full",
      "text": "Doc Reynolds"
    },
    {
      "index_in_file": [
        [
          2995,
          3007
        ]
      ],
      "name_format": "Begin_First_Full End_Last_Full",
      "text": "Bill Bennell"
    },
    {
      "index_in_file": [
        [
          3888,
          3902
        ],
        [
          4385,
          4399
        ]
      ],
      "name_format": "Begin_First_Full End_Last_Full",
      "text": "Myles Mitchell"
    },
    {
      "index_in_file": [
        [
          4401,
          4411
        ]
      ],
      "name_format": "Begin_First_Full End_Last_Full",
      "text": "Cat Morgan"
    },
    {
      "index_in_file": [
        [
          4413,
          4425
        ]
      ],
      "name_format": "Begin_First_Full End_Last_Full",
      "text": "Harley Coyne"
    },
    {
      "index_in_file": [
        [
          3040,
          3054
        ]
      ],
      "name_format": "Begin_First_Full End_Last_Full",
      "text": "Jen Strickland"
    },
    {
      "index_in_file": [
        [
          2725,
          2741
        ]
      ],
      "name_format": "Begin_First_Full Inside_Middle_Initial End_Last_Full",
      "text": "Jonathon C. Horn"
    },
    {
      "index_in_file": [
        [
          2704,
          2723
        ]
      ],
      "name_format": "Begin_First_Full Inside_Middle_Initial End_Last_Full",
      "text": "Richard F. Carrillo"
    },
    {
      "index_in_file": [
        [
          2670,
          2685
        ]
      ],
      "name_format": "Begin_First_Full Inside_Middle_Initial End_Last_Full",
      "text": "Steven G. Baker"
    },
    {
      "index_in_file": [
        [
          2687,
          2702
        ]
      ],
      "name_format": "Begin_First_Full Inside_Middle_Initial End_Last_Full",
      "text": "Bonnie J. Clark"
    },
    {
      "index_in_file": [
        [
          2758,
          2776
        ]
      ],
      "name_format": "Begin_First_Full Inside_Middle_Initial End_Last_Full",
      "text": "David R. Guilfoyle"
    },
    {
      "index_in_file": [
        [
          2651,
          2668
        ]
      ],
      "name_format": "Begin_First_Full Inside_Middle_Initial End_Last_Full",
      "text": "Minette C. Church"
    },
    {
      "index_in_file": [
        [
          2743,
          2756
        ]
      ],
      "name_format": "Begin_First_Full Inside_Middle_Initial End_Last_Full",
      "text": "Carl D. Sp\u00e4th"
    },
    {
      "index_in_file": [
        [
          2512,
          2528
        ]
      ],
      "name_format": "Begin_First_Full Inside_Middle_Initial End_Last_Full",
      "text": "Jonathan C. Horn"
    },
    {
      "index_in_file": [
        [
          2782,
          2799
        ]
      ],
      "name_format": "Begin_First_Initial Inside_Middle_Full End_Last_Full",
      "text": "E. Steve Cassells"
    },
    {
      "index_in_file": [
        [
          5079,
          5097
        ]
      ],
      "name_format": "Begin_First_Full Inside_Middle_Full End_Last_Full",
      "text": "Ron \u201cDoc\u201d Reynolds"
    },
    {
      "index_in_file": [
        [
          4812,
          4830
        ]
      ],
      "name_format": "Begin_Last_Full Inside_First_Full End_First_Full",
      "text": "Reynolds Ron \u2018Doc\u2019"
    },
    {
      "index_in_file": [
        [
          3867,
          3874
        ]
      ],
      "name_format": "Begin_First_Initial End_Last_Full",
      "text": "W. Webb"
    },
    {
      "index_in_file": [
        [
          3876,
          3883
        ]
      ],
      "name_format": "Begin_First_Initial End_Last_Full",
      "text": "T. Webb"
    },
    {
      "index_in_file": [
        [
          1934,
          1953
        ],
        [
          2128,
          2147
        ],
        [
          2317,
          2336
        ],
        [
          2491,
          2510
        ],
        [
          2859,
          2878
        ],
        [
          2974,
          2993
        ],
        [
          3253,
          3272
        ],
        [
          3579,
          3598
        ],
        [
          4791,
          4810
        ],
        [
          5026,
          5045
        ]
      ],
      "name_format": "Begin_Last_Full Inside_First_Full End_Middle_Initial",
      "text": "Guilfoyle, David R."
    },
    {
      "index_in_file": [
        [
          4092,
          4105
        ]
      ],
      "name_format": "Begin_Last_Full End_First_Full",
      "text": "Blandon, Paul"
    },
    {
      "index_in_file": [
        [
          5047,
          5061
        ]
      ],
      "name_format": "Begin_Last_Full End_First_Full",
      "text": "Anderson, Ross"
    },
    {
      "index_in_file": [
        [
          4138,
          4150
        ]
      ],
      "name_format": "Begin_Last_Full End_First_Full",
      "text": "Beale, Alice"
    },
    {
      "index_in_file": [
        [
          4107,
          4118
        ]
      ],
      "name_format": "Begin_Last_Full End_First_Full",
      "text": "Moffat, Ian"
    },
    {
      "index_in_file": [
        [
          5063,
          5074
        ]
      ],
      "name_format": "Begin_Last_Full End_First_Full",
      "text": "Kimber, Tom"
    },
    {
      "index_in_file": [
        [
          3847,
          3863
        ],
        [
          4120,
          4136
        ],
        [
          4367,
          4383
        ]
      ],
      "name_format": "Begin_Last_Full End_First_Full",
      "text": "Guilfoyle, David"
    },
    {
      "index_in_file": [
        [
          764,
          769
        ],
        [
          1412,
          1417
        ],
        [
          1552,
          1557
        ]
      ],
      "name_format": "Begin_First_Full",
      "text": "David"
    },
    {
      "in_email": "Before_At",
      "index_in_file": [
        [
          729,
          735
        ]
      ],
      "name_format": "Begin_First_Full_Last_Initial",
      "text": "davidg"
    }
  ],
  "publications": [
    {
      "length": 192,
      "line_num": [
        43,
        44,
        45
      ],
      "start_index_in_file": 1934,
      "text": "Guilfoyle, David R.\n2004A Model for the Anasazi Pueblo I Period Settlement of Elk Ridge, Southeast Utah. Kiva: the\nJournal of Southwestern Anthropology and History, Volume 70 (No. 2): 122-141."
    },
    {
      "length": 187,
      "line_num": [
        47,
        48
      ],
      "start_index_in_file": 2128,
      "text": "Guilfoyle, David R.\n2005Socializing stone artifact assemblages: Regionalization and raw material availability in northern Queensland. Australian Archaeology, Volume 60 (June 2005): 34-40."
    },
    {
      "length": 172,
      "line_num": [
        50,
        51
      ],
      "start_index_in_file": 2317,
      "text": "Guilfoyle, David R.\n2006Aboriginal Cultural Heritage Regional Studies: an illustrative approach. Cultural Heritage Division, NSW Department of Environment and Conservation."
    },
    {
      "length": 366,
      "line_num": [
        53,
        54,
        55
      ],
      "start_index_in_file": 2491,
      "text": "Guilfoyle, David R., Jonathan C. Horn, and Burr Neely.\n2007 Recreation and Government (Chapters). In Colorado History: A Context for Historical\nArchaeology, by Minette C. Church, Steven G. Baker, Bonnie J. Clark, Richard F. Carrillo, Jonathon C. Horn, Carl D. Sp\u00e4th, David R. Guilfoyle, and E. Steve Cassells. Colorado Council of Professional Archaeologists, Denver."
    },
    {
      "length": 113,
      "line_num": [
        57,
        58
      ],
      "start_index_in_file": 2859,
      "text": "Guilfoyle, David R.\n2008Black Point: Biodiversity and Cultural Heritage Conservation Project. Waves (14) 2: 2008."
    },
    {
      "length": 277,
      "line_num": [
        60,
        61,
        62
      ],
      "start_index_in_file": 2974,
      "text": "Guilfoyle, David R., Bill Bennell, Wayne Webb, Vernice Gilles and Jen Strickland.\n2009 Integrating Natural Resource Management and Indigenous Cultural Heritage: A Model and Case\nStudy from South-western Australia. Heritage Management, Volume 2, Issue 2, Fall 2009, pp. 149\u2013176."
    },
    {
      "length": 324,
      "line_num": [
        64,
        65
      ],
      "start_index_in_file": 3253,
      "text": "Guilfoyle, David R., Andrew Guilfoyle, and Doc Reynolds.\n2009 Participatory Action Research in Cultural Heritage Management for Indigenous Cultural Heritage: The Gabbie Kylie Foundation, Esperance, Western Australia. International Journal of Diversity in Organisations, Communities and Nations, Volume 9, Issue 6, pp.95-118."
    },
    {
      "length": 266,
      "line_num": [
        67,
        68
      ],
      "start_index_in_file": 3579,
      "text": "Guilfoyle, David R.\n2010 Chapter 7: Cultural Heritage and Landscape Protection. In Nerilee Boshammer (ed) Active Awareness in the Southwest: An Education Package for Noongar Culture, Resource and Land-use Studies. Blackwood Basin Group and the Australian Government."
    },
    {
      "length": 243,
      "line_num": [
        70,
        71
      ],
      "start_index_in_file": 3847,
      "text": "Guilfoyle, David R, W. Webb, T. Webb and Myles Mitchell\n2011A Structure and Process for 'Working Beyond the Site\" in a Commercial Context: A Case Study from Dunsborough, Southwest Western Australia. Australian Archaeology 73 (Dec 2011): 25-32."
    },
    {
      "length": 273,
      "line_num": [
        73,
        74
      ],
      "start_index_in_file": 4092,
      "text": "Blandon, Paul, Moffat, Ian, Guilfoyle, David, Beale, Alice, and Jennifer Milani.\n2011Mapping anthropogenic fill with GPR for unmarked grave detection: a case study from a possible location of Mokare\u2019s grave, Albany, Western Australia. Exploration Geophysics, Volume 42 (4)."
    },
    {
      "length": 405,
      "line_num": [
        76,
        77
      ],
      "start_index_in_file": 4367,
      "text": "Guilfoyle, David, Myles Mitchell, Cat Morgan, Harley Coyne and Vernice Gillies.\n2013 (in press) Exploring the Role of Archaeology within Indigenous Natural Resource Management: A Case Study from Western Australia. In S. O'Connor, S. Brockwell and D. Byrne (eds). Transcending the Culture-Nature Divide in Cultural Heritage: Views from the Asia-Pacific Region. Terra Australis No. 36. ANU EPress, Canberra."
    },
    {
      "length": 250,
      "line_num": [
        79,
        80
      ],
      "start_index_in_file": 4774,
      "text": "Myles, Mitchell, Guilfoyle, David R., Reynolds Ron \u2018Doc\u2019 and Catherine Morgan\n2013 Sustainable Indigenous Heritage Management and the Role of Archaeology: A Working Model and Case Study from Western Australia. Heritage & Society, Volume 6 (1): 24-45."
    },
    {
      "length": 357,
      "line_num": [
        82,
        83
      ],
      "start_index_in_file": 5026,
      "text": "Guilfoyle, David R., Anderson, Ross, Kimber, Tom and Ron \u201cDoc\u201d Reynolds.\n2013 (in press) A Community-Based Approach to Documenting and Interpreting the Cultural Seascapes of the Recherche Archipelago, Western Australia. In Tanya King and Gary Robinson (eds) At Home on the Waves: Human habitation of the sea from the Mesolithic to today. Berghahn, New York."
    }
  ],
  "url": "http://www.cenrm.uwa.edu.au/contact/staff?type=profile&dn=cn%3DDavid%20Guilfoyle%2Cou%3DCentre%20of%20Excellence%20in%20Natural%20Resource%20Management%2Cou%3DFaculty%20of%20Science%2Cou%3DFaculties%2Co%3DThe%20University%20of%20Western%20Australia"
}