{
  "comment": "//leave comments here if needed",
  "contain_publication_list": "T",
  "email": "k-galvin@northwestern.edu",
  "filename": "996b2989-5d51-4bd4-9b36-f9760956f8c6",
  "info": "T means true, F means False. If no publications, just leave the publication structure unchanged.",
  "is_personal_homepage": "T",
  "name": "Kathleen M. Galvin",
  "name_index": [
    {
      "index_in_file": [
        [
          161,
          176
        ]
      ],
      "name_format": "Begin_First_Full End_Last_Full",
      "text": "Kathleen Galvin"
    },
    {
      "index_in_file": [
        [
          2915,
          2927
        ],
        [
          3113,
          3125
        ],
        [
          3295,
          3307
        ],
        [
          3526,
          3538
        ],
        [
          3715,
          3727
        ],
        [
          3989,
          4001
        ],
        [
          4165,
          4177
        ],
        [
          4378,
          4390
        ]
      ],
      "name_format": "Begin_Last_Full Inside_First_Initial End_Middle_Initial",
      "text": "Galvin, K.M."
    },
    {
      "index_in_file": [
        [
          3745,
          3757
        ]
      ],
      "name_format": "Begin_Last_Full Inside_First_Initial End_Middle_Initial",
      "text": "Marrow, S.R."
    },
    {
      "index_in_file": [
        [
          2448,
          2459
        ],
        [
          2535,
          2546
        ]
      ],
      "name_format": "Begin_Last_Full End_First_Initial",
      "text": "Brommel, B."
    },
    {
      "index_in_file": [
        [
          3729,
          3742
        ]
      ],
      "name_format": "Begin_Last_Full Inside_First_Initial End_Middle_Initial",
      "text": "Dickson, F.C."
    },
    {
      "index_in_file": [
        [
          1874,
          1885
        ]
      ],
      "name_format": "Begin_Last_Full End_First_Initial",
      "text": "Terrell, J."
    },
    {
      "index_in_file": [
        [
          2018,
          2028
        ],
        [
          2173,
          2183
        ]
      ],
      "name_format": "Begin_Last_Full End_First_Initial",
      "text": "Cooper, P."
    },
    {
      "index_in_file": [
        [
          1861,
          1871
        ],
        [
          2005,
          2015
        ],
        [
          2160,
          2170
        ],
        [
          2357,
          2367
        ],
        [
          2435,
          2445
        ],
        [
          2511,
          2521
        ]
      ],
      "name_format": "Begin_Last_Full End_First_Initial",
      "text": "Galvin, K."
    },
    {
      "index_in_file": [
        [
          2697,
          2710
        ]
      ],
      "name_format": "Begin_Last_Full Inside_First_Initial End_Middle_Initial",
      "text": "Galvin, K. M."
    },
    {
      "index_in_file": [
        [
          3018,
          3024
        ]
      ],
      "name_format": "Begin_First_Initial End_Last_Full",
      "text": "B. Dow"
    },
    {
      "index_in_file": [
        [
          4266,
          4275
        ]
      ],
      "name_format": "Begin_First_Initial End_Last_Full",
      "text": "L. Turner"
    },
    {
      "index_in_file": [
        [
          3378,
          3386
        ]
      ],
      "name_format": "Begin_First_Initial End_Last_Full",
      "text": "K. Floyd"
    },
    {
      "index_in_file": [
        [
          3008,
          3015
        ]
      ],
      "name_format": "Begin_First_Initial End_Last_Full",
      "text": "J. Word"
    },
    {
      "index_in_file": [
        [
          2800,
          2811
        ]
      ],
      "name_format": "Begin_First_Initial Inside_Middle_Initial End_Last_Full",
      "text": "L.H. Turner"
    },
    {
      "index_in_file": [
        [
          4254,
          4262
        ]
      ],
      "name_format": "Begin_First_Initial End_Last_Full",
      "text": "H. Sterk"
    },
    {
      "index_in_file": [
        [
          2814,
          2821
        ]
      ],
      "name_format": "Begin_First_Initial End_Last_Full",
      "text": "R. West"
    },
    {
      "index_in_file": [
        [
          3389,
          3398
        ]
      ],
      "name_format": "Begin_First_Initial End_Last_Full",
      "text": "M. Morman"
    },
    {
      "index_in_file": [
        [
          4238,
          4252
        ]
      ],
      "name_format": "Begin_First_Initial Inside_Middle_Initial End_Last_Full",
      "text": "P.M. Buzzanell"
    },
    {
      "index_in_file": [
        [
          123,
          141
        ],
        [
          142,
          160
        ],
        [
          5354,
          5372
        ]
      ],
      "name_format": "Begin_First_Full Inside_Middle_Initial End_Last_Full",
      "text": "Kathleen M. Galvin"
    }
  ],
  "publications": [
    {
      "length": 143,
      "line_num": [
        29
      ],
      "start_index_in_file": 1861,
      "text": "Galvin, K. & Terrell, J. (2000). Communication works! Communication applications in the workplace. Columbus, OH: Glencoe Press. (Senior Author)"
    },
    {
      "length": 154,
      "line_num": [
        30
      ],
      "start_index_in_file": 2005,
      "text": "Galvin, K. & Cooper, P. (Eds.) (1996, revised 2000, 2003, 2006). Making connections: Readings in relational communication. Los Angeles, CA: Roxbury Press."
    },
    {
      "length": 196,
      "line_num": [
        31
      ],
      "start_index_in_file": 2160,
      "text": "Galvin, K. & Cooper, P. (1987, revised 1994, 1997, 1999, 2004). The basics of speech: Becoming a competent communicator. Lincolnwood, IL: National Textbook Co., plus The basics of speech workbook."
    },
    {
      "length": 77,
      "line_num": [
        32
      ],
      "start_index_in_file": 2357,
      "text": "Galvin, K. (1985). Listening by doing. Lincolnwood, IL: National Textbook Co."
    },
    {
      "length": 233,
      "line_num": [
        33
      ],
      "start_index_in_file": 2435,
      "text": "Galvin, K. & Brommel, B. (1982, revised 1985, 1991, 1996, 1999, 2004, 2007) Galvin, K., Bylund, C & Brommel, B. (2004, 2007). Family communication: Cohesion and change. New York: Allyn & Bacon, plus Teacher's Manual. (Senior Author)."
    },
    {
      "length": 217,
      "line_num": [
        35
      ],
      "start_index_in_file": 2697,
      "text": "Galvin, K. M. (2006). Diversity's impact on defining the family: Discourse-dependence and identity. In L.H. Turner & R. West (Eds.), The family communication sourcebook (pp. 3-20) Thousand Oaks, CA: Sage Publications."
    },
    {
      "length": 197,
      "line_num": [
        36
      ],
      "start_index_in_file": 2915,
      "text": "Galvin, K.M. (2006). Gender and family interaction: Dress rehearsal for an improvisation? In J. Word & B. Dow, Handbook on gender and communication (pp. 41-55) Thousand Oaks, CA: Sage Publications."
    },
    {
      "length": 181,
      "line_num": [
        37
      ],
      "start_index_in_file": 3113,
      "text": "Galvin, K.M. (2006). Genetic health and family interaction: Who, what, when and how to tell. In Family Focus on... the Future. National Council on Family Relations Report, December."
    },
    {
      "length": 230,
      "line_num": [
        38
      ],
      "start_index_in_file": 3295,
      "text": "Galvin, K.M. (2005). Joined by hearts and words: Adoptive family relationships. In K. Floyd & M. Morman (Eds.), Widening the family circle: New research on family communication. (pp. 135-152). Thousand Oaks, CA: Sage Publications."
    },
    {
      "length": 188,
      "line_num": [
        39
      ],
      "start_index_in_file": 3526,
      "text": "Galvin, K.M. (2005). Diversity's legacy: The rise of discourse-dependent families. In Family Focus on... Multiple Meanings of Family. National Council on Family Relations Report, December."
    },
    {
      "length": 273,
      "line_num": [
        40
      ],
      "start_index_in_file": 3715,
      "text": "Galvin, K.M., Dickson, F.C. & Marrow, S.R. (2005). Systems theory: Patterns and (w)holes in family communication. In D. Braithwaite & L. A. Baxter (Eds.), Engaging theories in family communication: Multiple perspectives. (pp. 309-324). Thousand Oaks, CA: Sage Publications."
    },
    {
      "length": 175,
      "line_num": [
        41
      ],
      "start_index_in_file": 3989,
      "text": "Galvin, K.M. (2004). The family of the future: What do we face? In A.Vangelisti (Ed.), Handbook of family communication (pp. 675-697). Mahwah, NJ: Lawrence Erlbaum Associates."
    },
    {
      "length": 212,
      "line_num": [
        42
      ],
      "start_index_in_file": 4165,
      "text": "Galvin, K.M. (2004). The pastiche of gender and family communication. In P.M. Buzzanell, H. Sterk, & L. Turner (Eds.), Gender in applied communication contexts (pp. 311-316). Thousand Oaks, CA: Sage Publications."
    },
    {
      "length": 134,
      "line_num": [
        43
      ],
      "start_index_in_file": 4378,
      "text": "Galvin, K.M. (2003). International/Transracial adoption: A communication research agenda. Journal of Family Communication, 3, 237-253."
    }
  ],
  "url": "http://www.communication.northwestern.edu/faculty/KathleenGalvin"
}