{
  "comment": "//leave comments here if needed",
  "contain_publication_list": "T",
  "email": "pjlein@ucdavis.edu",
  "filename": "685ab532-15e3-4be3-a9cd-06f6e86daecb",
  "info": "T means true, F means False. If no publications, just leave the publication structure unchanged.",
  "is_personal_homepage": "T",
  "name": "Pamela J Lein",
  "name_index": [
    {
      "index_in_file": [
        [
          352,
          365
        ]
      ],
      "name_format": "Begin_First_Full Inside_Middle_Initial End_Last_Full",
      "text": "Pamela J Lein"
    },
    {
      "index_in_file": [
        [
          3383,
          3391
        ]
      ],
      "name_format": "Begin_Last_Full End_First_Initial_Middle_Initial",
      "text": "McCoy MR"
    },
    {
      "index_in_file": [
        [
          3335,
          3346
        ],
        [
          5002,
          5013
        ]
      ],
      "name_format": "Begin_Last_Full End_First_Initial_Middle_Initial",
      "text": "Flannery BM"
    },
    {
      "index_in_file": [
        [
          3728,
          3738
        ]
      ],
      "name_format": "Begin_Last_Full End_First_Initial_Middle_Initial",
      "text": "Crofton KM"
    },
    {
      "index_in_file": [
        [
          3750,
          3759
        ]
      ],
      "name_format": "Begin_Last_Full End_First_Initial",
      "text": "Sachana M"
    },
    {
      "index_in_file": [
        [
          4008,
          4013
        ]
      ],
      "name_format": "Begin_Last_Full End_First_Initial",
      "text": "Cao Z"
    },
    {
      "index_in_file": [
        [
          4506,
          4515
        ]
      ],
      "name_format": "Begin_Last_Full End_First_Initial",
      "text": "Farahat T"
    },
    {
      "index_in_file": [
        [
          3740,
          3748
        ]
      ],
      "name_format": "Begin_Last_Full End_First_Initial",
      "text": "Shafer T"
    },
    {
      "index_in_file": [
        [
          4806,
          4812
        ],
        [
          5647,
          5653
        ]
      ],
      "name_format": "Begin_Last_Full End_First_Initial",
      "text": "Yang D"
    },
    {
      "index_in_file": [
        [
          4517,
          4526
        ]
      ],
      "name_format": "Begin_Last_Full End_First_Initial_Middle_Initial",
      "text": "Bonner MR"
    },
    {
      "index_in_file": [
        [
          3362,
          3370
        ],
        [
          5057,
          5065
        ]
      ],
      "name_format": "Begin_Last_Full End_First_Initial_Middle_Initial",
      "text": "Bruun DA"
    },
    {
      "index_in_file": [
        [
          5634,
          5645
        ]
      ],
      "name_format": "Begin_Last_Full End_First_Initial_Middle_Initial",
      "text": "Rogawski MA"
    },
    {
      "index_in_file": [
        [
          4479,
          4492
        ]
      ],
      "name_format": "Begin_Last_Full End_First_Initial_Middle_Initial",
      "text": "McGarrigle BP"
    },
    {
      "index_in_file": [
        [
          5420,
          5434
        ]
      ],
      "name_format": "Begin_Last_Full End_First_Initial",
      "text": "Kania-Korwel I"
    },
    {
      "index_in_file": [
        [
          3761,
          3767
        ]
      ],
      "name_format": "Begin_Last_Full End_First_Initial",
      "text": "Behl M"
    },
    {
      "index_in_file": [
        [
          3864,
          3879
        ]
      ],
      "name_format": "Begin_Last_Full End_First_Initial",
      "text": "Schrattenholz A"
    },
    {
      "index_in_file": [
        [
          3904,
          3912
        ]
      ],
      "name_format": "Begin_Last_Full End_First_Initial",
      "text": "Whelan M"
    },
    {
      "index_in_file": [
        [
          4059,
          4068
        ],
        [
          6419,
          6428
        ]
      ],
      "name_format": "Begin_Last_Full End_First_Initial_Middle_Initial",
      "text": "Pessah IN"
    },
    {
      "index_in_file": [
        [
          3348,
          3360
        ]
      ],
      "name_format": "Begin_Last_Full End_First_Initial_Middle_Initial",
      "text": "Silverman JL"
    },
    {
      "index_in_file": [
        [
          4528,
          4537
        ]
      ],
      "name_format": "Begin_Last_Full End_First_Initial_Middle_Initial",
      "text": "Fenske RA"
    },
    {
      "index_in_file": [
        [
          3372,
          3381
        ]
      ],
      "name_format": "Begin_Last_Full End_First_Initial_Middle_Initial",
      "text": "Puhger KR"
    },
    {
      "index_in_file": [
        [
          3405,
          3415
        ]
      ],
      "name_format": "Begin_Last_Full End_First_Initial_Middle_Initial",
      "text": "Crawley JN"
    },
    {
      "index_in_file": [
        [
          4029,
          4039
        ]
      ],
      "name_format": "Begin_Last_Full End_First_Initial",
      "text": "Hulsizer S"
    },
    {
      "index_in_file": [
        [
          4494,
          4504
        ]
      ],
      "name_format": "Begin_Last_Full End_First_Initial_Middle_Initial",
      "text": "Farahat FM"
    },
    {
      "index_in_file": [
        [
          4445,
          4457
        ]
      ],
      "name_format": "Begin_Last_Full End_First_Initial_Middle_Initial",
      "text": "Singleton ST"
    },
    {
      "index_in_file": [
        [
          4786,
          4792
        ]
      ],
      "name_format": "Begin_Last_Full End_First_Initial",
      "text": "Chen H"
    },
    {
      "index_in_file": [
        [
          3544,
          3548
        ],
        [
          5414,
          5418
        ]
      ],
      "name_format": "Begin_Last_Full End_First_Initial",
      "text": "Wu X"
    },
    {
      "index_in_file": [
        [
          5015,
          5025
        ]
      ],
      "name_format": "Begin_Last_Full End_First_Initial",
      "text": "Brignolo L"
    },
    {
      "index_in_file": [
        [
          4211,
          4222
        ]
      ],
      "name_format": "Begin_Last_Full End_First_Initial_Middle_Initial_Middle_Initial",
      "text": "Grodzki ACG"
    },
    {
      "index_in_file": [
        [
          6180,
          6188
        ]
      ],
      "name_format": "Begin_Last_Full End_First_Initial_Middle_Initial",
      "text": "Harry GJ"
    },
    {
      "index_in_file": [
        [
          4774,
          4784
        ]
      ],
      "name_format": "Begin_Last_Full End_First_Initial_Middle_Initial",
      "text": "Harrill JA"
    },
    {
      "index_in_file": [
        [
          5046,
          5055
        ]
      ],
      "name_format": "Begin_Last_Full End_First_Initial_Middle_Initial",
      "text": "Austin AT"
    },
    {
      "index_in_file": [
        [
          3715,
          3726
        ]
      ],
      "name_format": "Begin_Last_Full End_First_Initial",
      "text": "Bal-Price A"
    },
    {
      "index_in_file": [
        [
          3793,
          3805
        ]
      ],
      "name_format": "Begin_Last_Full End_First_Initial",
      "text": "Landesmann B"
    },
    {
      "index_in_file": [
        [
          3393,
          3403
        ]
      ],
      "name_format": "Begin_Last_Full End_First_Initial_Middle_Initial",
      "text": "Hammock BD"
    },
    {
      "index_in_file": [
        [
          5918,
          5927
        ]
      ],
      "name_format": "Begin_Last_Full End_First_Initial_Middle_Initial",
      "text": "Miller MW"
    },
    {
      "index_in_file": [
        [
          3914,
          3924
        ]
      ],
      "name_format": "Begin_Last_Full End_First_Initial",
      "text": "Fritsche E"
    },
    {
      "index_in_file": [
        [
          4794,
          4804
        ]
      ],
      "name_format": "Begin_Last_Full End_First_Initial",
      "text": "Streifel K"
    },
    {
      "index_in_file": [
        [
          5779,
          5789
        ]
      ],
      "name_format": "Begin_Last_Full End_First_Initial_Middle_Initial",
      "text": "Spencer PS"
    },
    {
      "index_in_file": [
        [
          3779,
          3791
        ]
      ],
      "name_format": "Begin_Last_Full End_First_Initial",
      "text": "Hargreaves A"
    },
    {
      "index_in_file": [
        [
          4022,
          4027
        ]
      ],
      "name_format": "Begin_Last_Full End_First_Initial",
      "text": "Cui Y"
    },
    {
      "index_in_file": [
        [
          4050,
          4057
        ]
      ],
      "name_format": "Begin_Last_Full End_First_Initial",
      "text": "Wulff H"
    },
    {
      "index_in_file": [
        [
          5027,
          5034
        ]
      ],
      "name_format": "Begin_Last_Full End_First_Initial_Middle_Initial",
      "text": "Imai DM"
    },
    {
      "index_in_file": [
        [
          4224,
          4231
        ]
      ],
      "name_format": "Begin_Last_Full End_First_Initial",
      "text": "Poola B"
    },
    {
      "index_in_file": [
        [
          3881,
          3888
        ]
      ],
      "name_format": "Begin_Last_Full End_First_Initial",
      "text": "Su\u00f1ol C"
    },
    {
      "index_in_file": [
        [
          4247,
          4255
        ]
      ],
      "name_format": "Begin_Last_Full End_First_Initial_Middle_Initial",
      "text": "Nantz MH"
    },
    {
      "index_in_file": [
        [
          5624,
          5632
        ]
      ],
      "name_format": "Begin_Last_Full End_First_Initial_Middle_Initial",
      "text": "Banks CN"
    },
    {
      "index_in_file": [
        [
          4539,
          4547
        ]
      ],
      "name_format": "Begin_Last_Full End_First_Initial",
      "text": "Galvin K"
    },
    {
      "index_in_file": [
        [
          5067,
          5078
        ]
      ],
      "name_format": "Begin_Last_Full End_First_Initial_Middle_Initial",
      "text": "Tancredi DJ"
    },
    {
      "index_in_file": [
        [
          5266,
          5276
        ]
      ],
      "name_format": "Begin_Last_Full End_First_Initial",
      "text": "Puschner B"
    },
    {
      "index_in_file": [
        [
          4266,
          4274
        ]
      ],
      "name_format": "Begin_Last_Full End_First_Initial_Middle_Initial",
      "text": "Gorin FA"
    },
    {
      "index_in_file": [
        [
          5036,
          5044
        ]
      ],
      "name_format": "Begin_Last_Full End_First_Initial",
      "text": "Koehne A"
    },
    {
      "index_in_file": [
        [
          4468,
          4477
        ]
      ],
      "name_format": "Begin_Last_Full End_First_Initial_Middle_Initial",
      "text": "Dadson OA"
    },
    {
      "index_in_file": [
        [
          4583,
          4591
        ]
      ],
      "name_format": "Begin_Last_Full End_First_Initial_Middle_Initial",
      "text": "Olson JR"
    },
    {
      "index_in_file": [
        [
          3572,
          3582
        ],
        [
          5436,
          5446
        ]
      ],
      "name_format": "Begin_Last_Full End_First_Initial_Middle_Initial",
      "text": "Lehmler HJ"
    },
    {
      "index_in_file": [
        [
          4814,
          4822
        ]
      ],
      "name_format": "Begin_Last_Full End_First_Initial_Middle_Initial",
      "text": "Mundy WR"
    },
    {
      "index_in_file": [
        [
          3417,
          3424
        ],
        [
          3563,
          3570
        ],
        [
          3807,
          3814
        ],
        [
          4041,
          4048
        ],
        [
          4257,
          4264
        ],
        [
          4459,
          4466
        ],
        [
          4824,
          4831
        ],
        [
          5080,
          5087
        ],
        [
          5257,
          5264
        ],
        [
          5448,
          5455
        ],
        [
          5655,
          5662
        ],
        [
          5791,
          5798
        ],
        [
          5909,
          5916
        ],
        [
          6190,
          6197
        ],
        [
          6397,
          6404
        ]
      ],
      "name_format": "Begin_Last_Full End_First_Initial_Middle_Initial",
      "text": "Lein PJ"
    },
    {
      "index_in_file": [
        [
          3845,
          3852
        ]
      ],
      "name_format": "Begin_Last_Full End_First_Initial",
      "text": "Paini A"
    },
    {
      "index_in_file": [
        [
          4561,
          4569
        ]
      ],
      "name_format": "Begin_Last_Full End_First_Initial_Middle_Initial",
      "text": "Anger WK"
    },
    {
      "index_in_file": [
        [
          5404,
          5412
        ]
      ],
      "name_format": "Begin_Last_Full End_First_Initial",
      "text": "Stamou M"
    },
    {
      "index_in_file": [
        [
          4992,
          5000
        ]
      ],
      "name_format": "Begin_Last_Full End_First_Initial_Middle_Initial",
      "text": "Levoe SN"
    },
    {
      "index_in_file": [
        [
          3816,
          3825
        ]
      ],
      "name_format": "Begin_Last_Full End_First_Initial",
      "text": "Louisse J"
    },
    {
      "index_in_file": [
        [
          4233,
          4245
        ]
      ],
      "name_format": "Begin_Last_Full End_First_Initial",
      "text": "Pasupuleti N"
    },
    {
      "index_in_file": [
        [
          4549,
          4559
        ]
      ],
      "name_format": "Begin_Last_Full End_First_Initial_Middle_Initial",
      "text": "Laserev MR"
    },
    {
      "index_in_file": [
        [
          3550,
          3561
        ],
        [
          6406,
          6417
        ]
      ],
      "name_format": "Begin_Last_Full End_First_Initial_Middle_Initial",
      "text": "Barnhart CD"
    },
    {
      "index_in_file": [
        [
          3854,
          3862
        ]
      ],
      "name_format": "Begin_Last_Full End_First_Initial",
      "text": "Rolaki A"
    },
    {
      "index_in_file": [
        [
          3769,
          3777
        ]
      ],
      "name_format": "Begin_Last_Full End_First_Initial",
      "text": "Forsby A"
    },
    {
      "index_in_file": [
        [
          4571,
          4581
        ]
      ],
      "name_format": "Begin_Last_Full End_First_Initial_Middle_Initial",
      "text": "Rohlman DS"
    },
    {
      "index_in_file": [
        [
          4015,
          4020
        ]
      ],
      "name_format": "Begin_Last_Full End_First_Initial",
      "text": "Zou X"
    },
    {
      "index_in_file": [
        [
          5247,
          5255
        ]
      ],
      "name_format": "Begin_Last_Full End_First_Initial_Middle_Initial",
      "text": "Moore CE"
    },
    {
      "index_in_file": [
        [
          5898,
          5907
        ]
      ],
      "name_format": "Begin_Last_Full End_First_Initial_Middle_Initial",
      "text": "Mooney SM"
    },
    {
      "index_in_file": [
        [
          3890,
          3902
        ]
      ],
      "name_format": "Begin_Last_Full Inside_Last_Full End_First_Initial",
      "text": "Van Thriel C"
    },
    {
      "in_email": "Before_At",
      "index_in_file": [
        [
          474,
          480
        ]
      ],
      "name_format": "Begin_First_Initial_Middle_Initial_Last_Full",
      "text": "pjlein"
    }
  ],
  "publications": [
    {
      "length": 208,
      "line_num": [
        62
      ],
      "start_index_in_file": 3330,
      "text": "2015 Flannery BM, Silverman JL, Bruun DA, Puhger KR, McCoy MR, Hammock BD, Crawley JN, Lein PJ Behavioral assessment of NIH Swiss mice acutely intoxicated with tetramethylenedisulfotetramine Neurotox Teratol,"
    },
    {
      "length": 170,
      "line_num": [
        63
      ],
      "start_index_in_file": 3539,
      "text": "2015 Wu X, Barnhart CD, Lein PJ, Lehmler HJ Hepatic metabolism affects the atropselective disposition of 2,2',3,3'6,6'-hexachlorobiphenyl (PCB 136) in mice Env Sci Tech ,"
    },
    {
      "length": 292,
      "line_num": [
        64
      ],
      "start_index_in_file": 3710,
      "text": "2015 Bal-Price A, Crofton KM, Shafer T, Sachana M, Behl M, Forsby A, Hargreaves A, Landesmann B, Lein PJ, Louisse J, Monnet-Tschudi F, Paini A, Rolaki A, Schrattenholz A, Su\u00f1ol C, Van Thriel C, Whelan M, Fritsche E Putative Adverse Outcome Pathways Relevant to Neurotoxicity Crit Rev Toxicol,"
    },
    {
      "length": 202,
      "line_num": [
        65
      ],
      "start_index_in_file": 4003,
      "text": "2015 Cao Z, Zou X, Cui Y, Hulsizer S, Lein PJ, Wulff H, Pessah IN A comparison of how seizurogenic agents and protectants influence Ca2+ dynamics in primary hippocampal neuronal network Molec Pharmacol,"
    },
    {
      "length": 233,
      "line_num": [
        66
      ],
      "start_index_in_file": 4206,
      "text": "2015 Grodzki ACG, Poola B, Pasupuleti N, Nantz MH, Lein PJ, Gorin FA A novel carboline derivative inhibits nitric oxide formation in macrophages independent of effects on TNF&[alpha] and IL-1&[beta] expression J Pharmacol Exp Therap,"
    },
    {
      "length": 328,
      "line_num": [
        67
      ],
      "start_index_in_file": 4440,
      "text": "2015 Singleton ST, Lein PJ, Dadson OA, McGarrigle BP, Farahat FM, Farahat T, Bonner MR, Fenske RA, Galvin K, Laserev MR, Anger WK, Rohlman DS, Olson JR Longitudinal assessment of occupational exposures to the organophosphorous insecticides chlorpyrifos and profenofos in Egyptian cotton field workers Intl J Hyg Environ Health ,"
    },
    {
      "length": 217,
      "line_num": [
        68
      ],
      "start_index_in_file": 4769,
      "text": "2015 Harrill JA, Chen H, Streifel K, Yang D, Mundy WR, Lein PJ Ontogeny of biochemical, morphological and functional parameters of synaptogenesis in primary cultures of rat hippocampal and cortical cells Molec Brain ,"
    },
    {
      "length": 254,
      "line_num": [
        69
      ],
      "start_index_in_file": 4987,
      "text": "2014 Levoe SN, Flannery BM, Brignolo L, Imai DM, Koehne A, Austin AT, Bruun DA, Tancredi DJ, Lein PJ Factors influencing adverse skin responses in rats receiving repeated subcutaneous injections and potential impact on neurobehavior Current Neurobiology,"
    },
    {
      "length": 156,
      "line_num": [
        70
      ],
      "start_index_in_file": 5242,
      "text": "2014 Moore CE, Lein PJ, Puschner B Microcystins alter chemotactic behavior in Caenorhabditis elegans by selectively targeting the AWA sensory neuron Toxins,"
    },
    {
      "length": 191,
      "line_num": [
        71
      ],
      "start_index_in_file": 5399,
      "text": "2014 Stamou M, Wu X, Kania-Korwel I, Lehmler HJ, Lein PJ Cytochrome p450 mRNA expression in the rodent brain: species-, sex-, and region-dependent differences Drug Metabolism and Disposition,"
    },
    {
      "length": 154,
      "line_num": [
        73
      ],
      "start_index_in_file": 5619,
      "text": "2014 Banks CN, Rogawski MA, Yang D, Lein PJ: Tetramethylenedisulfotetramine, P Wexler, (ed), Encyclopedia of Toxicology, 3rd edition, Oxford, UK. 509-511."
    },
    {
      "length": 118,
      "line_num": [
        74
      ],
      "start_index_in_file": 5774,
      "text": "2014 Spencer PS, Lein PJ: Neurotoxicity, P Wexler, (ed), Encyclopedia of Toxicology, 3rd edition, Oxford, UK. 521-537."
    },
    {
      "length": 281,
      "line_num": [
        75
      ],
      "start_index_in_file": 5893,
      "text": "2013 Mooney SM, Lein PJ, Miller MW: Fetal alcohol spectrum disorder: targeted effects of ethanol on cell proliferation and survival, Rubenstein J, Rakic P, (ed), Comprehensive Developmental Neuroscience: Neural Circuit Development and Function in the Brain, San Diego, CA. 521-538."
    },
    {
      "length": 216,
      "line_num": [
        76
      ],
      "start_index_in_file": 6175,
      "text": "2012 Harry GJ, Lein PJ: Developmental neurotoxicity of dioxins, A Schecter, (ed), Dioxins and Health, Including Other Persistent Organic Pollutants and Endocrine Disruptors, 3rd edition, Hoboken, New Jersey. 193-228."
    },
    {
      "length": 222,
      "line_num": [
        77
      ],
      "start_index_in_file": 6392,
      "text": "2011 Lein PJ, Barnhart CD, Pessah IN: Acute hippocampal slice preparations and hippocampal slice cultures, LG Costa, G Giordano and M Guizzetti, (ed), In Vitro Neurotoxicology: Methods and Protocols, New York, NY. 115-134."
    }
  ],
  "url": "http://www.vetmed.ucdavis.edu/faculty/results.cfm?fid=19369"
}