{
  "comment": "//leave comments here if needed",
  "contain_publication_list": "T",
  "email": "konrad.krysiak@unimelb.edu.au",
  "filename": "5b03cc8a-8aed-483e-81e2-d0173efe160d",
  "info": "T means true, F means False. If no publications, just leave the publication structure unchanged.",
  "is_personal_homepage": "T",
  "name": "Konrad Krysiak-Baltyn",
  "name_index": [
    {
      "index_in_file": [
        [
          66,
          87
        ],
        [
          103,
          124
        ]
      ],
      "name_format": "Begin_First_Full End_Last_Full",
      "text": "Konrad Krysiak-Baltyn"
    },
    {
      "index_in_file": [
        [
          1422,
          1432
        ]
      ],
      "name_format": "Begin_First_Full End_Last_Full",
      "text": "Sally Gras"
    },
    {
      "index_in_file": [
        [
          2716,
          2726
        ]
      ],
      "name_format": "Begin_Last_Full End_First_Initial_Middle_Initial",
      "text": "Schramm KW"
    },
    {
      "index_in_file": [
        [
          2750,
          2761
        ],
        [
          3102,
          3113
        ]
      ],
      "name_format": "Begin_Last_Full End_First_Initial",
      "text": "Kiviranta H"
    },
    {
      "index_in_file": [
        [
          1859,
          1865
        ],
        [
          2079,
          2085
        ],
        [
          2271,
          2277
        ]
      ],
      "name_format": "Begin_Last_Full End_First_Initial",
      "text": "Gras S"
    },
    {
      "index_in_file": [
        [
          1808,
          1824
        ],
        [
          2028,
          2044
        ],
        [
          2220,
          2236
        ],
        [
          2435,
          2451
        ],
        [
          2648,
          2664
        ],
        [
          3004,
          3020
        ],
        [
          3367,
          3383
        ]
      ],
      "name_format": "Begin_Last_Full End_First_Initial",
      "text": "Krysiak-Baltyn K"
    },
    {
      "index_in_file": [
        [
          2677,
          2690
        ]
      ],
      "name_format": "Begin_Last_Full End_First_Initial_Middle_Initial",
      "text": "Skakkebaek NE"
    },
    {
      "index_in_file": [
        [
          3033,
          3044
        ]
      ],
      "name_format": "Begin_Last_Full End_First_Initial",
      "text": "Skakkeb\u00c6k N"
    },
    {
      "index_in_file": [
        [
          2484,
          2495
        ]
      ],
      "name_format": "Begin_Last_Full End_First_Initial",
      "text": "J\u00d8rgensen N"
    },
    {
      "index_in_file": [
        [
          2210,
          2218
        ]
      ],
      "name_format": "Begin_Last_Full End_First_Initial",
      "text": "Burger W"
    },
    {
      "index_in_file": [
        [
          3137,
          3143
        ]
      ],
      "name_format": "Begin_Last_Full End_First_Initial",
      "text": "Main K"
    },
    {
      "index_in_file": [
        [
          2473,
          2482
        ],
        [
          2776,
          2785
        ],
        [
          3331,
          3340
        ]
      ],
      "name_format": "Begin_Last_Full End_First_Initial",
      "text": "Audouze K"
    },
    {
      "index_in_file": [
        [
          1826,
          1834
        ],
        [
          2046,
          2054
        ],
        [
          2248,
          2256
        ]
      ],
      "name_format": "Begin_Last_Full End_First_Initial",
      "text": "Martin G"
    },
    {
      "index_in_file": [
        [
          2797,
          2804
        ]
      ],
      "name_format": "Begin_Last_Full End_First_Initial_Middle_Initial",
      "text": "Main KM"
    },
    {
      "index_in_file": [
        [
          3068,
          3077
        ]
      ],
      "name_format": "Begin_Last_Full End_First_Initial",
      "text": "Schramm K"
    },
    {
      "index_in_file": [
        [
          3056,
          3066
        ]
      ],
      "name_format": "Begin_Last_Full End_First_Initial",
      "text": "Virtanen H"
    },
    {
      "index_in_file": [
        [
          2763,
          2774
        ],
        [
          3397,
          3408
        ]
      ],
      "name_format": "Begin_Last_Full End_First_Initial",
      "text": "Taboureau O"
    },
    {
      "index_in_file": [
        [
          1849,
          1857
        ],
        [
          2069,
          2077
        ],
        [
          2238,
          2246
        ]
      ],
      "name_format": "Begin_Last_Full End_First_Initial",
      "text": "Scales P"
    },
    {
      "index_in_file": [
        [
          2703,
          2714
        ]
      ],
      "name_format": "Begin_Last_Full End_First_Initial_Middle_Initial",
      "text": "Virtanen HE"
    },
    {
      "index_in_file": [
        [
          2736,
          2748
        ]
      ],
      "name_format": "Begin_Last_Full End_First_Initial",
      "text": "Vartiainen T"
    },
    {
      "index_in_file": [
        [
          1836,
          1847
        ],
        [
          2056,
          2067
        ],
        [
          2258,
          2269
        ]
      ],
      "name_format": "Begin_Last_Full End_First_Initial",
      "text": "Stickland A"
    },
    {
      "index_in_file": [
        [
          2728,
          2734
        ],
        [
          3079,
          3085
        ]
      ],
      "name_format": "Begin_Last_Full End_First_Initial",
      "text": "Shen H"
    },
    {
      "index_in_file": [
        [
          3354,
          3365
        ]
      ],
      "name_format": "Begin_Last_Full End_First_Initial_Middle_Initial_Middle_Initial_Middle_Initial_Middle_Initial",
      "text": "Roque FJSSA"
    },
    {
      "index_in_file": [
        [
          3342,
          3352
        ]
      ],
      "name_format": "Begin_Last_Full End_First_Initial_Middle_Initial",
      "text": "Juncker AS"
    },
    {
      "index_in_file": [
        [
          2497,
          2507
        ]
      ],
      "name_format": "Begin_Last_Full End_First_Initial",
      "text": "\u00c4ngquist L"
    },
    {
      "index_in_file": [
        [
          2692,
          2701
        ],
        [
          3410,
          3419
        ]
      ],
      "name_format": "Begin_Last_Full End_First_Initial_Middle_Initial",
      "text": "Jensen TS"
    },
    {
      "index_in_file": [
        [
          3046,
          3054
        ]
      ],
      "name_format": "Begin_Last_Full End_First_Initial",
      "text": "Jensen T"
    },
    {
      "index_in_file": [
        [
          3087,
          3100
        ]
      ],
      "name_format": "Begin_Last_Full End_First_Initial",
      "text": "Varitiainen T"
    },
    {
      "index_in_file": [
        [
          3115,
          3125
        ]
      ],
      "name_format": "Begin_Last_Full End_First_Initial",
      "text": "Taboreau O"
    },
    {
      "index_in_file": [
        [
          3385,
          3395
        ]
      ],
      "name_format": "Begin_Last_Full End_First_Initial",
      "text": "Weinhold N"
    },
    {
      "index_in_file": [
        [
          2509,
          2517
        ],
        [
          2787,
          2795
        ],
        [
          3127,
          3135
        ],
        [
          3421,
          3429
        ]
      ],
      "name_format": "Begin_Last_Full End_First_Initial",
      "text": "Brunak S"
    },
    {
      "index_in_file": [
        [
          2666,
          2675
        ],
        [
          3022,
          3031
        ]
      ],
      "name_format": "Begin_Last_Full End_First_Initial",
      "text": "Toppari J"
    },
    {
      "index_in_file": [
        [
          2453,
          2471
        ]
      ],
      "name_format": "Begin_Last_Full Inside_Last_Full End_First_Initial",
      "text": "Nordahl Petersen T"
    },
    {
      "index_in_file": [
        [
          305,
          311
        ],
        [
          898,
          904
        ],
        [
          1092,
          1098
        ],
        [
          1365,
          1371
        ]
      ],
      "name_format": "Begin_First_Full",
      "text": "Konrad"
    },
    {
      "in_email": "Before_At",
      "index_in_file": [
        [
          141,
          155
        ]
      ],
      "name_format": "Begin_First_Full End_Last_Full",
      "text": "konrad.krysiak"
    }
  ],
  "publications": [
    {
      "length": 219,
      "line_num": [
        25
      ],
      "start_index_in_file": 1808,
      "text": "Krysiak-Baltyn K, Martin G, Stickland A, Scales P, Gras S. Simulation of phage dynamics in multi-reactor models of complex wastewater treatment systems. BIOCHEMICAL ENGINEERING JOURNAL. Elsevier Science. 2017, Vol. 122."
    },
    {
      "length": 181,
      "line_num": [
        26
      ],
      "start_index_in_file": 2028,
      "text": "Krysiak-Baltyn K, Martin G, Stickland A, Scales P, Gras S. Computational models of populations of bacteria and lytic phage. CRITICAL REVIEWS IN MICROBIOLOGY. 2016, Vol. 42, Issue 6."
    },
    {
      "length": 224,
      "line_num": [
        27
      ],
      "start_index_in_file": 2210,
      "text": "Burger W, Krysiak-Baltyn K, Scales P, Martin G, Stickland A, Gras S. The use of image analysis to characterise activated sludge flocs. APCChE Congress 2015 incorporating Chemeca 2015. Institution of Chemical Engineers. 2015."
    },
    {
      "length": 212,
      "line_num": [
        28
      ],
      "start_index_in_file": 2435,
      "text": "Krysiak-Baltyn K, Nordahl Petersen T, Audouze K, J\u00d8rgensen N, \u00c4ngquist L, Brunak S. Compass: A hybrid method for clinical and biobank data mining. Journal of Biomedical Informatics. Academic Press. 2014, Vol. 47."
    },
    {
      "length": 355,
      "line_num": [
        29
      ],
      "start_index_in_file": 2648,
      "text": "Krysiak-Baltyn K, Toppari J, Skakkebaek NE, Jensen TS, Virtanen HE, Schramm KW, Shen H, Vartiainen T, Kiviranta H, Taboureau O, Audouze K, Brunak S, Main KM. Association between chemical pattern in breast milk and congenital cryptorchidism: modelling of complex human exposures. Journal of Andrology. American Society of Andrology. 2012, Vol. 35, Issue 3."
    },
    {
      "length": 326,
      "line_num": [
        30
      ],
      "start_index_in_file": 3004,
      "text": "Krysiak-Baltyn K, Toppari J, Skakkeb\u00c6k N, Jensen T, Virtanen H, Schramm K, Shen H, Varitiainen T, Kiviranta H, Taboreau O, Brunak S, Main K. Country-specific chemical signatures of persistent environmental compounds in breast milk. 5th Copenhagen Workshop on Endocrine Disrupters. Blackwell Publishers. 2010, Vol. 33, Issue 2."
    },
    {
      "length": 280,
      "line_num": [
        31
      ],
      "start_index_in_file": 3331,
      "text": "Audouze K, Juncker AS, Roque FJSSA, Krysiak-Baltyn K, Weinhold N, Taboureau O, Jensen TS, Brunak S. Deciphering diseases and biological targets for environmental chemicals using toxicogenomics networks. PLoS Computational Biology. Public Library of Science. 2010, Vol. 6, Issue 5."
    }
  ],
  "url": "http://chemeng.unimelb.edu.au/people/staff.php?person_ID=581358"
}