{
  "comment": "//leave comments here if needed",
  "contain_publication_list": "F",
  "email": "pschwarz@us.ibm.com",
  "filename": "bcba0a88-a420-4b98-ad59-018ccb2b2896",
  "info": "T means true, F means False. If no publications, just leave the publication structure unchanged.",
  "is_personal_homepage": "T",
  "name": "Peter M. Schwarz",
  "name_index": [
    {
      "index_in_file": [
        [
          95,
          111
        ]
      ],
      "name_format": "Begin_First_Full Inside_Middle_Initial End_Last_Full",
      "text": "Peter M. Schwarz"
    }
  ],
  "publications": [
    {
      "text": "COPY_SINGLE_PUBLICATION_HERE"
    },
    {
      "text": "COPY_SINGLE_PUBLICATION_HERE"
    }
  ],
  "url": "http://researcher.ibm.com/researcher/view.php?person=us-pschwarz"
}