{
  "comment": "//leave comments here if needed",
  "contain_publication_list": "F",
  "email": "mbussey@usc.edu.au",
  "filename": "839785a4-9349-437e-be02-61285b18b0d8",
  "info": "T means true, F means False. If no publications, just leave the publication structure unchanged.",
  "is_personal_homepage": "T",
  "name": "Marcus Bussey",
  "name_index": [
    {
      "index_in_file": [
        [
          4514,
          4524
        ]
      ],
      "name_format": "Begin_First_Full End_Last_Full",
      "text": "Paul Otlet"
    },
    {
      "index_in_file": [
        [
          5386,
          5405
        ]
      ],
      "name_format": "Begin_First_Full End_Last_Full",
      "text": "Jennifer Fitzgerald"
    },
    {
      "index_in_file": [
        [
          131,
          144
        ],
        [
          649,
          662
        ],
        [
          1305,
          1318
        ],
        [
          1492,
          1505
        ],
        [
          3838,
          3851
        ],
        [
          8060,
          8073
        ],
        [
          8442,
          8455
        ],
        [
          8840,
          8853
        ]
      ],
      "name_format": "Begin_First_Full End_Last_Full",
      "text": "Marcus Bussey"
    },
    {
      "index_in_file": [
        [
          4454,
          4471
        ]
      ],
      "name_format": "Begin_First_Full Inside_Last_Full End_Last_Full",
      "text": "Henri La Fontaine"
    },
    {
      "index_in_file": [
        [
          1271,
          1277
        ],
        [
          1921,
          1927
        ],
        [
          2255,
          2261
        ],
        [
          2744,
          2750
        ],
        [
          2984,
          2990
        ],
        [
          4289,
          4295
        ],
        [
          4804,
          4810
        ],
        [
          5515,
          5521
        ],
        [
          5658,
          5664
        ]
      ],
      "name_format": "Begin_First_Full",
      "text": "Marcus"
    },
    {
      "in_email": "Before_At",
      "index_in_file": [
        [
          560,
          567
        ]
      ],
      "name_format": "Begin_First_Initial_Last_Full",
      "text": "mbussey"
    }
  ],
  "publications": [
    {
      "text": "COPY_SINGLE_PUBLICATION_HERE"
    },
    {
      "text": "COPY_SINGLE_PUBLICATION_HERE"
    }
  ],
  "url": "http://www.usc.edu.au/explore/structure/faculty-of-arts-business-and-law/staff/dr-marcus-bussey"
}