{
  "comment": "//leave comments here if needed",
  "contain_publication_list": "T",
  "email": "vladimir.zoric@nottingham.ac.uk",
  "filename": "8abda712-0fa3-4749-a8d9-38ebb7075b5b",
  "info": "T means true, F means False. If no publications, just leave the publication structure unchanged.",
  "is_personal_homepage": "T",
  "name": "Vladimir Zoric",
  "name_index": [
    {
      "index_in_file": [
        [
          413,
          427
        ]
      ],
      "name_format": "Begin_First_Full End_Last_Full",
      "text": "Vladimir Zoric"
    },
    {
      "index_in_file": [
        [
          1788,
          1803
        ],
        [
          2070,
          2085
        ],
        [
          2343,
          2358
        ],
        [
          2459,
          2474
        ]
      ],
      "name_format": "Begin_Last_Full End_First_Full",
      "text": "ZORIC, VLADIMIR"
    }
  ],
  "publications": [
    {
      "length": 281,
      "start_index_in_file": 1788,
      "text": "ZORIC, VLADIMIR, 2016. Small Town as the Scene of a Memory Encounter: Portraits and Commemorations of Radomir Konstantinovic. In: Post-Yugoslav Constellations: Archive, Memory, and Trauma in Contemporary Bosnian, Croatian, and Serbian Literature and Culture 22. De Gruyter. 209-235"
    },
    {
      "length": 272,
      "start_index_in_file": 2070,
      "text": "ZORIC, VLADIMIR, 2016. Eskapizam i simbioza: Magrisov habzburski mit i Konstantinoviceva palanka. In: Komparativna knjizevnost: teorija, tumacenja, perpektive / Comparative Literature: Theory, Intepretation, Perspectives Filoloski fakultet Univerziteta u Beogradu. 143-159"
    },
    {
      "length": 115,
      "start_index_in_file": 2343,
      "text": "ZORIC, VLADIMIR, 2016. A Wandering Bullet: Staging the Sarajevo Assassination Transcultural Studies. 11(2), 183-196"
    },
    {
      "length": 88,
      "start_index_in_file": 2459,
      "text": "ZORIC, VLADIMIR, 2016. The Rhetoric of Exile: Duress and the Imagining of Force Legenda."
    }
  ],
  "url": "http://www.nottingham.ac.uk/clas/departments/slavonic/people/vladimir.zoric"
}