{
  "comment": "//leave comments here if needed",
  "contain_publication_list": "T",
  "email": "dunston@purdue.edu",
  "filename": "230cba0e-9a27-45fd-b9d9-f8217acd245e",
  "info": "T means true, F means False. If no publications, just leave the publication structure unchanged.",
  "is_personal_homepage": "T",
  "name": "Phillip S. Dunston",
  "name_index": [
    {
      "index_in_file": [
        [
          262,
          280
        ]
      ],
      "name_format": "Begin_First_Full Inside_Middle_Initial End_Last_Full",
      "text": "Phillip S. Dunston"
    },
    {
      "index_in_file": [
        [
          3496,
          3508
        ]
      ],
      "name_format": "Begin_Last_Full End_First_Initial",
      "text": "Hamilton, J."
    },
    {
      "index_in_file": [
        [
          3452,
          3464
        ]
      ],
      "name_format": "Begin_Last_Full End_First_Initial",
      "text": "Jonasson, S."
    },
    {
      "index_in_file": [
        [
          3052,
          3067
        ]
      ],
      "name_format": "Begin_Last_Full Inside_First_Initial End_Middle_Initial",
      "text": "Gambatese, J.A."
    },
    {
      "index_in_file": [
        [
          3069,
          3082
        ]
      ],
      "name_format": "Begin_Last_Full Inside_First_Initial End_Middle_Initial",
      "text": "McManus, J.F."
    },
    {
      "index_in_file": [
        [
          2663,
          2676
        ],
        [
          2868,
          2881
        ],
        [
          3037,
          3050
        ],
        [
          3234,
          3247
        ],
        [
          3466,
          3479
        ],
        [
          3679,
          3692
        ]
      ],
      "name_format": "Begin_Last_Full Inside_First_Initial End_Middle_Initial",
      "text": "Dunston, P.S."
    },
    {
      "index_in_file": [
        [
          2681,
          2689
        ],
        [
          2855,
          2863
        ],
        [
          3253,
          3261
        ]
      ],
      "name_format": "Begin_Last_Full End_First_Initial",
      "text": "Wang, X."
    },
    {
      "index_in_file": [
        [
          3481,
          3490
        ]
      ],
      "name_format": "Begin_Last_Full End_First_Initial",
      "text": "Ahmed, K."
    },
    {
      "index_in_file": [
        [
          3647,
          3658
        ]
      ],
      "name_format": "Begin_Last_Full Inside_First_Initial End_Middle_Initial",
      "text": "Swett, G.D."
    },
    {
      "index_in_file": [
        [
          3660,
          3673
        ]
      ],
      "name_format": "Begin_Last_Full Inside_First_Initial End_Middle_Initial",
      "text": "Stanton, J.F."
    },
    {
      "index_in_file": [
        [
          3223,
          3232
        ]
      ],
      "name_format": "Begin_Last_Full Inside_First_Initial End_Middle_Initial",
      "text": "Shin, D.H"
    },
    {
      "in_email": "Before_At",
      "index_in_file": [
        [
          464,
          471
        ]
      ],
      "name_format": "Begin_Last_Full",
      "text": "dunston"
    },
    {
      "index_in_file": [
        [
          2582,
          2599
        ]
      ],
      "name_format": "Begin_First_Full Inside_Middle_Initial End_Last_Full",
      "text": "David W. Johnston"
    },
    {
      "index_in_file": [
        [
          2604,
          2618
        ]
      ],
      "name_format": "Begin_First_Full Inside_Middle_Initial End_Last_Full",
      "text": "Paul P. McCain"
    },
    {
      "index_in_file": [
        [
          1975,
          1992
        ]
      ],
      "name_format": "Begin_First_Full End_Last_Full",
      "text": "Mark Billinghurst"
    }
  ],
  "publications": [
    {
      "length": 190,
      "line_num": [
        62
      ],
      "start_index_in_file": 2663,
      "text": "Dunston, P.S. and Wang, X. (2005). \"Mixed Reality-Based Visualization Interfaces for the AEC Industry.\" Journal of Construction Engineering and Management, ASCE, to appear in December. ASCE."
    },
    {
      "length": 180,
      "line_num": [
        64
      ],
      "start_index_in_file": 2855,
      "text": "Wang, X. and Dunston, P.S. (accepted May 2005). \"Human Factor Issues in Augmented Reality System for AEC: An Experimental Prototype Study,\" to Automation in Construction, Elsevier."
    },
    {
      "length": 184,
      "line_num": [
        66
      ],
      "start_index_in_file": 3037,
      "text": "Dunston, P.S., Gambatese, J.A., McManus, J.F. (2005). \"Assessing State Transportation Agency Constructability Implementation,\" Journal of Construction Engineering and Management, ASCE."
    },
    {
      "length": 227,
      "line_num": [
        68
      ],
      "start_index_in_file": 3223,
      "text": "Shin, D.H, Dunston, P.S., and Wang, X. (2005). \"View Changes in Mixed Reality-based Collaborative Virtual Environments,\" ACM Journal Transactions on Applied Perception, Association for Computing Machinery (ACM), Vol. 2, No. 14."
    },
    {
      "length": 193,
      "line_num": [
        70
      ],
      "start_index_in_file": 3452,
      "text": "Jonasson, S., Dunston, P.S., Ahmed, K., and Hamilton, J. (2002). \"Factors in Productivity and Unit Cost for Advanced Machine Guidance,\" Journal of Construction Engineering and Management, ASCE."
    },
    {
      "length": 244,
      "line_num": [
        72
      ],
      "start_index_in_file": 3647,
      "text": "Swett, G.D., Stanton, J.F., and Dunston, P.S. (2000). \"Methods for Controlling Stresses and Distortions in Stage Constructed Steel Bridges,\" in Transportation Research Record 1712, Transportation Research Board of the National Research Council."
    }
  ],
  "url": "https://engineering.purdue.edu/CE/People/ptProfile?resource_id=2025"
}