[{"begin": 0, "end": 41, "text": "P. Honarmandi, H. Lee, M.J. Lang and R.D.", "tokenized_text": "P . Honarmandi , H . Lee , M . J . Lang and R . D .", "type": "authors", "id": 0}, {"begin": 42, "end": 157, "text": "Kamm “A microfluidic system with optical laser tweezers to study mechanotransduction and focal adhesion recruitme", "tokenized_text": "Kamm “A microfluidic system with optical laser tweezers to study mechanotransduction and focal adhesion recruitment", "type": "title", "id": 1}, {"begin": 158, "end": 168, "text": "t.” Lab ", "tokenized_text": "” Lab Chip", "type": "venue", "id": 2}, {"begin": 182, "end": 186, "text": "694,", "tokenized_text": "2011", "type": "year", "id": 3}]