[{"begin": 129, "end": 157, "text": "s an anisotropic mechanosens", "tokenized_text": "an anisotropic mechanosensor", "type": "title", "id": 0}, {"begin": 158, "end": 192, "text": "r,” Journal of Biological Chemis", "tokenized_text": "” Journal of Biological Chemistry .", "type": "venue", "id": 1}, {"begin": 211, "end": 215, "text": "037,", "tokenized_text": "2009", "type": "year", "id": 2}, {"begin": 0, "end": 104, "text": "S.T. Kim, K. Takeuchi, Z-Y. Sun, M. Touma, C.E. Castro, A. Fahmy, M.J. Lang, G. Wagner and E.L. Reinherz", "tokenized_text": "S . T . Kim , K . Takeuchi , Z - Y . Sun , M . Touma , C . E . Castro , A . Fahmy , M . J . Lang , G . Wagner and E . L . Reinherz", "type": "authors", "id": 3}, {"begin": 105, "end": 128, "text": "“The T cell receptor ", "tokenized_text": "“The T cell receptor is", "type": "title", "id": 4}]