[{"begin": 176, "end": 180, "text": "267,", "tokenized_text": "2011", "type": "year", "id": 0}, {"begin": 0, "end": 64, "text": "M.E. Aubin-Tam, A.O. Olivares, R.T. Sauer, T.A. Baker, M.J. Lang", "tokenized_text": "M . E . Aubin - Tam , A . O . Olivares , R . T . Sauer , T . A . Baker , M . J . Lang", "type": "authors", "id": 1}, {"begin": 65, "end": 154, "text": "“Single-Molecule Protein Unfolding and Translocation by an ATP-Fueled Proteolytic Machi", "tokenized_text": "“Single - Molecule Protein Unfolding and Translocation by an ATP - Fueled Proteolytic Machine", "type": "title", "id": 2}, {"begin": 155, "end": 161, "text": "e,” ", "tokenized_text": "” Cell", "type": "venue", "id": 3}, {"begin": 166, "end": 173, "text": "145 257", "tokenized_text": "257–267", "type": "title", "id": 4}]