[{"begin": 188, "end": 192, "text": "664,", "tokenized_text": "2011", "type": "year", "id": 0}, {"begin": 0, "end": 95, "text": "M-E. Aubin-Tam, D. C. Appleyard, E. Ferrari, V. Garbin, O. O. Fadiran, J. Kunkel and M. J. Lang", "tokenized_text": "M - E . Aubin - Tam , D . C . Appleyard , E . Ferrari , V . Garbin , O . O . Fadiran , J . Kunkel and M . J . Lang", "type": "authors", "id": 1}, {"begin": 96, "end": 138, "text": "“Adhesion through single peptide aptamer", "tokenized_text": "“Adhesion through single peptide aptamers ,", "type": "title", "id": 2}, {"begin": 138, "end": 175, "text": "s,” Journal of Physical Chemistry A", "tokenized_text": "” Journal of Physical Chemistry A 115", "type": "venue", "id": 3}]