[{"begin": 235, "end": 239, "text": "ed (", "tokenized_text": "2009", "type": "year", "id": 0}, {"begin": 0, "end": 82, "text": "Shin Y, Davis JJ, Brau RR, Martin A, Kenniston JA, Baker TA, Sauer RT, and Lang MJ", "tokenized_text": "Shin Y , Davis JJ , Brau RR , Martin A , Kenniston JA , Baker TA , Sauer RT , and Lang MJ", "type": "authors", "id": 1}, {"begin": 84, "end": 168, "text": "“Single-molecule denaturation and degradation of proteins by the AAA+ ClpXP protea", "tokenized_text": "“Single - molecule denaturation and degradation of proteins by the AAA + ClpXP protease", "type": "title", "id": 2}, {"begin": 169, "end": 218, "text": "e,” Proceedings of the National Academy of Scie", "tokenized_text": "” Proceedings of the National Academy of Sciences", "type": "venue", "id": 3}]