[{"begin": 0, "end": 19, "text": "Hwang W and Lang MJ", "tokenized_text": "Hwang W and Lang MJ", "type": "authors", "id": 0}, {"begin": 21, "end": 71, "text": "“Mechanical design of translocating motor protei", "tokenized_text": "“Mechanical design of translocating motor proteins", "type": "title", "id": 1}, {"begin": 72, "end": 106, "text": "s,” Cell Biochemistry and Biophy", "tokenized_text": "” Cell Biochemistry and Biophysics", "type": "venue", "id": 2}, {"begin": 108, "end": 112, "text": "cs. ", "tokenized_text": "2009", "type": "year", "id": 3}]