[{"begin": 0, "end": 88, "text": "Khalil AS, Appleyard DC, Labno AK, Georges A, Karplus M, Belcher A, Hwang W, and Lang MJ", "tokenized_text": "Khalil AS , Appleyard DC , Labno AK , Georges A , Karplus M , Belcher A , Hwang W , and Lang MJ", "type": "authors", "id": 0}, {"begin": 90, "end": 150, "text": "“Kinesin’s cover-neck bundle folds forward to generate f", "tokenized_text": "“Kinesin’s cover - neck bundle folds forward to generate force", "type": "title", "id": 1}, {"begin": 151, "end": 200, "text": "rce,” Proceedings of the National Academy of Sc", "tokenized_text": "” Proceedings of the National Academy of Sciences", "type": "venue", "id": 2}, {"begin": 207, "end": 211, "text": " USA", "tokenized_text": "2008", "type": "year", "id": 3}]