[{"begin": 0, "end": 66, "text": "Ferrer JM, Lee H, Chen J, Nakamura F, Pelz B, Kamm RD, and Lang MJ", "tokenized_text": "Ferrer JM , Lee H , Chen J , Nakamura F , Pelz B , Kamm RD , and Lang MJ", "type": "authors", "id": 0}, {"begin": 68, "end": 161, "text": "“Measuring molecular rupture forces between single actin filaments and actin binding protei", "tokenized_text": "“Measuring molecular rupture forces between single actin filaments and actin binding proteins", "type": "title", "id": 1}, {"begin": 162, "end": 211, "text": "s,” Proceedings of the National Academy of Scie", "tokenized_text": "” Proceedings of the National Academy of Sciences", "type": "venue", "id": 2}, {"begin": 218, "end": 222, "text": "SA. ", "tokenized_text": "2008", "type": "year", "id": 3}]