[{"begin": 0, "end": 28, "text": "Hwang W, Lang MJ, Karplus M,", "tokenized_text": "Hwang W , Lang MJ , Karplus M ,", "type": "authors", "id": 0}, {"begin": 29, "end": 95, "text": "“Force generation in kinesin hinges on cover-neck bundle formati", "tokenized_text": "“Force generation in kinesin hinges on cover - neck bundle formation", "type": "title", "id": 1}, {"begin": 96, "end": 107, "text": "n,” Struc", "tokenized_text": "” Structure", "type": "venue", "id": 2}, {"begin": 109, "end": 113, "text": "re. ", "tokenized_text": "2008", "type": "year", "id": 3}]