[{"begin": 0, "end": 21, "text": "Appleyard DC, Lang MJ", "tokenized_text": "Appleyard DC , Lang MJ", "type": "authors", "id": 0}, {"begin": 23, "end": 110, "text": "“Active particle control through silicon using conventional optical trapping techniqu", "tokenized_text": "“Active particle control through silicon using conventional optical trapping techniques", "type": "title", "id": 1}, {"begin": 111, "end": 126, "text": "s,” Lab on a ", "tokenized_text": "” Lab on a Chip", "type": "venue", "id": 2}, {"begin": 128, "end": 132, "text": "ip. ", "tokenized_text": "2007", "type": "year", "id": 3}]