[{"begin": 0, "end": 82, "text": "Tarsa PB, Brau RR, Barch M, Ferrer JM, Freyzon Y, Matsudaira P, Lang MJ “Detecti", "tokenized_text": "Tarsa PB , Brau RR , Barch M , Ferrer JM , Freyzon Y , Matsudaira P , Lang MJ “Detecting", "type": "authors", "id": 0}, {"begin": 83, "end": 161, "text": "g force-induced molecular transitions with fluorescence resonant energy transf", "tokenized_text": "force - induced molecular transitions with fluorescence resonant energy transfer", "type": "title", "id": 1}, {"begin": 162, "end": 181, "text": "r,” Angewandte Ch", "tokenized_text": "” Angewandte Chemie", "type": "venue", "id": 2}, {"begin": 183, "end": 187, "text": "ie. ", "tokenized_text": "2007", "type": "year", "id": 3}]