[{"begin": 0, "end": 73, "text": "Khalil AS, Ferrer JM, Brau RR, Kottmann ST, Noren CJ, Lang MJ, Belcher AM", "tokenized_text": "Khalil AS , Ferrer JM , Brau RR , Kottmann ST , Noren CJ , Lang MJ , Belcher AM", "type": "authors", "id": 0}, {"begin": 75, "end": 125, "text": "“Single M13 bacteriophage tethering and stretchi", "tokenized_text": "“Single M13 bacteriophage tethering and stretching", "type": "title", "id": 1}, {"begin": 126, "end": 175, "text": "g,” Proceedings of the National Academy of Scie", "tokenized_text": "” Proceedings of the National Academy of Sciences", "type": "venue", "id": 2}, {"begin": 182, "end": 186, "text": "SA. ", "tokenized_text": "2007", "type": "year", "id": 3}]