[{"begin": 197, "end": 240, "text": "d blood cells harboring plasmodium falcipar", "tokenized_text": "blood cells harboring plasmodium falciparum", "type": "title", "id": 0}, {"begin": 241, "end": 290, "text": "m,” Proceedings of the National Academy of Scie", "tokenized_text": "” Proceedings of the National Academy of Sciences", "type": "venue", "id": 1}, {"begin": 297, "end": 301, "text": "SA. ", "tokenized_text": "2007", "type": "year", "id": 2}, {"begin": 0, "end": 139, "text": "Mills JP, Diez-Silva MD, Quinn DJ, Dao M, Lang MJ, Tan KSW, Lim CT, Milon G, David PH, Mercereau-Puijalon O, Bonnnefoy S, Suresh S, “Effe", "tokenized_text": "Mills JP , Diez - Silva MD , Quinn DJ , Dao M , Lang MJ , Tan KSW , Lim CT , Milon G , David PH , Mercereau - Puijalon O , Bonnnefoy S , Suresh S , “Effect", "type": "authors", "id": 3}, {"begin": 140, "end": 196, "text": "t of plasmodial RESA protein on deformability of human r", "tokenized_text": "of plasmodial RESA protein on deformability of human red", "type": "title", "id": 4}]