[{"begin": 0, "end": 49, "text": "Lang MJ, Fordyce PM, Engh AM, Neuman KC, Block SM", "tokenized_text": "Lang MJ , Fordyce PM , Engh AM , Neuman KC , Block SM", "type": "authors", "id": 0}, {"begin": 66, "end": 126, "text": ", coincident optical trapping and single-molecule fluorescen", "tokenized_text": "coincident optical trapping and single - molecule fluorescence", "type": "title", "id": 1}, {"begin": 127, "end": 143, "text": "e,” Nature Met", "tokenized_text": "” Nature Methods", "type": "venue", "id": 2}, {"begin": 145, "end": 149, "text": "ds. ", "tokenized_text": "2004", "type": "year", "id": 3}]