[{"begin": 0, "end": 41, "text": "Block SM, Asbury CL, Shaevitz JW, Lang MJ", "tokenized_text": "Block SM , Asbury CL , Shaevitz JW , Lang MJ", "type": "authors", "id": 0}, {"begin": 43, "end": 122, "text": "“Probing the kinesin reaction cycle with a two-dimensional optical force clam", "tokenized_text": "“Probing the kinesin reaction cycle with a two - dimensional optical force clamp ,", "type": "title", "id": 1}, {"begin": 122, "end": 171, "text": "p,” Proceedings of the National Academy of Scie", "tokenized_text": "” Proceedings of the National Academy of Sciences", "type": "venue", "id": 2}, {"begin": 178, "end": 182, "text": "SA. ", "tokenized_text": "2003", "type": "year", "id": 3}]