[{"begin": 0, "end": 41, "text": "Lang MJ, Asbury CL, Shaevitz JW, Block SM", "tokenized_text": "Lang MJ , Asbury CL , Shaevitz JW , Block SM", "type": "authors", "id": 0}, {"begin": 43, "end": 107, "text": "“An automated 2D optical force clamp for single molecule studi", "tokenized_text": "“An automated 2D optical force clamp for single molecule studies", "type": "title", "id": 1}, {"begin": 108, "end": 129, "text": "s,” Biophysical Jou", "tokenized_text": "” Biophysical Journal", "type": "venue", "id": 2}, {"begin": 131, "end": 135, "text": "al. ", "tokenized_text": "2002", "type": "year", "id": 3}]