[{"begin": 0, "end": 20, "text": "Lang MJ and Block SM", "tokenized_text": "Lang MJ and Block SM", "type": "authors", "id": 0}, {"begin": 22, "end": 68, "text": "“Resource Letter: Laser-based optical tweeze", "tokenized_text": "“Resource Letter : Laser - based optical tweezers", "type": "title", "id": 1}, {"begin": 69, "end": 98, "text": "s,” American Journal of Phy", "tokenized_text": "” American Journal of Physics", "type": "venue", "id": 2}, {"begin": 100, "end": 104, "text": "cs. ", "tokenized_text": "2003", "type": "year", "id": 3}]