[{"begin": 0, "end": 52, "text": "Lang MJ, Jordanides XJ, Song X, Fleming GR, “Aqueo", "tokenized_text": "Lang MJ , Jordanides XJ , Song X , Fleming GR , “Aqueous", "type": "authors", "id": 0}, {"begin": 53, "end": 107, "text": "s solvation dynamics studied by photon echo spectrosco", "tokenized_text": "solvation dynamics studied by photon echo spectroscopy", "type": "title", "id": 1}, {"begin": 108, "end": 142, "text": "y,” Journal of Physical Chemistr", "tokenized_text": "” Journal of Physical Chemistry B .", "type": "venue", "id": 2}, {"begin": 143, "end": 147, "text": " B. ", "tokenized_text": "1999", "type": "year", "id": 3}]