{
  "comment": "//leave comments here if needed",
  "contain_publication_list": "T",
  "email": "COPY_AND_CORRECT_OWNER_EMAIL_HERE",
  "filename": "9deae191-b373-4a27-b1b4-f200db60ef9a",
  "info": "T means true, F means False. If no publications, just leave the publication structure unchanged.",
  "is_personal_homepage": "F",
  "name": "COPY_OWNER_NAME_HERE",
  "publications": [
    {
      "text": "COPY_SINGLE_PUBLICATION_HERE"
    },
    {
      "text": "COPY_SINGLE_PUBLICATION_HERE"
    }
  ],
  "url": "http://www.umass.edu/theater/undergraduate.php"
}