{
  "comment": "//leave comments here if needed",
  "contain_publication_list": "T",
  "email": "",
  "filename": "1379b529-2d60-45b5-a26a-e42e42585ad8",
  "info": "T means true, F means False. If no publications, just leave the publication structure unchanged.",
  "is_personal_homepage": "T",
  "name": "Sebastian Gil-Riano",
  "name_index": [
    {
      "index_in_file": [
        [
          746,
          765
        ],
        [
          842,
          861
        ]
      ],
      "name_format": "Begin_First_Full End_Last_Full",
      "text": "Sebastian Gil-Riano"
    },
    {
      "index_in_file": [
        [
          1182,
          1194
        ]
      ],
      "name_format": "Begin_Last_Full End_First_Initial",
      "text": "Hamilton, V."
    },
    {
      "index_in_file": [
        [
          965,
          978
        ],
        [
          1167,
          1180
        ]
      ],
      "name_format": "Begin_Last_Full End_First_Initial",
      "text": "Gil-Riano, S."
    }
  ],
  "publications": [
    {
      "length": 173,
      "start_index_in_file": 965,
      "text": "Gil-Riano, S. (2016). Sociology. In Georgina M. Montgomery, Mark A. Largent (Eds.), A Companion to the History of American Science, (pp. 263-275). Malden: John Wiley & Sons."
    },
    {
      "length": 169,
      "start_index_in_file": 1167,
      "text": "Gil-Riano, S., Hamilton, V. (2009). Editors' Introduction: Epistemic Boundaries. Spontaneous Generations: A Journal for the History and Philosophy of Science, 3(1), 1-8."
    }
  ],
  "url": "http://sydney.edu.au/arts/sophi/staff/profiles/sebastian.gil.riano.php?apcode=ACADPROFILE300808"
}