[{"begin": 0, "end": 64, "text": "Seubert J, Gregory KM, Chamberland J, Dessirier JM, Lundström J", "tokenized_text": "Seubert J , Gregory KM , Chamberland J , Dessirier JM , Lundström JN", "type": "authors", "id": 0}, {"begin": 66, "end": 70, "text": "(201", "tokenized_text": "2014", "type": "year", "id": 1}, {"begin": 73, "end": 208, "text": " Attractiveness is in the nose of the beholder: odor valence differentially modulates perception of facial age and facial attractivenes", "tokenized_text": "Attractiveness is in the nose of the beholder : odor valence differentially modulates perception of facial age and facial attractiveness", "type": "title", "id": 2}, {"begin": 210, "end": 218, "text": " PLOS On", "tokenized_text": "PLOS One", "type": "venue", "id": 3}]