[{"begin": 0, "end": 49, "text": "Seubert J, Freiherr J, Djordjevic J, Lundström J", "tokenized_text": "Seubert J , Freiherr J , Djordjevic J , Lundström JN", "type": "authors", "id": 0}, {"begin": 51, "end": 55, "text": "(201", "tokenized_text": "2013", "type": "year", "id": 1}, {"begin": 58, "end": 108, "text": " Statistical Localization of Human Olfactory Corte", "tokenized_text": "Statistical Localization of Human Olfactory Cortex", "type": "title", "id": 2}, {"begin": 110, "end": 120, "text": " Neuroimag", "tokenized_text": "Neuroimage", "type": "venue", "id": 3}]