[{"begin": 0, "end": 68, "text": "Seubert J, Kellermann T, Loughead J, Boers F, Brensinger CM, Habel U", "tokenized_text": "Seubert J , Kellermann T , Loughead J , Boers F , Brensinger CM , Habel U", "type": "authors", "id": 0}, {"begin": 70, "end": 74, "text": "2010", "tokenized_text": "2010", "type": "year", "id": 1}, {"begin": 77, "end": 160, "text": "Processing of disgusted faces is facilitated by odor primes: a functional MRI study", "tokenized_text": "Processing of disgusted faces is facilitated by odor primes : a functional MRI study", "type": "title", "id": 2}, {"begin": 162, "end": 172, "text": "Neuroimage", "tokenized_text": "Neuroimage", "type": "venue", "id": 3}]