[{"begin": 0, "end": 68, "text": "Seubert J, Loughead J, Kellermann T, Boers F, Brensinger CM, Habel U", "tokenized_text": "Seubert J , Loughead J , Kellermann T , Boers F , Brensinger CM , Habel U", "type": "authors", "id": 0}, {"begin": 69, "end": 73, "text": "2010", "tokenized_text": "2010", "type": "year", "id": 1}, {"begin": 76, "end": 179, "text": "Multisensory integration of emotionally valenced olfactory-visual information in schizophrenia patients", "tokenized_text": "Multisensory integration of emotionally valenced olfactory - visual information in schizophrenia patients", "type": "title", "id": 2}, {"begin": 181, "end": 197, "text": "J Psych Neurosci", "tokenized_text": "J Psych Neurosci", "type": "venue", "id": 3}]