{
  "comment": "//leave comments here if needed",
  "contain_publication_list": "T",
  "email": "Anand.Ahankari@nottingham.ac.uk",
  "filename": "8e116074-64c1-4968-90ce-5913d9a26797",
  "info": "T means true, F means False. If no publications, just leave the publication structure unchanged.",
  "is_personal_homepage": "T",
  "name": "Anand Ahankari",
  "name_index": [
    {
      "index_in_file": [
        [
          3993,
          4003
        ],
        [
          4671,
          4681
        ]
      ],
      "name_format": "Begin_First_Full End_Last_Full",
      "text": "Puja Myles"
    },
    {
      "index_in_file": [
        [
          4011,
          4021
        ]
      ],
      "name_format": "Begin_First_Full End_Last_Full",
      "text": "Laila Tata"
    },
    {
      "index_in_file": [
        [
          4660,
          4669
        ]
      ],
      "name_format": "Begin_First_Full End_Last_Full",
      "text": "MONA DAVE"
    },
    {
      "index_in_file": [
        [
          3974,
          3988
        ],
        [
          4740,
          4754
        ]
      ],
      "name_format": "Begin_First_Full End_Last_Full",
      "text": "Andrew Fogarty"
    },
    {
      "index_in_file": [
        [
          504,
          518
        ]
      ],
      "name_format": "Begin_First_Full End_Last_Full",
      "text": "Anand Ahankari"
    },
    {
      "index_in_file": [
        [
          4321,
          4327
        ],
        [
          4530,
          4536
        ]
      ],
      "name_format": "Begin_Last_Full End_First_Initial",
      "text": "TATA L"
    },
    {
      "index_in_file": [
        [
          4112,
          4120
        ]
      ],
      "name_format": "Begin_Last_Full End_First_Initial_Middle_Initial",
      "text": "MYLES PR"
    },
    {
      "index_in_file": [
        [
          4086,
          4094
        ]
      ],
      "name_format": "Begin_Last_Full End_First_Initial_Middle_Initial",
      "text": "ADAJI EE"
    },
    {
      "index_in_file": [
        [
          4298,
          4308
        ],
        [
          4486,
          4496
        ]
      ],
      "name_format": "Begin_Last_Full End_First_Initial",
      "text": "AHANKARI A"
    },
    {
      "index_in_file": [
        [
          4498,
          4505
        ]
      ],
      "name_format": "Begin_Last_Full End_First_Initial",
      "text": "BAPAT S"
    },
    {
      "index_in_file": [
        [
          4096,
          4107
        ]
      ],
      "name_format": "Begin_Last_Full End_First_Initial_Middle_Initial",
      "text": "AHANKARI AS"
    },
    {
      "index_in_file": [
        [
          4310,
          4319
        ],
        [
          4516,
          4525
        ]
      ],
      "name_format": "Begin_Last_Full End_First_Initial",
      "text": "FOGARTY A"
    },
    {
      "index_in_file": [
        [
          4332,
          4339
        ],
        [
          4507,
          4514
        ]
      ],
      "name_format": "Begin_Last_Full End_First_Initial",
      "text": "MYLES P"
    },
    {
      "index_in_file": [
        [
          4725,
          4735
        ]
      ],
      "name_format": "Begin_First_Initial End_Last_Full",
      "text": "K MORTIMER"
    },
    {
      "index_in_file": [
        [
          4683,
          4695
        ]
      ],
      "name_format": "Begin_First_Initial End_Last_Full",
      "text": "P AROKIASAMY"
    },
    {
      "index_in_file": [
        [
          4711,
          4723
        ]
      ],
      "name_format": "Begin_First_Initial End_Last_Full",
      "text": "P KHOBRAGADE"
    },
    {
      "index_in_file": [
        [
          803,
          808
        ],
        [
          1333,
          1338
        ],
        [
          2282,
          2287
        ],
        [
          2506,
          2511
        ]
      ],
      "name_format": "Begin_First_Full",
      "text": "Anand"
    },
    {
      "index_in_file": [
        [
          4697,
          4709
        ]
      ],
      "name_format": "Begin_First_Full",
      "text": "UTTAMACHARYA"
    }
  ],
  "publications": [
    {
      "length": 211,
      "start_index_in_file": 4086,
      "text": "ADAJI EE, AHANKARI AS and MYLES PR, 2017. An investigation to identify potential risk factors associated with common chronic diseases among the older population in India Indian J Community Medicine. 42(1), 46-52"
    },
    {
      "length": 187,
      "start_index_in_file": 4298,
      "text": "AHANKARI A, FOGARTY A, TATA L and MYLES P, 2017. Healthcare benefits linked with Below Poverty Line registration in India: Observations from Maharashtra Anaemia Study (MAS) F1000Research."
    },
    {
      "length": 173,
      "start_index_in_file": 4486,
      "text": "AHANKARI A, BAPAT S, MYLES P, FOGARTY A and TATA L, 2017. Factors associated with preterm delivery and low birth weight: a study from rural Maharashtra, India F1000Research."
    },
    {
      "length": 259,
      "start_index_in_file": 4660,
      "text": "MONA DAVE, PUJA MYLES, P AROKIASAMY, UTTAMACHARYA, P KHOBRAGADE, K MORTIMER and ANDREW FOGARTY, 2017. Household air pollution and lung function in Indian adults: a cross-sectional study International Union Against Tuberculosis and Lung Disease. 21(6), 702-704"
    }
  ],
  "url": "http://www.nottingham.ac.uk/medicine/people/anand.ahankari"
}