{
  "comment": "//leave comments here if needed",
  "contain_publication_list": "T",
  "email": "",
  "filename": "e24807fe-12b6-41ea-839d-1c3e9779536a",
  "info": "T means true, F means False. If no publications, just leave the publication structure unchanged.",
  "is_personal_homepage": "T",
  "name": "Elahe A. Mostaghel",
  "name_index": [
    {
      "index_in_file": [
        [
          0,
          18
        ],
        [
          271,
          289
        ]
      ],
      "name_format": "Begin_First_Full Inside_Middle_Initial End_Last_Full",
      "text": "Elahe A. Mostaghel"
    },
    {
      "index_in_file": [
        [
          5078,
          5085
        ]
      ],
      "name_format": "Begin_Last_Full End_First_Initial",
      "text": "Fazli L"
    },
    {
      "index_in_file": [
        [
          3253,
          3263
        ],
        [
          3530,
          3540
        ],
        [
          5087,
          5097
        ]
      ],
      "name_format": "Begin_Last_Full End_First_Initial_Middle_Initial",
      "text": "Coleman IM"
    },
    {
      "index_in_file": [
        [
          3234,
          3240
        ]
      ],
      "name_format": "Begin_Last_Full End_First_Initial",
      "text": "Geng L"
    },
    {
      "index_in_file": [
        [
          4553,
          4563
        ],
        [
          6534,
          6544
        ]
      ],
      "name_format": "Begin_Last_Full End_First_Initial",
      "text": "Vessella R"
    },
    {
      "index_in_file": [
        [
          3242,
          3251
        ]
      ],
      "name_format": "Begin_Last_Full End_First_Initial",
      "text": "Holcomb I"
    },
    {
      "index_in_file": [
        [
          3978,
          3987
        ]
      ],
      "name_format": "Begin_Last_Full End_First_Initial",
      "text": "Guinney J"
    },
    {
      "index_in_file": [
        [
          5910,
          5919
        ]
      ],
      "name_format": "Begin_Last_Full End_First_Initial_Middle_Initial",
      "text": "Partin AW"
    },
    {
      "index_in_file": [
        [
          5932,
          5941
        ]
      ],
      "name_format": "Begin_Last_Full End_First_Initial",
      "text": "Makarov D"
    },
    {
      "index_in_file": [
        [
          4565,
          4572
        ],
        [
          5119,
          5126
        ],
        [
          5866,
          5873
        ],
        [
          6180,
          6187
        ]
      ],
      "name_format": "Begin_Last_Full End_First_Initial_Middle_Initial",
      "text": "Hess DL"
    },
    {
      "index_in_file": [
        [
          3474,
          3485
        ]
      ],
      "name_format": "Begin_Last_Full End_First_Initial_Middle_Initial",
      "text": "Vessella RL"
    },
    {
      "index_in_file": [
        [
          3487,
          3494
        ]
      ],
      "name_format": "Begin_Last_Full End_First_Initial",
      "text": "Haugk K"
    },
    {
      "index_in_file": [
        [
          3999,
          4009
        ]
      ],
      "name_format": "Begin_Last_Full End_First_Initial",
      "text": "Porrello A"
    },
    {
      "index_in_file": [
        [
          5139,
          5151
        ],
        [
          6218,
          6230
        ]
      ],
      "name_format": "Begin_Last_Full End_First_Initial_Middle_Initial",
      "text": "Matsumoto AM"
    },
    {
      "index_in_file": [
        [
          3275,
          3282
        ],
        [
          4597,
          4604
        ],
        [
          5099,
          5106
        ],
        [
          6189,
          6196
        ]
      ],
      "name_format": "Begin_Last_Full End_First_Initial_Middle_Initial",
      "text": "True LD"
    },
    {
      "index_in_file": [
        [
          3265,
          3273
        ]
      ],
      "name_format": "Begin_Last_Full End_First_Initial_Middle_Initial",
      "text": "Lucas JL"
    },
    {
      "index_in_file": [
        [
          6418,
          6427
        ]
      ],
      "name_format": "Begin_Last_Full End_First_Initial",
      "text": "Coleman I"
    },
    {
      "index_in_file": [
        [
          5943,
          5954
        ]
      ],
      "name_format": "Begin_Last_Full End_First_Initial_Middle_Initial",
      "text": "Macairan ML"
    },
    {
      "index_in_file": [
        [
          5921,
          5930
        ]
      ],
      "name_format": "Begin_Last_Full End_First_Initial_Middle_Initial",
      "text": "Veltri RW"
    },
    {
      "index_in_file": [
        [
          4586,
          4595
        ]
      ],
      "name_format": "Begin_Last_Full End_First_Initial_Middle_Initial",
      "text": "Higano CS"
    },
    {
      "index_in_file": [
        [
          3461,
          3472
        ]
      ],
      "name_format": "Begin_Last_Full End_First_Initial_Middle_Initial",
      "text": "Sprenger CT"
    },
    {
      "index_in_file": [
        [
          4031,
          4039
        ]
      ],
      "name_format": "Begin_Last_Full End_First_Initial_Middle_Initial",
      "text": "Febbo PG"
    },
    {
      "index_in_file": [
        [
          3496,
          3505
        ]
      ],
      "name_format": "Begin_Last_Full End_First_Initial",
      "text": "Soriano K"
    },
    {
      "index_in_file": [
        [
          3564,
          3574
        ]
      ],
      "name_format": "Begin_Last_Full End_First_Initial_Middle_Initial",
      "text": "Plymate SR"
    },
    {
      "index_in_file": [
        [
          3989,
          3997
        ]
      ],
      "name_format": "Begin_Last_Full End_First_Initial",
      "text": "Tewori A"
    },
    {
      "index_in_file": [
        [
          3950,
          3962
        ]
      ],
      "name_format": "Begin_Last_Full End_First_Initial",
      "text": "Mendiratta P"
    },
    {
      "index_in_file": [
        [
          5842,
          5850
        ]
      ],
      "name_format": "Begin_Last_Full End_First_Initial_Middle_Initial",
      "text": "Mazer NA"
    },
    {
      "index_in_file": [
        [
          6546,
          6551
        ]
      ],
      "name_format": "Begin_Last_Full End_First_Initial",
      "text": "Lin D"
    },
    {
      "index_in_file": [
        [
          6553,
          6559
        ]
      ],
      "name_format": "Begin_Last_Full End_First_Initial",
      "text": "Hood L"
    },
    {
      "index_in_file": [
        [
          3553,
          3562
        ]
      ],
      "name_format": "Begin_Last_Full End_First_Initial_Middle_Initial",
      "text": "Nguyen HM"
    },
    {
      "index_in_file": [
        [
          6480,
          6489
        ]
      ],
      "name_format": "Begin_Last_Full End_First_Initial",
      "text": "Gelmann E"
    },
    {
      "index_in_file": [
        [
          4574,
          4584
        ],
        [
          5550,
          5560
        ]
      ],
      "name_format": "Begin_Last_Full End_First_Initial_Middle_Initial",
      "text": "Kalhorn TF"
    },
    {
      "index_in_file": [
        [
          5875,
          5883
        ]
      ],
      "name_format": "Begin_Last_Full End_First_Initial_Middle_Initial",
      "text": "Dorey FJ"
    },
    {
      "index_in_file": [
        [
          6429,
          6437
        ]
      ],
      "name_format": "Begin_Last_Full End_First_Initial",
      "text": "Hawley S"
    },
    {
      "index_in_file": [
        [
          3284,
          3293
        ],
        [
          3542,
          3551
        ],
        [
          3764,
          3773
        ],
        [
          4020,
          4029
        ],
        [
          4200,
          4209
        ],
        [
          4405,
          4414
        ],
        [
          4606,
          4615
        ],
        [
          4793,
          4802
        ],
        [
          5180,
          5189
        ],
        [
          5600,
          5609
        ],
        [
          5960,
          5969
        ],
        [
          6207,
          6216
        ],
        [
          6565,
          6574
        ]
      ],
      "name_format": "Begin_Last_Full End_First_Initial_Middle_Initial",
      "text": "Nelson PS"
    },
    {
      "index_in_file": [
        [
          6525,
          6532
        ]
      ],
      "name_format": "Begin_Last_Full End_First_Initial",
      "text": "Lange P"
    },
    {
      "index_in_file": [
        [
          4011,
          4018
        ]
      ],
      "name_format": "Begin_Last_Full End_First_Initial",
      "text": "Barry W"
    },
    {
      "index_in_file": [
        [
          3749,
          3762
        ],
        [
          4211,
          4224
        ],
        [
          4538,
          4551
        ],
        [
          5419,
          5432
        ]
      ],
      "name_format": "Begin_Last_Full End_First_Initial_Middle_Initial",
      "text": "Montgomery RB"
    },
    {
      "index_in_file": [
        [
          6198,
          6205
        ]
      ],
      "name_format": "Begin_Last_Full End_First_Initial",
      "text": "Amory J"
    },
    {
      "index_in_file": [
        [
          3454,
          3459
        ]
      ],
      "name_format": "Begin_Last_Full End_First_Initial",
      "text": "Sun S"
    },
    {
      "index_in_file": [
        [
          3220,
          3232
        ],
        [
          3507,
          3519
        ],
        [
          3735,
          3747
        ],
        [
          3964,
          3976
        ],
        [
          4186,
          4198
        ],
        [
          4391,
          4403
        ],
        [
          4524,
          4536
        ],
        [
          4775,
          4787
        ],
        [
          5047,
          5059
        ],
        [
          5405,
          5417
        ],
        [
          5582,
          5594
        ],
        [
          5852,
          5864
        ],
        [
          6166,
          6178
        ],
        [
          6500,
          6512
        ]
      ],
      "name_format": "Begin_Last_Full End_First_Initial_Middle_Initial",
      "text": "Mostaghel EA"
    },
    {
      "index_in_file": [
        [
          6471,
          6478
        ]
      ],
      "name_format": "Begin_Last_Full End_First_Initial_Middle_Initial",
      "text": "Beer TM"
    },
    {
      "index_in_file": [
        [
          5571,
          5580
        ]
      ],
      "name_format": "Begin_Last_Full End_First_Initial_Middle_Initial",
      "text": "Howald WN"
    },
    {
      "index_in_file": [
        [
          5108,
          5117
        ],
        [
          6514,
          6523
        ]
      ],
      "name_format": "Begin_Last_Full End_First_Initial",
      "text": "Knudsen B"
    },
    {
      "index_in_file": [
        [
          6491,
          6498
        ]
      ],
      "name_format": "Begin_Last_Full End_First_Initial",
      "text": "Datta M"
    },
    {
      "index_in_file": [
        [
          6460,
          6469
        ]
      ],
      "name_format": "Begin_Last_Full End_First_Initial",
      "text": "Coleman R"
    },
    {
      "index_in_file": [
        [
          5165,
          5174
        ]
      ],
      "name_format": "Begin_Last_Full End_First_Initial_Middle_Initial",
      "text": "Gleave ME"
    },
    {
      "index_in_file": [
        [
          5070,
          5076
        ],
        [
          5434,
          5440
        ],
        [
          6158,
          6164
        ]
      ],
      "name_format": "Begin_Last_Full End_First_Initial_Middle_Initial",
      "text": "Lin DW"
    },
    {
      "index_in_file": [
        [
          5898,
          5908
        ]
      ],
      "name_format": "Begin_Last_Full End_First_Initial_Middle_Initial",
      "text": "Epstein JI"
    },
    {
      "index_in_file": [
        [
          5885,
          5896
        ]
      ],
      "name_format": "Begin_Last_Full End_First_Initial_Middle_Initial",
      "text": "Bostwick DG"
    },
    {
      "index_in_file": [
        [
          3521,
          3528
        ],
        [
          5061,
          5068
        ],
        [
          5562,
          5569
        ],
        [
          6149,
          6156
        ]
      ],
      "name_format": "Begin_Last_Full End_First_Initial_Middle_Initial",
      "text": "Page ST"
    },
    {
      "index_in_file": [
        [
          2853,
          2862
        ]
      ],
      "name_format": "Begin_Last_Full",
      "text": "Mostaghel"
    }
  ],
  "publications": [
    {
      "length": 233,
      "line_num": [
        47
      ],
      "start_index_in_file": 3220,
      "text": "Mostaghel EA, Geng L, Holcomb I, Coleman IM, Lucas JL, True LD, Nelson PS. Variability in the androgen response of prostate epithelium to 5-alpha reductase inhibition: implications for PCa chemoprevention. Cancer Research (in press)."
    },
    {
      "length": 280,
      "line_num": [
        48
      ],
      "start_index_in_file": 3454,
      "text": "Sun S, Sprenger CT, Vessella RL, Haugk K, Soriano K, Mostaghel EA, Page ST, Coleman IM, Nelson PS, Nguyen HM, Plymate SR. A Novel, Frequently Occurring Androgen Receptor Splice Variant Confers Castration Resistance in Prostate Cancer. Journal of Clinical Investigation (in press)."
    },
    {
      "length": 214,
      "line_num": [
        49
      ],
      "start_index_in_file": 3735,
      "text": "Mostaghel EA, Montgomery RB, Nelson PS. Castration-resistant prostate cancer: Targeting androgen metabolic pathways in recurrent disease.  Urologic Oncology: Seminars and Original Investigations. 27(3):251-7, 2009."
    },
    {
      "length": 223,
      "line_num": [
        50
      ],
      "start_index_in_file": 3950,
      "text": "Mendiratta P, Mostaghel EA, Guinney J, Tewori A, Porrello A, Barry W, Nelson PS, Febbo PG. A Genomic Strategy for Targeting Therapy in Castration-Resistant Prostate Cancer. Journal of Clinical Oncology. 27(12):2022-9, 2009."
    },
    {
      "length": 206,
      "line_num": [
        51
      ],
      "start_index_in_file": 4174,
      "text": "Harris, WP, Mostaghel EA, Nelson PS, Montgomery RB. Androgen deprivation therapy: progress in understanding mechanisms of resistance and optimizing androgen depletion. Nat Clin Pract Urol. 6(2):76-85, 2009."
    },
    {
      "length": 142,
      "line_num": [
        52
      ],
      "start_index_in_file": 4381,
      "text": "Marks LS, Mostaghel EA, Nelson PS. Prostate tissue androgens: History and current clinical relevance.  Journal of Urology. 72(2):247-54, 2008."
    },
    {
      "length": 250,
      "line_num": [
        53
      ],
      "start_index_in_file": 4524,
      "text": "Mostaghel EA, Montgomery RB, Vessella R, Hess DL, Kalhorn TF, Higano CS, True LD, Nelson PS. Maintenance of Intratumoral Androgens in Metastatic Prostate Cancer: A Mechanism for Castration-Resistant Tumor Growth. Cancer Research 68(11);4447-54, 2008."
    },
    {
      "length": 271,
      "line_num": [
        54
      ],
      "start_index_in_file": 4775,
      "text": "Mostaghel EA, and Nelson PS. Intracrine Androgen Metabolism in Prostate Cancer Progression: Mechanisms of Castration Resistance and Therapeutic Implications. Best Practice & Research Clinical Endocrinology & Metabolism: Endocrinology and the Prostate. 22(2):243-58, 2008."
    },
    {
      "length": 357,
      "line_num": [
        55
      ],
      "start_index_in_file": 5047,
      "text": "Mostaghel EA, Page ST, Lin DW, Fazli L, Coleman IM, True LD, Knudsen B, Hess DL, Nelson CC, Matsumoto AM, Bremner WJ, Gleave ME, and Nelson PS. Intraprostatic Androgens and Androgen-Regulated Gene Expression Persist Following Testosterone Suppression: Therapeutic Implications for Castration-Resistant Prostate Cancer. Cancer Research. 67(10):5033-41, 2007."
    },
    {
      "length": 144,
      "line_num": [
        56
      ],
      "start_index_in_file": 5405,
      "text": "Mostaghel EA, Montgomery RB, Lin DW. The Basic Biochemistry and Molecular Events of Hormone Therapy. Current Urology Reports. 8(3):224-32, 2007."
    },
    {
      "length": 281,
      "line_num": [
        57
      ],
      "start_index_in_file": 5550,
      "text": "Kalhorn TF, Page ST, Howald WN, Mostaghel EA, and Nelson PS.  Analysis of testosterone and dihydrotestosterone from biological fluids as the oxime derivatives using high-performance liquid chromatography/tandem mass spectrometry. Rapid Commun Mass Spectrom. 21(19):3200-3206, 2007."
    },
    {
      "length": 316,
      "line_num": [
        58
      ],
      "start_index_in_file": 5832,
      "text": "Marks LS, Mazer NA, Mostaghel EA, Hess DL, Dorey FJ, Bostwick DG, Epstein JI, Partin AW, Veltri RW, Makarov D, Macairan ML, and Nelson PS. Testosterone replacement therapy and the prostate: A randomized trial employing serial biopsies in aging men. Journal of the American Medical Association. 296(19):2351-61, 2006."
    },
    {
      "length": 260,
      "line_num": [
        59
      ],
      "start_index_in_file": 6149,
      "text": "Page ST, Lin DW, Mostaghel EA, Hess DL, True LD, Amory J, Nelson PS, Matsumoto AM, and Bremner WJ. Persistent intraprostatic androgen concentrations after medical castration in healthy men. Journal of Clinical Endocrinology and Metabolism. 91(10):3850-6, 2006."
    },
    {
      "length": 322,
      "line_num": [
        60
      ],
      "start_index_in_file": 6410,
      "text": "True L, Coleman I, Hawley S, Huang CY, Gifford D, Coleman R, Beer TM, Gelmann E, Datta M, Mostaghel EA, Knudsen B, Lange P, Vessella R, Lin D, Hood L, and Nelson PS. A molecular correlate to the Gleason grading system for prostate adenocarcinoma. Proceedings of the National Academy of Science. USA 103 (29):10991-6, 2006."
    },
    {
      "length": 23,
      "line_num": [
        61
      ],
      "start_index_in_file": 6733,
      "text": "Last updated: June 2010"
    }
  ],
  "url": "http://depts.washington.edu/oncology/faculty/mostaghel.html"
}