{
  "comment": "//leave comments here if needed",
  "contain_publication_list": "T",
  "email": "nwgaikwad@ucdavis.edu",
  "filename": "026b7b43-e2c6-40dc-9ace-4f7b6c1fe6ca",
  "info": "T means true, F means False. If no publications, just leave the publication structure unchanged.",
  "is_personal_homepage": "T",
  "name": "Nilesh W. Gaikwad",
  "name_index": [
    {
      "index_in_file": [
        [
          198,
          215
        ]
      ],
      "name_format": "Begin_First_Full Inside_Middle_Initial End_Last_Full",
      "text": "Nilesh W. Gaikwad"
    },
    {
      "index_in_file": [
        [
          1180,
          1188
        ]
      ],
      "name_format": "Begin_Last_Full End_First_Initial_Middle_Initial",
      "text": "Adamo AM"
    },
    {
      "index_in_file": [
        [
          1158,
          1166
        ]
      ],
      "name_format": "Begin_Last_Full End_First_Initial",
      "text": "Kucera H"
    },
    {
      "index_in_file": [
        [
          1190,
          1199
        ]
      ],
      "name_format": "Begin_Last_Full End_First_Initial",
      "text": "Mathieu P"
    },
    {
      "index_in_file": [
        [
          1577,
          1584
        ],
        [
          1929,
          1936
        ]
      ],
      "name_format": "Begin_Last_Full End_First_Initial",
      "text": "Jiang M"
    },
    {
      "index_in_file": [
        [
          1353,
          1363
        ]
      ],
      "name_format": "Begin_Last_Full End_First_Initial",
      "text": "Bettaieb A"
    },
    {
      "index_in_file": [
        [
          1201,
          1210
        ]
      ],
      "name_format": "Begin_Last_Full End_First_Initial_Middle_Initial",
      "text": "Oteiza PI"
    },
    {
      "index_in_file": [
        [
          1673,
          1679
        ]
      ],
      "name_format": "Begin_Last_Full End_First_Initial",
      "text": "Shen Q"
    },
    {
      "index_in_file": [
        [
          1421,
          1427
        ]
      ],
      "name_format": "Begin_Last_Full End_First_Initial_Middle_Initial",
      "text": "Haj FG"
    },
    {
      "index_in_file": [
        [
          1168,
          1178
        ],
        [
          1409,
          1419
        ],
        [
          1628,
          1638
        ]
      ],
      "name_format": "Begin_Last_Full End_First_Initial_Middle_Initial",
      "text": "Gaikwad NW"
    },
    {
      "index_in_file": [
        [
          1658,
          1662
        ]
      ],
      "name_format": "Begin_Last_Full End_First_Initial",
      "text": "He J"
    },
    {
      "index_in_file": [
        [
          1365,
          1373
        ]
      ],
      "name_format": "Begin_Last_Full End_First_Initial",
      "text": "Hosein E"
    },
    {
      "index_in_file": [
        [
          1606,
          1617
        ]
      ],
      "name_format": "Begin_Last_Full End_First_Initial_Middle_Initial",
      "text": "Mohammad MK"
    },
    {
      "index_in_file": [
        [
          1938,
          1942
        ]
      ],
      "name_format": "Begin_Last_Full End_First_Initial",
      "text": "Hu B"
    },
    {
      "index_in_file": [
        [
          1694,
          1698
        ]
      ],
      "name_format": "Begin_Last_Full End_First_Initial",
      "text": "Li S"
    },
    {
      "index_in_file": [
        [
          1375,
          1383
        ]
      ],
      "name_format": "Begin_Last_Full End_First_Initial",
      "text": "Chahed S"
    },
    {
      "index_in_file": [
        [
          1586,
          1593
        ]
      ],
      "name_format": "Begin_Last_Full End_First_Initial",
      "text": "Klein M"
    },
    {
      "index_in_file": [
        [
          1619,
          1626
        ]
      ],
      "name_format": "Begin_Last_Full End_First_Initial_Middle_Initial",
      "text": "Cave MC"
    },
    {
      "index_in_file": [
        [
          1640,
          1649
        ]
      ],
      "name_format": "Begin_Last_Full End_First_Initial_Middle_Initial",
      "text": "Selcer KW"
    },
    {
      "index_in_file": [
        [
          1914,
          1920
        ]
      ],
      "name_format": "Begin_Last_Full End_First_Initial",
      "text": "Chai X"
    },
    {
      "index_in_file": [
        [
          1147,
          1156
        ]
      ],
      "name_format": "Begin_Last_Full End_First_Initial",
      "text": "Supasai S"
    },
    {
      "index_in_file": [
        [
          1664,
          1671
        ]
      ],
      "name_format": "Begin_Last_Full End_First_Initial",
      "text": "Zhang X"
    },
    {
      "index_in_file": [
        [
          1385,
          1396
        ]
      ],
      "name_format": "Begin_Last_Full End_First_Initial",
      "text": "Abdulaziz A"
    },
    {
      "index_in_file": [
        [
          1688,
          1692
        ]
      ],
      "name_format": "Begin_Last_Full End_First_Initial",
      "text": "Li J"
    },
    {
      "index_in_file": [
        [
          1595,
          1604
        ]
      ],
      "name_format": "Begin_Last_Full End_First_Initial_Middle_Initial",
      "text": "Zanger UM"
    },
    {
      "index_in_file": [
        [
          1137,
          1145
        ]
      ],
      "name_format": "Begin_Last_Full End_First_Initial_Middle_Initial",
      "text": "Huang YL"
    },
    {
      "index_in_file": [
        [
          1398,
          1407
        ]
      ],
      "name_format": "Begin_Last_Full End_First_Initial_Middle_Initial",
      "text": "Kucera HR"
    },
    {
      "index_in_file": [
        [
          1700,
          1705
        ],
        [
          1907,
          1912
        ]
      ],
      "name_format": "Begin_Last_Full End_First_Initial",
      "text": "Xie W"
    },
    {
      "index_in_file": [
        [
          1681,
          1686
        ]
      ],
      "name_format": "Begin_Last_Full End_First_Initial",
      "text": "Qin W"
    },
    {
      "index_in_file": [
        [
          1651,
          1656
        ],
        [
          1922,
          1927
        ]
      ],
      "name_format": "Begin_Last_Full End_First_Initial",
      "text": "Guo Y"
    },
    {
      "index_in_file": [
        [
          388,
          395
        ],
        [
          417,
          424
        ],
        [
          703,
          710
        ],
        [
          1084,
          1091
        ]
      ],
      "name_format": "Begin_Last_Full",
      "text": "Gaikwad"
    }
  ],
  "publications": [
    {
      "length": 215,
      "line_num": [
        54
      ],
      "start_index_in_file": 1137,
      "text": "Huang YL, Supasai S, Kucera H, Gaikwad NW, Adamo AM, Mathieu P, Oteiza PI. Nutritional marginal zinc deficiency disrupts placental 11\u03b2-hydroxysteroid dehydrogenase type 2 modulation. Food Funct. 2015 Dec 8. [PubMed]"
    },
    {
      "length": 223,
      "line_num": [
        55
      ],
      "start_index_in_file": 1353,
      "text": "Bettaieb A, Hosein E, Chahed S, Abdulaziz A, Kucera HR, Gaikwad NW, Haj FG. Decreased adiposity and enhanced glucose tolerance in shikonin treated mice. Obesity (Silver Spring). 2015 Sep 16. doi: 10.1002/oby.21263. [PubMed]"
    }
  ],
  "url": "http://nutrition.ucdavis.edu/faculty/gaikwad/index.cfm"
}