[{"begin": 0, "end": 36, "text": "Ip BC, Cui F, Tripathi A, Morgan JR.", "tokenized_text": "Ip BC , Cui F , Tripathi A , Morgan JR .", "type": "authors", "id": 0}, {"begin": 37, "end": 145, "text": "The bio-gripper: a fluid-driven micro-manipulator of living tissue constructs for additive bio-manufacturing", "tokenized_text": "The bio - gripper : a fluid - driven micro - manipulator of living tissue constructs for additive bio - manufacturing", "type": "title", "id": 1}, {"begin": 147, "end": 161, "text": "Biofabrication", "tokenized_text": "Biofabrication", "type": "venue", "id": 2}, {"begin": 163, "end": 167, "text": "2016", "tokenized_text": "2016", "type": "year", "id": 3}]