[{"begin": 0, "end": 151, "text": "Dingle, Yu-Ting L., Boutin, Molly E., Chirila, Anda M., Livi, Liane L., Labriola, Nicholas R., Jakubek, Lorin M., Morgan, Jeffrey R., Darling, Eric M.,", "tokenized_text": "Dingle , Yu - Ting L . , Boutin , Molly E . , Chirila , Anda M . , Livi , Liane L . , Labriola , Nicholas R . , Jakubek , Lorin M . , Morgan , Jeffrey R . , Darling , Eric M . ,", "type": "authors", "id": 0}, {"begin": 152, "end": 187, "text": "Kauer, Julie A., Hoffman-Kim, Diane", "tokenized_text": "Kauer , Julie A . , Hoffman - Kim , Diane", "type": "authors", "id": 1}, {"begin": 189, "end": 289, "text": "Three-Dimensional Neural Spheroid Culture: An In Vitro Model for Cortical Studies Tissue engineering", "tokenized_text": "Three - Dimensional Neural Spheroid Culture : An In Vitro Model for Cortical Studies Tissue engineering", "type": "title", "id": 2}, {"begin": 291, "end": 297, "text": "Part C", "tokenized_text": "Part C", "type": "venue", "id": 3}, {"begin": 299, "end": 306, "text": "Methods", "tokenized_text": "Methods", "type": "venue", "id": 4}, {"begin": 308, "end": 312, "text": "2015", "tokenized_text": "2015", "type": "year", "id": 5}]