[{"begin": 0, "end": 136, "text": "Curran, Sean, Achilli, Toni-Marie, Leary, Elizabeth, Wilks, Benjamin T., Vantangoli, Marguerite M., Boekelheide, Kim, Morgan, Jeffrey R.", "tokenized_text": "Curran , Sean , Achilli , Toni - Marie , Leary , Elizabeth , Wilks , Benjamin T . , Vantangoli , Marguerite M . , Boekelheide , Kim , Morgan , Jeffrey R .", "type": "authors", "id": 0}, {"begin": 137, "end": 224, "text": "A 3D spheroid system to evaluate inhibitors of the ABCG2 transporter in drug uptake and", "tokenized_text": "A 3D spheroid system to evaluate inhibitors of the ABCG2 transporter in drug uptake and", "type": "title", "id": 1}, {"begin": 225, "end": 247, "text": "penetration Technology", "tokenized_text": "penetration Technology", "type": "venue", "id": 2}, {"begin": 249, "end": 253, "text": "2015", "tokenized_text": "2015", "type": "year", "id": 3}]