[{"begin": 0, "end": 49, "text": "Curran S, Vantangoli MM, Boekelheide K, Morgan JR", "tokenized_text": "Curran S , Vantangoli MM , Boekelheide K , Morgan JR", "type": "authors", "id": 0}, {"begin": 51, "end": 133, "text": "Architecture of Chimeric Spheroids Controls Drug Transport Cancer Microenvironment", "tokenized_text": "Architecture of Chimeric Spheroids Controls Drug Transport Cancer Microenvironment", "type": "title", "id": 1}, {"begin": 135, "end": 139, "text": "2015", "tokenized_text": "2015", "type": "year", "id": 2}]