[{"begin": 213, "end": 268, "text": "control the synthesis and alignment of ECM Biomaterials", "tokenized_text": "control the synthesis and alignment of ECM Biomaterials", "type": "title", "id": 0}, {"begin": 270, "end": 274, "text": "2016", "tokenized_text": "2016", "type": "year", "id": 1}, {"begin": 0, "end": 143, "text": "Schell, Jacquelyn Y., Wilks, Benjamin T., Patel, Mohak, Franck, Christian, Chalivendra, Vijaya, Cao, Xuan, Shenoy, Vivek B., Morgan, Jeffrey R.", "tokenized_text": "Schell , Jacquelyn Y . , Wilks , Benjamin T . , Patel , Mohak , Franck , Christian , Chalivendra , Vijaya , Cao , Xuan , Shenoy , Vivek B . , Morgan , Jeffrey R .", "type": "authors", "id": 2}, {"begin": 144, "end": 212, "text": "Harnessing cellular-derived forces in self-assembled microtissues to", "tokenized_text": "Harnessing cellular - derived forces in self - assembled microtissues to", "type": "title", "id": 3}]