[{"begin": 3, "end": 35, "text": "Kang, C., Lee, J., & Bennett, G.", "tokenized_text": "Kang , C . , Lee , J . , & Bennett , G .", "type": "authors", "id": 0}, {"begin": 37, "end": 41, "text": "2014", "tokenized_text": "2014", "type": "year", "id": 1}, {"begin": 44, "end": 180, "text": "Comparative analysis of sport consumer motivation affecting sport consumption behavior between American and Asian international students", "tokenized_text": "Comparative analysis of sport consumer motivation affecting sport consumption behavior between American and Asian international students", "type": "title", "id": 2}, {"begin": 182, "end": 223, "text": "International Journal of Sport Management", "tokenized_text": "International Journal of Sport Management", "type": "venue", "id": 3}]