[{"begin": 3, "end": 28, "text": "Ballouli, K., Bennett, G.", "tokenized_text": "Ballouli , K . , Bennett , G .", "type": "authors", "id": 0}, {"begin": 30, "end": 34, "text": "2014", "tokenized_text": "2014", "type": "year", "id": 1}, {"begin": 37, "end": 162, "text": "New (sound)waves in sport marketing: Do semantic differences in analogous music impact shopping behaviors of sport consumers?", "tokenized_text": "New ( sound ) waves in sport marketing : Do semantic differences in analogous music impact shopping behaviors of sport consumers ?", "type": "title", "id": 2}, {"begin": 163, "end": 188, "text": "Sport Marketing Quarterly", "tokenized_text": "Sport Marketing Quarterly", "type": "venue", "id": 3}]