[{"begin": 3, "end": 30, "text": "Reese, J. D., & Bennett, G.", "tokenized_text": "Reese , J . D . , & Bennett , G .", "type": "authors", "id": 0}, {"begin": 32, "end": 36, "text": "2013", "tokenized_text": "2013", "type": "year", "id": 1}, {"begin": 39, "end": 92, "text": "Fan satisfaction with the season ticket sales process", "tokenized_text": "Fan satisfaction with the season ticket sales process", "type": "title", "id": 2}, {"begin": 94, "end": 127, "text": "Journal of Contemporary Athletics", "tokenized_text": "Journal of Contemporary Athletics", "type": "venue", "id": 3}]