[{"begin": 3, "end": 41, "text": "Petrick, J.F., Bennett, G. & Tsuji, Y.", "tokenized_text": "Petrick , J . F . , Bennett , G . & Tsuji , Y .", "type": "authors", "id": 0}, {"begin": 43, "end": 47, "text": "2013", "tokenized_text": "2013", "type": "year", "id": 1}, {"begin": 50, "end": 128, "text": "Measuring Event Attendees Evaluations of a Sporting Event to Determine Loyalty", "tokenized_text": "Measuring Event Attendees Evaluations of a Sporting Event to Determine Loyalty", "type": "title", "id": 2}, {"begin": 130, "end": 146, "text": "Event Management", "tokenized_text": "Event Management", "type": "venue", "id": 3}]