[{"begin": 3, "end": 32, "text": "Hutchinson, M., & Bennett, G.", "tokenized_text": "Hutchinson , M . , & Bennett , G .", "type": "authors", "id": 0}, {"begin": 34, "end": 38, "text": "2012", "tokenized_text": "2012", "type": "year", "id": 1}, {"begin": 41, "end": 165, "text": "Core values brand building in sport: Stakeholder attitudes towards intercollegiate athletics and university brand congruency", "tokenized_text": "Core values brand building in sport : Stakeholder attitudes towards intercollegiate athletics and university brand congruency", "type": "title", "id": 2}, {"begin": 167, "end": 190, "text": "Sport Management Review", "tokenized_text": "Sport Management Review", "type": "venue", "id": 3}]