[{"begin": 3, "end": 30, "text": "Ballouli, K., & Bennett, G.", "tokenized_text": "Ballouli , K . , & Bennett , G .", "type": "authors", "id": 0}, {"begin": 32, "end": 36, "text": "2012", "tokenized_text": "2012", "type": "year", "id": 1}, {"begin": 39, "end": 94, "text": "Creating a sonic identity for the University of Houston", "tokenized_text": "Creating a sonic identity for the University of Houston", "type": "title", "id": 2}, {"begin": 96, "end": 121, "text": "Sport Marketing Quarterly", "tokenized_text": "Sport Marketing Quarterly", "type": "venue", "id": 3}]