[{"begin": 4, "end": 38, "text": "Tsuji, Y., Bennett, G., & Dees, W.", "tokenized_text": "Tsuji , Y . , Bennett , G . , & Dees , W .", "type": "authors", "id": 0}, {"begin": 40, "end": 44, "text": "2011", "tokenized_text": "2011", "type": "year", "id": 1}, {"begin": 47, "end": 118, "text": "Exploring the effects of sportscape at a professional tennis tournament", "tokenized_text": "Exploring the effects of sportscape at a professional tennis tournament", "type": "title", "id": 2}, {"begin": 120, "end": 161, "text": "International Journal of Sport Management", "tokenized_text": "International Journal of Sport Management", "type": "venue", "id": 3}]