[{"begin": 3, "end": 44, "text": "Kang, C., Bennett, G., & Welty-Peachy, J.", "tokenized_text": "Kang , C . , Bennett , G . , & Welty - Peachy , J .", "type": "authors", "id": 0}, {"begin": 46, "end": 50, "text": "2016", "tokenized_text": "2016", "type": "year", "id": 1}, {"begin": 53, "end": 105, "text": "Five dimensions of brand personality traits in sport", "tokenized_text": "Five dimensions of brand personality traits in sport", "type": "title", "id": 2}, {"begin": 107, "end": 130, "text": "Sport Management Review", "tokenized_text": "Sport Management Review", "type": "venue", "id": 3}]