[{"begin": 3, "end": 31, "text": "Wakefield, L., & Bennett, G.", "tokenized_text": "Wakefield , L . , & Bennett , G .", "type": "authors", "id": 0}, {"begin": 33, "end": 37, "text": "2016", "tokenized_text": "2016", "type": "year", "id": 1}, {"begin": 40, "end": 166, "text": "How do fans feel? A case analysis of measuring and modeling attitudes using partial least squares structural equation modeling", "tokenized_text": "How do fans feel ? A case analysis of measuring and modeling attitudes using partial least squares structural equation modeling", "type": "title", "id": 2}, {"begin": 168, "end": 200, "text": "Case Studies in Sport Management", "tokenized_text": "Case Studies in Sport Management", "type": "venue", "id": 3}]