[{"begin": 3, "end": 41, "text": "Reese, J. D., Brown, B., & Bennett, G.", "tokenized_text": "Reese , J . D . , Brown , B . , & Bennett , G .", "type": "authors", "id": 0}, {"begin": 43, "end": 47, "text": "2015", "tokenized_text": "2015", "type": "year", "id": 1}, {"begin": 50, "end": 171, "text": "Required donations: An empirical test of Prospect Theory & framing of per-seat contributions in intercollegiate athletics", "tokenized_text": "Required donations : An empirical test of Prospect Theory & framing of per - seat contributions in intercollegiate athletics", "type": "title", "id": 2}, {"begin": 173, "end": 202, "text": "Global Sport Business Journal", "tokenized_text": "Global Sport Business Journal", "type": "venue", "id": 3}]