{
  "comment": "//leave comments here if needed",
  "contain_publication_list": "F",
  "email": "Hyacinth.Spence@stonybrook.edu",
  "filename": "5039df31-69d4-4c13-b8bf-1e846c7e9ba0",
  "info": "T means true, F means False. If no publications, just leave the publication structure unchanged.",
  "is_personal_homepage": "T",
  "name": "Hyacinth Spence",
  "name_index": [
    {
      "index_in_file": [
        [
          96,
          111
        ],
        [
          118,
          133
        ]
      ],
      "name_format": "Begin_First_Full End_Last_Full",
      "text": "Hyacinth Spence"
    },
    {
      "in_email": "Before_At",
      "index_in_file": [
        [
          224,
          239
        ]
      ],
      "name_format": "Begin_First_Full End_Last_Full",
      "text": "Hyacinth.Spence"
    }
  ],
  "publications": [
    {
      "text": "COPY_SINGLE_PUBLICATION_HERE"
    },
    {
      "text": "COPY_SINGLE_PUBLICATION_HERE"
    }
  ],
  "url": "https://socialwelfare.stonybrookmedicine.edu/faculty-staff/spence"
}