[{"begin": 0, "end": 34, "text": "ADAJI EE, AHANKARI AS and MYLES PR", "tokenized_text": "ADAJI EE , AHANKARI AS and MYLES PR", "type": "authors", "id": 0}, {"begin": 36, "end": 40, "text": "2017", "tokenized_text": "2017", "type": "year", "id": 1}, {"begin": 42, "end": 176, "text": "An investigation to identify potential risk factors associated with common chronic diseases among the older population in India Indian", "tokenized_text": "An investigation to identify potential risk factors associated with common chronic diseases among the older population in India Indian", "type": "title", "id": 2}, {"begin": 177, "end": 197, "text": "J Community Medicine", "tokenized_text": "J Community Medicine", "type": "venue", "id": 3}]