[{"begin": 0, "end": 41, "text": "AHANKARI A, FOGARTY A, TATA L and MYLES P", "tokenized_text": "AHANKARI A , FOGARTY A , TATA L and MYLES P", "type": "authors", "id": 0}, {"begin": 43, "end": 47, "text": "2017", "tokenized_text": "2017", "type": "year", "id": 1}, {"begin": 49, "end": 166, "text": "Healthcare benefits linked with Below Poverty Line registration in India: Observations from Maharashtra Anaemia Study", "tokenized_text": "Healthcare benefits linked with Below Poverty Line registration in India : Observations from Maharashtra Anaemia Study", "type": "title", "id": 2}, {"begin": 171, "end": 186, "text": ") F1000Research", "tokenized_text": ") F1000Research", "type": "title", "id": 3}]