[{"begin": 0, "end": 50, "text": "AHANKARI A, BAPAT S, MYLES P, FOGARTY A and TATA L", "tokenized_text": "AHANKARI A , BAPAT S , MYLES P , FOGARTY A and TATA L", "type": "authors", "id": 0}, {"begin": 52, "end": 56, "text": "2017", "tokenized_text": "2017", "type": "year", "id": 1}, {"begin": 58, "end": 151, "text": "Factors associated with preterm delivery and low birth weight: a study from rural Maharashtra", "tokenized_text": "Factors associated with preterm delivery and low birth weight : a study from rural Maharashtra", "type": "title", "id": 2}, {"begin": 153, "end": 172, "text": "India F1000Research", "tokenized_text": "India F1000Research", "type": "venue", "id": 3}]