[{"begin": 0, "end": 94, "text": "MONA DAVE, PUJA MYLES, P AROKIASAMY, UTTAMACHARYA, P KHOBRAGADE, K MORTIMER and ANDREW FOGARTY", "tokenized_text": "MONA DAVE , PUJA MYLES , P AROKIASAMY , UTTAMACHARYA , P KHOBRAGADE , K MORTIMER and ANDREW FOGARTY", "type": "authors", "id": 0}, {"begin": 96, "end": 100, "text": "2017", "tokenized_text": "2017", "type": "year", "id": 1}, {"begin": 102, "end": 243, "text": "Household air pollution and lung function in Indian adults: a cross-sectional study International Union Against Tuberculosis and Lung Disease", "tokenized_text": "Household air pollution and lung function in Indian adults : a cross - sectional study International Union Against Tuberculosis and Lung Disease", "type": "title", "id": 2}]