{
  "comment": "//leave comments here if needed",
  "contain_publication_list": "F",
  "email": "kenneth.allen@uc.edu",
  "filename": "3954c64e-5eac-4c8c-a36a-b1fb964e5df0",
  "info": "T means true, F means False. If no publications, just leave the publication structure unchanged.",
  "is_personal_homepage": "T",
  "name": "Kenneth D Allen",
  "name_index": [
    {
      "index_in_file": [
        [
          507,
          522
        ]
      ],
      "name_format": "Begin_First_Full Inside_Middle_Initial End_Last_Full",
      "text": "Kenneth D Allen"
    },
    {
      "index_in_file": [
        [
          632,
          637
        ],
        [
          704,
          709
        ],
        [
          765,
          770
        ],
        [
          933,
          938
        ],
        [
          1085,
          1090
        ]
      ],
      "name_format": "Begin_Last_Full",
      "text": "Allen"
    }
  ],
  "publications": [
    {
      "text": "COPY_SINGLE_PUBLICATION_HERE"
    },
    {
      "text": "COPY_SINGLE_PUBLICATION_HERE"
    }
  ],
  "url": "http://ccm.uc.edu/emedia/faculty_staff.html?eid=allenke&thecomp=uceprof"
}