{
  "comment": "//leave comments here if needed",
  "contain_publication_list": "F",
  "email": "s.corporal@griffith.edu.au",
  "filename": "1f3cd4cf-1e86-448a-a620-7169ba6f1815",
  "info": "T means true, F means False. If no publications, just leave the publication structure unchanged.",
  "is_personal_homepage": "T",
  "name": "Stephen Corporal",
  "name_index": [
    {
      "index_in_file": [
        [
          144,
          160
        ],
        [
          190,
          206
        ],
        [
          396,
          412
        ]
      ],
      "name_format": "Begin_First_Full End_Last_Full",
      "text": "Stephen Corporal"
    },
    {
      "in_email": "BEFORE_AT",
      "index_in_file": [
        [
          841,
          851
        ]
      ],
      "name_format": "Begin_First_Initial End_Last_Full",
      "text": "s.corporal"
    }
  ],
  "publications": [
    {
      "text": "COPY_SINGLE_PUBLICATION_HERE"
    },
    {
      "text": "COPY_SINGLE_PUBLICATION_HERE"
    }
  ],
  "url": "http://app.griffith.edu.au/phonebook/phone-search.php?email=s.corporal@griffith.edu.au&format=advanced"
}