{
  "comment": "//leave comments here if needed",
  "contain_publication_list": "F",
  "email": "",
  "filename": "da9fde66-5c45-4fcf-8bac-d00d22b31251",
  "info": "T means true, F means False. If no publications, just leave the publication structure unchanged.",
  "is_personal_homepage": "T",
  "name": "Andrew James Vardanian",
  "name_index": [
    {
      "index_in_file": [
        [
          410,
          426
        ]
      ],
      "name_format": "Begin_First_Full End_Last_Full",
      "text": "Andrew Vardanian"
    },
    {
      "index_in_file": [
        [
          58,
          80
        ],
        [
          1569,
          1591
        ]
      ],
      "name_format": "Begin_First_Full Inside_Middle_Full End_Last_Full",
      "text": "Andrew James Vardanian"
    },
    {
      "index_in_file": [
        [
          922,
          931
        ],
        [
          1206,
          1215
        ]
      ],
      "name_format": "Begin_Last_Full",
      "text": "Vardanian"
    }
  ],
  "publications": [
    {
      "text": "COPY_SINGLE_PUBLICATION_HERE"
    },
    {
      "text": "COPY_SINGLE_PUBLICATION_HERE"
    }
  ],
  "url": "https://www.uclahealth.org/AndrewVardanian"
}