{
  "comment": "//leave comments here if needed",
  "contain_publication_list": "F",
  "email": "stull.8@osu.edu",
  "filename": "e71c09fd-039a-46a9-b80e-dd4fa10a94d8",
  "info": "T means true, F means False. If no publications, just leave the publication structure unchanged.",
  "is_personal_homepage": "T",
  "name": "Tony Stull",
  "name_index": [
    {
      "index_in_file": [
        [
          1184,
          1194
        ],
        [
          1251,
          1261
        ]
      ],
      "name_format": "Begin_First_Full End_Last_Full",
      "text": "Tony Stull"
    }
  ],
  "publications": [
    {
      "text": "COPY_SINGLE_PUBLICATION_HERE"
    },
    {
      "text": "COPY_SINGLE_PUBLICATION_HERE"
    }
  ],
  "url": "http://fst.osu.edu/our-people/mr-tony-stull"
}