{
  "comment": "//leave comments here if needed",
  "contain_publication_list": "F",
  "email": "COPY_AND_CORRECT_OWNER_EMAIL_HERE",
  "filename": "777a0a92-1870-45c6-a718-5678942a3850",
  "info": "T means true, F means False. If no publications, just leave the publication structure unchanged.",
  "is_personal_homepage": "F",
  "name": "COPY_OWNER_NAME_HERE",
  "publications": [
    {
      "text": "COPY_SINGLE_PUBLICATION_HERE"
    },
    {
      "text": "COPY_SINGLE_PUBLICATION_HERE"
    }
  ],
  "url": "http://www.its.kit.edu/Mitarbeiter_meiswinkel.php"
}