{
  "comment": "//leave comments here if needed",
  "contain_publication_list": "F",
  "email": "Susanne.Powell@anu.edu.au",
  "filename": "d9acb386-cb68-4032-bfc3-b7b97a0708eb",
  "info": "T means true, F means False. If no publications, just leave the publication structure unchanged.",
  "is_personal_homepage": "T",
  "name": "Susanne Powell",
  "name_index": [
    {
      "index_in_file": [
        [
          527,
          541
        ],
        [
          542,
          556
        ],
        [
          637,
          651
        ]
      ],
      "name_format": "Begin_First_Full End_Last_Full",
      "text": "Susanne Powell"
    },
    {
      "index_in_file": [
        [
          601,
          615
        ]
      ],
      "name_format": "Begin_First_Full End_Last_Full",
      "text": "Susanne.Powell"
    },
    {
      "index_in_file": [
        [
          1283,
          1296
        ]
      ],
      "name_format": "Begin_First_Full End_Last_Full",
      "text": "David Pereira"
    },
    {
      "index_in_file": [
        [
          1430,
          1442
        ]
      ],
      "name_format": "Begin_First_Full End_Last_Full",
      "text": "Allan Vivian"
    },
    {
      "index_in_file": [
        [
          991,
          1007
        ]
      ],
      "name_format": "Begin_First_Full End_Last_Full",
      "text": "Heinz Medjimorec"
    },
    {
      "index_in_file": [
        [
          877,
          888
        ]
      ],
      "name_format": "Begin_First_Full End_Last_Full",
      "text": "Nancy Salas"
    },
    {
      "index_in_file": [
        [
          893,
          905
        ]
      ],
      "name_format": "Begin_First_Full End_Last_Full",
      "text": "David Miller"
    },
    {
      "index_in_file": [
        [
          1009,
          1016
        ],
        [
          1157,
          1164
        ],
        [
          1363,
          1370
        ],
        [
          1722,
          1729
        ],
        [
          2185,
          2192
        ]
      ],
      "name_format": "Begin_First_Full",
      "text": "Susanne"
    },
    {
      "index_in_file": [
        [
          716,
          722
        ],
        [
          1813,
          1819
        ]
      ],
      "name_format": "Begin_Last_Full",
      "text": "Powell"
    },
    {
      "index_in_file": [
        [
          1223,
          1236
        ]
      ],
      "name_format": "Begin_First_Full Inside_Middle_Full End_Last_Full",
      "text": "Cho Liang Lin"
    }
  ],
  "publications": [
    {
      "text": "COPY_SINGLE_PUBLICATION_HERE"
    },
    {
      "text": "COPY_SINGLE_PUBLICATION_HERE"
    }
  ],
  "url": "http://music.anu.edu.au/people/susanne-powell"
}