{
  "comment": "//leave comments here if needed",
  "contain_publication_list": "F",
  "email": "m.haynes@uq.edu.au",
  "filename": "d9e44e3a-7c33-4daa-950a-8e1b0ea45218",
  "info": "T means true, F means False. If no publications, just leave the publication structure unchanged.",
  "is_personal_homepage": "T",
  "name": "Michele Haynes",
  "name_index": [
    {
      "index_in_file": [
        [
          225,
          239
        ],
        [
          747,
          761
        ],
        [
          2361,
          2375
        ]
      ],
      "name_format": "Begin_First_Full End_Last_Full",
      "text": "Michele Haynes"
    },
    {
      "index_in_file": [
        [
          1150,
          1157
        ],
        [
          1507,
          1514
        ]
      ],
      "name_format": "Begin_First_Full",
      "text": "Michele"
    },
    {
      "in_email": "Before_At",
      "index_in_file": [
        [
          2461,
          2469
        ]
      ],
      "name_format": "Begin_First_Initial End_Last_Full",
      "text": "m.haynes"
    }
  ],
  "publications": [
    {
      "text": "COPY_SINGLE_PUBLICATION_HERE"
    },
    {
      "text": "COPY_SINGLE_PUBLICATION_HERE"
    }
  ],
  "url": "http://issr.uq.edu.au/staff/haynes-michele"
}