{
  "comment": "//2 emails",
  "contain_publication_list": "T",
  "email": "dkakogia@vub.ac.be",
  "filename": "7f2680be-7537-4be2-a011-6a20408450c2",
  "info": "T means true, F means False. If no publications, just leave the publication structure unchanged.",
  "is_personal_homepage": "T",
  "name": "Dimitrios Kakogiannis",
  "name_index": [
    {
      "index_in_file": [
        [
          4686,
          4700
        ]
      ],
      "name_format": "Begin_First_Full End_Last_Full",
      "text": "Frans BOULPAEP"
    },
    {
      "index_in_file": [
        [
          4641,
          4649
        ]
      ],
      "name_format": "Begin_First_Full End_Last_Full",
      "text": "Bin YANG"
    },
    {
      "index_in_file": [
        [
          4581,
          4596
        ]
      ],
      "name_format": "Begin_First_Full End_Last_Full",
      "text": "Jolien VERVLOET"
    },
    {
      "index_in_file": [
        [
          4499,
          4511
        ]
      ],
      "name_format": "Begin_First_Full End_Last_Full",
      "text": "Olivier REMY"
    },
    {
      "index_in_file": [
        [
          4379,
          4392
        ]
      ],
      "name_format": "Begin_First_Full End_Last_Full",
      "text": "Aushim KOUMAR"
    },
    {
      "index_in_file": [
        [
          4701,
          4715
        ]
      ],
      "name_format": "Begin_First_Full End_Last_Full",
      "text": "Daniel DEBONDT"
    },
    {
      "index_in_file": [
        [
          4143,
          4153
        ]
      ],
      "name_format": "Begin_First_Full End_Last_Full",
      "text": "Johan BLOM"
    },
    {
      "index_in_file": [
        [
          4077,
          4089
        ]
      ],
      "name_format": "Begin_First_Full End_Last_Full",
      "text": "Tine TYSMANS"
    },
    {
      "index_in_file": [
        [
          4106,
          4118
        ]
      ],
      "name_format": "Begin_First_Full End_Last_Full",
      "text": "Jan WASTIELS"
    },
    {
      "index_in_file": [
        [
          4090,
          4105
        ]
      ],
      "name_format": "Begin_First_Full End_Last_Full",
      "text": "Johnny VANTOMME"
    },
    {
      "index_in_file": [
        [
          3994,
          4008
        ]
      ],
      "name_format": "Begin_First_Full End_Last_Full",
      "text": "Sven DUMORTIER"
    },
    {
      "index_in_file": [
        [
          4068,
          4076
        ]
      ],
      "name_format": "Begin_First_Full End_Last_Full",
      "text": "Hugo SOL"
    },
    {
      "index_in_file": [
        [
          4251,
          4265
        ]
      ],
      "name_format": "Begin_First_Full End_Last_Full",
      "text": "Sander FONTEYN"
    },
    {
      "index_in_file": [
        [
          99,
          120
        ],
        [
          4308,
          4329
        ]
      ],
      "name_format": "Begin_First_Full End_Last_Full",
      "text": "Dimitrios Kakogiannis"
    },
    {
      "index_in_file": [
        [
          3852,
          3864
        ]
      ],
      "name_format": "Begin_First_Full End_Last_Full",
      "text": "Katja BOSMAN"
    },
    {
      "index_in_file": [
        [
          4224,
          4234
        ]
      ],
      "name_format": "Begin_First_Full End_Last_Full",
      "text": "Evin DZAYE"
    },
    {
      "index_in_file": [
        [
          3865,
          3879
        ]
      ],
      "name_format": "Begin_First_Full End_Last_Full",
      "text": "Ann Herminaire"
    },
    {
      "index_in_file": [
        [
          4597,
          4608
        ]
      ],
      "name_format": "Begin_First_Full End_Last_Full",
      "text": "Evy VERWIMP"
    },
    {
      "index_in_file": [
        [
          4058,
          4067
        ]
      ],
      "name_format": "Begin_First_Full End_Last_Full",
      "text": "Lincy PYL"
    },
    {
      "index_in_file": [
        [
          4009,
          4021
        ]
      ],
      "name_format": "Begin_First_Full End_Last_Full",
      "text": "Clement HIEL"
    },
    {
      "index_in_file": [
        [
          4410,
          4429
        ]
      ],
      "name_format": "Begin_First_Full End_Last_Full",
      "text": "Georgios LIVITSANOS"
    },
    {
      "index_in_file": [
        [
          4530,
          4544
        ]
      ],
      "name_format": "Begin_First_Full End_Last_Full",
      "text": "Maria STRANTZA"
    },
    {
      "index_in_file": [
        [
          4430,
          4444
        ]
      ],
      "name_format": "Begin_First_Full End_Last_Full",
      "text": "Pieter MINNEBO"
    },
    {
      "index_in_file": [
        [
          4467,
          4482
        ]
      ],
      "name_format": "Begin_First_Full End_Last_Full",
      "text": "Gerrit PIERREUX"
    },
    {
      "index_in_file": [
        [
          4174,
          4190
        ]
      ],
      "name_format": "Begin_First_Full End_Last_Full",
      "text": "ward BRESSELEERS"
    },
    {
      "index_in_file": [
        [
          4266,
          4287
        ]
      ],
      "name_format": "Begin_First_Full End_Last_Full",
      "text": "Alexandros ILIOPOULOS"
    },
    {
      "index_in_file": [
        [
          4154,
          4173
        ]
      ],
      "name_format": "Begin_First_Full End_Last_Full",
      "text": "Massimo BOTTIGLIERI"
    },
    {
      "index_in_file": [
        [
          3934,
          3953
        ]
      ],
      "name_format": "Begin_First_Full End_Last_Full",
      "text": "Sigrid ADRIAENSSENS"
    },
    {
      "index_in_file": [
        [
          4545,
          4560
        ]
      ],
      "name_format": "Begin_First_Full End_Last_Full",
      "text": "Eleni TSANGOURI"
    },
    {
      "index_in_file": [
        [
          4561,
          4580
        ]
      ],
      "name_format": "Begin_First_Full End_Last_Full",
      "text": "Svetlana VERBRUGGEN"
    },
    {
      "index_in_file": [
        [
          3975,
          3993
        ]
      ],
      "name_format": "Begin_First_Full End_Last_Full",
      "text": "Christophe BAUDUIN"
    },
    {
      "index_in_file": [
        [
          4330,
          4358
        ]
      ],
      "name_format": "Begin_First_Full End_Last_Full",
      "text": "Kalliopi-Artemi KALTEREMIDOU"
    },
    {
      "index_in_file": [
        [
          4132,
          4142
        ]
      ],
      "name_format": "Begin_First_Full End_Last_Full",
      "text": "Lou AREIAS"
    },
    {
      "index_in_file": [
        [
          4512,
          4529
        ]
      ],
      "name_format": "Begin_First_Full End_Last_Full",
      "text": "Leonardo RUGGIERO"
    },
    {
      "index_in_file": [
        [
          4288,
          4307
        ]
      ],
      "name_format": "Begin_First_Full End_Last_Full",
      "text": "Sokratis ILIOPOULOS"
    },
    {
      "index_in_file": [
        [
          4483,
          4498
        ]
      ],
      "name_format": "Begin_First_Full End_Last_Full",
      "text": "Silke PUYSTIENS"
    },
    {
      "index_in_file": [
        [
          4650,
          4665
        ]
      ],
      "name_format": "Begin_First_Full End_Last_Full",
      "text": "Filip ZASTAVNIK"
    },
    {
      "index_in_file": [
        [
          4359,
          4378
        ]
      ],
      "name_format": "Begin_First_Full End_Last_Full",
      "text": "Grigorios KARAISKOS"
    },
    {
      "index_in_file": [
        [
          4022,
          4034
        ]
      ],
      "name_format": "Begin_First_Full End_Last_Full",
      "text": "Wim HOECKMAN"
    },
    {
      "index_in_file": [
        [
          4393,
          4409
        ]
      ],
      "name_format": "Begin_First_Full End_Last_Full",
      "text": "Gerlinde LEFEVER"
    },
    {
      "index_in_file": [
        [
          4632,
          4640
        ]
      ],
      "name_format": "Begin_First_Full End_Last_Full",
      "text": "Xing LIU"
    },
    {
      "index_in_file": [
        [
          4445,
          4466
        ]
      ],
      "name_format": "Begin_First_Full Inside_Last_Full End_Last_Full",
      "text": "Bernard OTIENO OMONDI"
    },
    {
      "index_in_file": [
        [
          4235,
          4250
        ]
      ],
      "name_format": "Begin_First_Full Inside_Last_Full End_Last_Full",
      "text": "Michael EL KADI"
    },
    {
      "index_in_file": [
        [
          3913,
          3933
        ]
      ],
      "name_format": "Begin_First_Full Inside_Last_Full End_Last_Full",
      "text": "Danny VAN HEMELRIJCK"
    },
    {
      "index_in_file": [
        [
          4191,
          4208
        ]
      ],
      "name_format": "Begin_First_Full Inside_Last_Full End_Last_Full",
      "text": "Matthias DE MUNCK"
    },
    {
      "index_in_file": [
        [
          4609,
          4631
        ]
      ],
      "name_format": "Begin_First_Full Inside_Last_Full End_Last_Full",
      "text": "Maciej MIKOLAJ WOZNIAK"
    },
    {
      "index_in_file": [
        [
          4209,
          4223
        ]
      ],
      "name_format": "Begin_First_Full Inside_Last_Full End_Last_Full",
      "text": "Sven DE SUTTER"
    },
    {
      "index_in_file": [
        [
          1115,
          1128
        ],
        [
          1441,
          1454
        ],
        [
          1726,
          1739
        ],
        [
          1998,
          2011
        ],
        [
          2339,
          2352
        ],
        [
          2685,
          2698
        ],
        [
          3024,
          3037
        ],
        [
          3348,
          3361
        ],
        [
          3623,
          3636
        ]
      ],
      "name_format": "Begin_First_Initial End_Last_Full",
      "text": "S. Palanivelu"
    },
    {
      "index_in_file": [
        [
          708,
          716
        ],
        [
          909,
          917
        ]
      ],
      "name_format": "Begin_First_Initial End_Last_Full",
      "text": "F. Coghe"
    },
    {
      "index_in_file": [
        [
          674,
          690
        ],
        [
          875,
          891
        ]
      ],
      "name_format": "Begin_First_Initial End_Last_Full",
      "text": "J. Sousa-Martins"
    },
    {
      "index_in_file": [
        [
          692,
          706
        ],
        [
          893,
          907
        ],
        [
          1173,
          1187
        ],
        [
          1523,
          1537
        ],
        [
          1810,
          1824
        ],
        [
          2043,
          2057
        ],
        [
          2397,
          2411
        ],
        [
          2730,
          2744
        ],
        [
          3069,
          3083
        ],
        [
          3409,
          3423
        ],
        [
          3575,
          3589
        ]
      ],
      "name_format": "Begin_First_Initial End_Last_Full",
      "text": "D. Kakogiannis"
    },
    {
      "index_in_file": [
        [
          1147,
          1158
        ],
        [
          1473,
          1484
        ],
        [
          1758,
          1769
        ],
        [
          2030,
          2041
        ],
        [
          2371,
          2382
        ],
        [
          2717,
          2728
        ],
        [
          3056,
          3067
        ],
        [
          3380,
          3391
        ]
      ],
      "name_format": "Begin_First_Initial End_Last_Full",
      "text": "J. Degrieck"
    },
    {
      "index_in_file": [
        [
          3668,
          3682
        ]
      ],
      "name_format": "Begin_First_Initial End_Last_Full",
      "text": "A. Kotzakolios"
    },
    {
      "index_in_file": [
        [
          718,
          727
        ],
        [
          919,
          928
        ],
        [
          1485,
          1494
        ]
      ],
      "name_format": "Begin_First_Initial End_Last_Full",
      "text": "B. Reymen"
    },
    {
      "index_in_file": [
        [
          1224,
          1235
        ],
        [
          1539,
          1550
        ],
        [
          1797,
          1808
        ],
        [
          2094,
          2105
        ],
        [
          2448,
          2459
        ],
        [
          2781,
          2792
        ],
        [
          3120,
          3131
        ],
        [
          3444,
          3455
        ],
        [
          3610,
          3621
        ]
      ],
      "name_format": "Begin_First_Initial End_Last_Full",
      "text": "J. Wastiels"
    },
    {
      "index_in_file": [
        [
          1160,
          1171
        ],
        [
          1510,
          1521
        ],
        [
          1784,
          1795
        ],
        [
          2107,
          2118
        ],
        [
          2384,
          2395
        ],
        [
          2794,
          2805
        ],
        [
          3133,
          3144
        ],
        [
          3457,
          3468
        ],
        [
          3655,
          3666
        ]
      ],
      "name_format": "Begin_First_Initial End_Last_Full",
      "text": "J. Vantomme"
    },
    {
      "index_in_file": [
        [
          729,
          745
        ],
        [
          934,
          950
        ]
      ],
      "name_format": "Begin_First_Initial End_Last_Full",
      "text": "F. Teixeira-Dias"
    },
    {
      "index_in_file": [
        [
          3684,
          3698
        ]
      ],
      "name_format": "Begin_First_Initial End_Last_Full",
      "text": "V. Kostopoulos"
    },
    {
      "index_in_file": [
        [
          1496,
          1508
        ]
      ],
      "name_format": "Begin_First_Initial End_Last_Full",
      "text": "J.-M. Ndambi"
    },
    {
      "index_in_file": [
        [
          1205,
          1222
        ],
        [
          1551,
          1568
        ],
        [
          1826,
          1843
        ],
        [
          2075,
          2092
        ],
        [
          2429,
          2446
        ],
        [
          2762,
          2779
        ],
        [
          3101,
          3118
        ],
        [
          3425,
          3442
        ],
        [
          3591,
          3608
        ]
      ],
      "name_format": "Begin_First_Initial Inside_Last_Full End_Last_Full",
      "text": "D. Van Hemelrijck"
    },
    {
      "index_in_file": [
        [
          1771,
          1782
        ]
      ],
      "name_format": "Begin_First_Initial Inside_Last_Full End_Last_Full",
      "text": "S. De Pauw "
    },
    {
      "index_in_file": [
        [
          1130,
          1145
        ],
        [
          1456,
          1471
        ],
        [
          1741,
          1756
        ],
        [
          2013,
          2028
        ],
        [
          2354,
          2369
        ],
        [
          2700,
          2715
        ],
        [
          3039,
          3054
        ],
        [
          3363,
          3378
        ],
        [
          3638,
          3653
        ]
      ],
      "name_format": "Begin_First_Initial Inside_Last_Full End_Last_Full",
      "text": "W. Van Paepegem"
    },
    {
      "index_in_file": [
        [
          1189,
          1203
        ],
        [
          2059,
          2073
        ],
        [
          2413,
          2427
        ],
        [
          2746,
          2760
        ],
        [
          3085,
          3099
        ],
        [
          3393,
          3407
        ]
      ],
      "name_format": "Begin_First_Initial Inside_Last_Full End_Last_Full",
      "text": "J. Van Ackeren"
    },
    {
      "index_in_file": [
        [
          3954,
          3974
        ]
      ],
      "name_format": "Begin_First_Full Inside_Middle_Initial End_Last_Full",
      "text": "Dimitrios G. AGGELIS"
    },
    {
      "index_in_file": [
        [
          4035,
          4057
        ]
      ],
      "name_format": "Begin_First_Full Inside_Middle_Full Inside_Last_Full End_Last_Full",
      "text": "Willy Patrick DE WILDE"
    },
    {
      "index_in_file": [
        [
          152,
          161
        ],
        [
          276,
          285
        ]
      ],
      "name_format": "Begin_First_Full",
      "text": "Dimitrios"
    },
    {
      "index_in_file": [
        [
          169,
          180
        ]
      ],
      "name_format": "Begin_Last_Full",
      "text": "Kakogiannis"
    },
    {
      "index_in_file": [
        [
          4716,
          4736
        ]
      ],
      "name_format": "Begin_First_Full Inside_Last_Full Inside_Last_Full End_Last_Full",
      "text": "Gabri\u00ebl VAN DEN NEST"
    }
  ],
  "publications": [
    {
      "length": 199,
      "line_num": [
        18
      ],
      "start_index_in_file": 674,
      "text": "J. Sousa-Martins, D. Kakogiannis, F. Coghe, B. Reymen, F. Teixeira-Dias, Behaviour of sandwich structures with cork compound cores subjected to blast waves, Engineering Structures, 46 (2013), 140-14."
    },
    {
      "length": 239,
      "line_num": [
        19
      ],
      "start_index_in_file": 875,
      "text": "J. Sousa-Martins, D. Kakogiannis, F. Coghe, B. Reymen, and F. Teixeira-Dias, Response of cork compounds subjected to impulsive blast loads An experimental and numerical approach, European Physics Journal, Special Topics, 206 (2012), 61\u201370."
    },
    {
      "length": 325,
      "line_num": [
        20
      ],
      "start_index_in_file": 1115,
      "text": "S. Palanivelu, W. Van Paepegem, J. Degrieck, J. Vantomme, D. Kakogiannis, J. Van Ackeren, D. Van Hemelrijck, J. Wastiels, Crushing and energy absorption performance of different geometrical shapes of small-scale glass/polyester composite tubes under quasi-static loading conditions. Composite structures, 93 (2011), 992-1007."
    },
    {
      "length": 283,
      "line_num": [
        21
      ],
      "start_index_in_file": 1441,
      "text": "S. Palanivelu, W. Van Paepegem, J. Degrieck,B. Reymen, J.-M. Ndambi, J. Vantomme, D. Kakogiannis, J. Wastiels,D. Van Hemelrijck, Close-range blast loading on empty recyclable metal beverage cans for use in sacrificial cladding structure. Engineering Structures, 33 (2011), 1966-1987."
    },
    {
      "length": 271,
      "line_num": [
        22
      ],
      "start_index_in_file": 1726,
      "text": "S. Palanivelu, W. Van Paepegem, J. Degrieck, S. De Pauw , J. Vantomme, J. Wastiels, D. Kakogiannis ,D. Van Hemelrijck, Low velocity axial impact crushing performance of empty recyclable metal beverage cans. International Journal of Impact Engineering, 38 (2011), 622-636."
    },
    {
      "length": 340,
      "line_num": [
        23
      ],
      "start_index_in_file": 1998,
      "text": "S. Palanivelu, W. Van Paepegem, J. Degrieck, D. Kakogiannis, J. Van Ackeren, D. Van Hemelrijck, J. Wastiels, J. Vantomme, Parametric study of crushing parameters and failure patterns of pultruded composite tubes using cohesive elements and seam. Part II: Multiple delaminations and triggering modelling. Polymer Testing, 29 (2010), 803-814."
    },
    {
      "length": 345,
      "line_num": [
        24
      ],
      "start_index_in_file": 2339,
      "text": "S. Palanivelu, W. Van Paepegem, J. Degrieck, J. Vantomme, D. Kakogiannis, J. Van Ackeren, D. Van Hemelrijck, J. Wastiels, Comparison of the crushing performance of hollow and foam-filled small-scale composite tubes with different geometrical shapes for use in sacrificial cladding structures. Composites Part B (Engineering), 41 (2010), 434-445."
    },
    {
      "length": 338,
      "line_num": [
        25
      ],
      "start_index_in_file": 2685,
      "text": "S. Palanivelu, W. Van Paepegem, J. Degrieck, D. Kakogiannis, J. Van Ackeren, D. Van Hemelrijck, J. Wastiels, J. Vantomme, Parametric study of crushing parameters and failure patterns of pultruded composite tubes using cohesive elements and seam. Part I: Central delaminations and triggering modelling. Polymer testing, 29 (2010), 729-741."
    },
    {
      "length": 323,
      "line_num": [
        26
      ],
      "start_index_in_file": 3024,
      "text": "S. Palanivelu, W. Van Paepegem, J. Degrieck, D. Kakogiannis, J. Van Ackeren, D. Van Hemelrijck, J. Wastiels, J. Vantomme, Comparative study of the quasi-static energy absorption of small-scale composite tubes with different geometrical shapes for use in sacrificial cladding structures. Polymer testing, 29 (2010), 381-396."
    },
    {
      "length": 226,
      "line_num": [
        27
      ],
      "start_index_in_file": 3348,
      "text": "S. Palanivelu, W. Van Paepegem, J. Degrieck, J. Van Ackeren, D. Kakogiannis, D. Van Hemelrijck, J. Wastiels, J. Vantomme, Experimental study on axial crushing of pultruded composite tubes. Polymer testing, 29 (2010), 224- 234."
    },
    {
      "length": 253,
      "line_num": [
        28
      ],
      "start_index_in_file": 3575,
      "text": "D. Kakogiannis, D. Van Hemelrijck, J. Wastiels, S. Palanivelu, W. Van Paepegem, J. Vantomme, A. Kotzakolios, V. Kostopoulos, Assessment of pressure waves generated by explosive loading. CMES-Computer Modeling in Engineering & Sciences, 65 (2010), 75-93."
    }
  ],
  "url": "http://www.vub.ac.be/MEMC/node/52"
}