[{"begin": 0, "end": 31, "text": "M.D. Goodrich and J.R. Rinderle", "tokenized_text": "M . D . Goodrich and J . R . Rinderle", "type": "authors", "id": 0}, {"begin": 34, "end": 89, "text": "An Objective Approach to Design Configuration Selection", "tokenized_text": "An Objective Approach to Design Configuration Selection", "type": "title", "id": 1}, {"begin": 92, "end": 156, "text": "Proceedings of the ASME Design Theory and Methodology Conference", "tokenized_text": "Proceedings of the ASME Design Theory and Methodology Conference", "type": "venue", "id": 2}, {"begin": 187, "end": 191, "text": "1997", "tokenized_text": "1997", "type": "year", "id": 3}]