[{"begin": 0, "end": 13, "text": "J.R. Rinderle", "tokenized_text": "J . R . Rinderle", "type": "authors", "id": 0}, {"begin": 16, "end": 83, "text": "Using Attribute Grammars to Bridge Conceptual and Parametric Design", "tokenized_text": "Using Attribute Grammars to Bridge Conceptual and Parametric Design", "type": "title", "id": 1}, {"begin": 93, "end": 154, "text": "International Conference on Artificial Intelligence in Design", "tokenized_text": "International Conference on Artificial Intelligence in Design", "type": "venue", "id": 2}, {"begin": 156, "end": 183, "text": "Grammatical Design Workshop", "tokenized_text": "Grammatical Design Workshop", "type": "venue", "id": 3}, {"begin": 190, "end": 194, "text": "1996", "tokenized_text": "1996", "type": "year", "id": 4}]