[{"begin": 0, "end": 13, "text": "J.R. Rinderle", "tokenized_text": "J . R . Rinderle", "type": "authors", "id": 0}, {"begin": 16, "end": 139, "text": "Grammatical Approaches to Engineering Design, Part II: Melding Configuration and Parametric Design Using Attribute Grammars", "tokenized_text": "Grammatical Approaches to Engineering Design , Part II : Melding Configuration and Parametric Design Using Attribute Grammars", "type": "title", "id": 1}, {"begin": 142, "end": 172, "text": "Research in Engineering Design", "tokenized_text": "Research in Engineering Design", "type": "venue", "id": 2}, {"begin": 202, "end": 206, "text": "1990", "tokenized_text": "1990", "type": "year", "id": 3}]