[{"begin": 0, "end": 29, "text": "S.P. Hoover and J.R. Rinderle", "tokenized_text": "S . P . Hoover and J . R . Rinderle", "type": "authors", "id": 0}, {"begin": 32, "end": 44, "text": "Abstractions", "tokenized_text": "Abstractions", "type": "title", "id": 1}, {"begin": 46, "end": 71, "text": "Design Views and Focusing", "tokenized_text": "Design Views and Focusing", "type": "title", "id": 2}, {"begin": 93, "end": 144, "text": "Sixth ASME Design Theory and Methodology Conference", "tokenized_text": "Sixth ASME Design Theory and Methodology Conference", "type": "venue", "id": 3}, {"begin": 170, "end": 174, "text": "1994", "tokenized_text": "1994", "type": "year", "id": 4}, {"begin": 209, "end": 237, "text": "Journal of Mechanical Design", "tokenized_text": "Journal of Mechanical Design", "type": "venue", "id": 5}]