{
  "comment": "//leave comments here if needed",
  "contain_publication_list": "F",
  "email": "sanghyeon.yu@sam.math.ethz.ch",
  "filename": "233aabd7-6cb9-43f6-9674-40ec5e83c928",
  "info": "T means true, F means False. If no publications, just leave the publication structure unchanged.",
  "is_personal_homepage": "T",
  "name": "Sanghyeon Yu",
  "name_index": [
    {
      "index_in_file": [
        [
          310,
          327
        ]
      ],
      "name_format": "Begin_First_Full End_Last_Full",
      "text": "Siddhartha Mishra"
    },
    {
      "index_in_file": [
        [
          387,
          400
        ]
      ],
      "name_format": "Begin_First_Full End_Last_Full",
      "text": "Rima Alaifari"
    },
    {
      "index_in_file": [
        [
          328,
          341
        ]
      ],
      "name_format": "Begin_First_Full End_Last_Full",
      "text": "Ralf Hiptmair"
    },
    {
      "index_in_file": [
        [
          342,
          358
        ]
      ],
      "name_format": "Begin_First_Full End_Last_Full",
      "text": "Christoph Schwab"
    },
    {
      "index_in_file": [
        [
          374,
          386
        ]
      ],
      "name_format": "Begin_First_Full End_Last_Full",
      "text": "Habib Ammari"
    },
    {
      "index_in_file": [
        [
          154,
          166
        ],
        [
          251,
          263
        ],
        [
          441,
          453
        ],
        [
          458,
          470
        ],
        [
          486,
          498
        ]
      ],
      "name_format": "Begin_First_Full End_Last_Full",
      "text": "Sanghyeon Yu"
    },
    {
      "index_in_file": [
        [
          359,
          373
        ]
      ],
      "name_format": "Begin_First_Full End_Last_Full",
      "text": "Arnulf Jentzen"
    }
  ],
  "publications": [
    {
      "text": "COPY_SINGLE_PUBLICATION_HERE"
    },
    {
      "text": "COPY_SINGLE_PUBLICATION_HERE"
    }
  ],
  "url": "https://www.math.ethz.ch/sam/the-institute/people.html?u=yusa"
}