[{"begin": 0, "end": 101, "text": "Measurement of neutrino oscillation parameters from muon neutrino disappearance with an off-axis beam", "tokenized_text": "Measurement of neutrino oscillation parameters from muon neutrino disappearance with an off - axis beam", "type": "title", "id": 0}, {"begin": 103, "end": 107, "text": "2013", "tokenized_text": "2013", "type": "year", "id": 1}, {"begin": 109, "end": 126, "text": "T2K Collaboration", "tokenized_text": "T2K Collaboration", "type": "venue", "id": 2}]