[{"begin": 0, "end": 37, "text": "T2K neutrino flux prediction\nPhysical", "tokenized_text": "T2K neutrino flux prediction Physical", "type": "title", "id": 0}, {"begin": 38, "end": 46, "text": "Review D", "tokenized_text": "Review D", "type": "venue", "id": 1}, {"begin": 47, "end": 58, "text": "- Particles", "tokenized_text": "- Particles", "type": "title", "id": 2}, {"begin": 60, "end": 66, "text": "Fields", "tokenized_text": "Fields", "type": "venue", "id": 3}, {"begin": 98, "end": 102, "text": "2013", "tokenized_text": "2013", "type": "year", "id": 4}, {"begin": 106, "end": 136, "text": "Abe, N Abgrall, H Aihara et al", "tokenized_text": "Abe , N Abgrall , H Aihara et al", "type": "authors", "id": 5}]