[{"begin": 0, "end": 105, "text": "Measurement of the inclusive nu(mu) charged current cross section on carbon in the near detector of the T", "tokenized_text": "Measurement of the inclusive nu ( mu ) charged current cross section on carbon in the near detector of the T", "type": "title", "id": 0}, {"begin": 109, "end": 126, "text": "PHYSICAL REVIEW D", "tokenized_text": "PHYSICAL REVIEW D", "type": "venue", "id": 1}, {"begin": 131, "end": 135, "text": "2013", "tokenized_text": "2013", "type": "year", "id": 2}, {"begin": 156, "end": 178, "text": "N Abgrall, H Aihara et", "tokenized_text": "N Abgrall , H Aihara et", "type": "authors", "id": 3}]