{
  "comment": "//leave comments here if needed",
  "contain_publication_list": "F",
  "email": "wxu@cs.stonybrook.edu",
  "filename": "cd35bf5f-2efd-4cd0-aec4-96ef80180839",
  "info": "T means true, F means False. If no publications, just leave the publication structure unchanged.",
  "is_personal_homepage": "T",
  "name": "Wei Xu",
  "name_index": [
    {
      "index_in_file": [
        [
          132,
          138
        ],
        [
          139,
          145
        ],
        [
          172,
          178
        ],
        [
          516,
          522
        ],
        [
          804,
          810
        ],
        [
          1067,
          1073
        ]
      ],
      "name_format": "Begin_First_Full End_Last_Full",
      "text": "Wei Xu"
    }
  ],
  "publications": [
    {
      "text": "COPY_SINGLE_PUBLICATION_HERE"
    },
    {
      "text": "COPY_SINGLE_PUBLICATION_HERE"
    }
  ],
  "url": "https://www.cs.stonybrook.edu/people/faculty/WeiXu"
}