{
  "comment": "//irregular text at line 63 and 66",
  "contain_publication_list": "T",
  "email": "p.quick@sheffield.ac.uk",
  "filename": "d287ba67-1c33-4dcc-8ec4-92cf63e66ccc",
  "info": "T means true, F means False. If no publications, just leave the publication structure unchanged.",
  "is_personal_homepage": "T",
  "name": "W Paul Quick",
  "name_index": [
    {
      "index_in_file": [
        [
          5946,
          5957
        ],
        [
          6742,
          6753
        ],
        [
          6994,
          7005
        ],
        [
          7125,
          7136
        ],
        [
          7779,
          7790
        ],
        [
          7974,
          7985
        ],
        [
          8112,
          8123
        ]
      ],
      "name_format": "Begin_Last_Full Inside_First_Initial End_Middle_Initial",
      "text": "Quick, W.P."
    },
    {
      "index_in_file": [
        [
          7388,
          7398
        ]
      ],
      "name_format": "Begin_Last_Full Inside_First_Initial End_Middle_Initial",
      "text": "Quick W.P."
    },
    {
      "index_in_file": [
        [
          6496,
          6504
        ],
        [
          7364,
          7372
        ]
      ],
      "name_format": "Begin_Last_Full Inside_First_Initial_Middle_Initial",
      "text": "Foyer CH"
    },
    {
      "index_in_file": [
        [
          7807,
          7818
        ]
      ],
      "name_format": "Begin_Last_Full Inside_First_Initial End_Middle_Initial",
      "text": "Foyer, C.H."
    },
    {
      "index_in_file": [
        [
          6755,
          6768
        ]
      ],
      "name_format": "Begin_Last_Full Inside_First_Initial End_Middle_Initial",
      "text": "Neuhaus, H.E."
    },
    {
      "index_in_file": [
        [
          7689,
          7701
        ]
      ],
      "name_format": "Begin_Last_Full Inside_First_Initial End_Middle_Initial",
      "text": "Habash, D.Z."
    },
    {
      "index_in_file": [
        [
          5936,
          5944
        ]
      ],
      "name_format": "Begin_Last_Full Inside_First_Initial End_Middle_Initial",
      "text": "Lunn J.E"
    },
    {
      "index_in_file": [
        [
          8100,
          8110
        ]
      ],
      "name_format": "Begin_Last_Full End_First_Initial",
      "text": "Schulz, A."
    },
    {
      "index_in_file": [
        [
          5958,
          5968
        ]
      ],
      "name_format": "Begin_Last_Full Inside_First_Initial End_Middle_Initial",
      "text": "Foyer C.F."
    },
    {
      "index_in_file": [
        [
          7820,
          7832
        ]
      ],
      "name_format": "Begin_Last_Full Inside_First_Initial End_Middle_Initial",
      "text": "Miflin, B.J."
    },
    {
      "index_in_file": [
        [
          7941,
          7956
        ]
      ],
      "name_format": "Begin_Last_Full Inside_First_Initial End_Middle_Initial",
      "text": "Beerling, D. J."
    },
    {
      "index_in_file": [
        [
          8138,
          8152
        ]
      ],
      "name_format": "Begin_Last_Full Inside_First_Initial End_Middle_Initial",
      "text": "Kersting, H.J."
    },
    {
      "index_in_file": [
        [
          5973,
          5985
        ]
      ],
      "name_format": "Begin_Last_Full Inside_First_Initial End_Middle_Initial",
      "text": "Furbank R.T."
    },
    {
      "index_in_file": [
        [
          6964,
          6978
        ],
        [
          7109,
          7123
        ],
        [
          7958,
          7972
        ]
      ],
      "name_format": "Begin_Last_Full Inside_First_Initial End_Middle_Initial",
      "text": "Woodward, F.I."
    },
    {
      "index_in_file": [
        [
          7703,
          7717
        ]
      ],
      "name_format": "Begin_Last_Full Inside_First_Initial End_Middle_Initial",
      "text": "Madgwick, P.J."
    },
    {
      "index_in_file": [
        [
          7719,
          7729
        ]
      ],
      "name_format": "Begin_Last_Full Inside_First_Initial End_Middle_Initial",
      "text": "Paul, M.J."
    },
    {
      "index_in_file": [
        [
          6516,
          6524
        ],
        [
          7374,
          7382
        ]
      ],
      "name_format": "Begin_Last_Full Inside_First_Initial_Middle_Initial",
      "text": "Rolfe SA"
    },
    {
      "index_in_file": [
        [
          7656,
          7665
        ]
      ],
      "name_format": "Begin_Last_Full Inside_First_Initial_Middle_Initial",
      "text": "Sparks CA"
    },
    {
      "index_in_file": [
        [
          6163,
          6174
        ]
      ],
      "name_format": "Begin_Last_Full Inside_First_Initial_Middle_Initial",
      "text": "Woodward FI"
    },
    {
      "index_in_file": [
        [
          6276,
          6284
        ]
      ],
      "name_format": "Begin_Last_Full Inside_First_Initial_Middle_Initial",
      "text": "Abbas MA"
    },
    {
      "index_in_file": [
        [
          3475,
          3483
        ],
        [
          6176,
          6184
        ],
        [
          6297,
          6305
        ],
        [
          6526,
          6534
        ],
        [
          7223,
          7231
        ]
      ],
      "name_format": "Begin_Last_Full Inside_First_Initial_Middle_Initial",
      "text": "Quick WP"
    },
    {
      "index_in_file": [
        [
          7667,
          7679
        ]
      ],
      "name_format": "Begin_Last_Full Inside_First_Initial_Middle_Initial",
      "text": "Castleden CK"
    },
    {
      "index_in_file": [
        [
          3461,
          3473
        ]
      ],
      "name_format": "Begin_Last_Full Inside_First_Initial_Middle_Initial",
      "text": "Brentnall SJ"
    },
    {
      "index_in_file": [
        [
          6152,
          6161
        ]
      ],
      "name_format": "Begin_Last_Full Inside_First_Initial_Middle_Initial",
      "text": "Thomas PW"
    },
    {
      "index_in_file": [
        [
          7211,
          7221
        ]
      ],
      "name_format": "Begin_Last_Full Inside_First_Initial_Middle_Initial",
      "text": "Hibberd JM"
    },
    {
      "index_in_file": [
        [
          3448,
          3459
        ]
      ],
      "name_format": "Begin_Last_Full Inside_First_Initial_Middle_Initial",
      "text": "Fletcher BJ"
    },
    {
      "index_in_file": [
        [
          6485,
          6494
        ],
        [
          7353,
          7362
        ]
      ],
      "name_format": "Begin_Last_Full Inside_First_Initial_Middle_Initial",
      "text": "Baxter CJ"
    },
    {
      "index_in_file": [
        [
          4856,
          4869
        ],
        [
          5349,
          5362
        ]
      ],
      "name_format": "Begin_First_Full End_Last_Full",
      "text": "Peter Buchner"
    },
    {
      "index_in_file": [
        [
          6265,
          6274
        ]
      ],
      "name_format": "Begin_First_Full End_Last_Full",
      "text": "Khedr AHA"
    },
    {
      "index_in_file": [
        [
          4167,
          4178
        ]
      ],
      "name_format": "Begin_First_Full End_Last_Full",
      "text": "Sarah Overy"
    },
    {
      "index_in_file": [
        [
          3849,
          3863
        ]
      ],
      "name_format": "Begin_First_Full End_Last_Full",
      "text": "Mohammed Sabar"
    },
    {
      "index_in_file": [
        [
          4787,
          4799
        ],
        [
          5280,
          5292
        ]
      ],
      "name_format": "Begin_First_Full End_Last_Full",
      "text": "Naohiro Aoki"
    },
    {
      "index_in_file": [
        [
          3698,
          3712
        ]
      ],
      "name_format": "Begin_First_Full End_Last_Full",
      "text": "Maxime Caillau"
    },
    {
      "index_in_file": [
        [
          4589,
          4598
        ],
        [
          5765,
          5774
        ]
      ],
      "name_format": "Begin_First_Initial Inside_Middle_Initial End_Last_Full",
      "text": "S.A. Hill"
    },
    {
      "index_in_file": [
        [
          4604,
          4614
        ],
        [
          5780,
          5790
        ]
      ],
      "name_format": "Begin_First_Initial Inside_Middle_Initial End_Last_Full",
      "text": "W.P. Quick"
    },
    {
      "index_in_file": [
        [
          4572,
          4586
        ],
        [
          5748,
          5762
        ]
      ],
      "name_format": "Begin_First_Initial Inside_Middle_Initial End_Last_Full",
      "text": "L.J. Sweetlove"
    },
    {
      "index_in_file": [
        [
          4558,
          4569
        ],
        [
          5734,
          5745
        ]
      ],
      "name_format": "Begin_First_Initial Inside_Middle_Initial End_Last_Full",
      "text": "C.J. Baxter"
    },
    {
      "index_in_file": [
        [
          4505,
          4515
        ],
        [
          5681,
          5691
        ]
      ],
      "name_format": "Begin_First_Initial Inside_Middle_Initial End_Last_Full",
      "text": "S.A. Overy"
    },
    {
      "index_in_file": [
        [
          4518,
          4529
        ],
        [
          5694,
          5705
        ]
      ],
      "name_format": "Begin_First_Initial Inside_Middle_Initial End_Last_Full",
      "text": "H.J. Walker"
    },
    {
      "index_in_file": [
        [
          4544,
          4555
        ],
        [
          5720,
          5731
        ]
      ],
      "name_format": "Begin_First_Initial Inside_Middle_Initial End_Last_Full",
      "text": "T.P. Howard"
    },
    {
      "index_in_file": [
        [
          4532,
          4542
        ],
        [
          5708,
          5718
        ]
      ],
      "name_format": "Begin_First_Initial End_Last_Full",
      "text": "S. Malone1"
    },
    {
      "index_in_file": [
        [
          4374,
          4382
        ],
        [
          5537,
          5545
        ]
      ],
      "name_format": "Begin_First_Initial End_Last_Full",
      "text": "W. Quick"
    },
    {
      "index_in_file": [
        [
          4364,
          4372
        ],
        [
          5527,
          5535
        ]
      ],
      "name_format": "Begin_First_Initial End_Last_Full",
      "text": "S. Overy"
    },
    {
      "in_email": "BEFORE_AT",
      "index_in_file": [
        [
          275,
          282
        ]
      ],
      "name_format": "Begin_First_Initial End_Last_Full",
      "text": "p.quick"
    },
    {
      "index_in_file": [
        [
          4356,
          4362
        ],
        [
          5519,
          5525
        ]
      ],
      "name_format": "Begin_First_Initial End_Last_Full",
      "text": "R.Dunn"
    },
    {
      "index_in_file": [
        [
          3830,
          3847
        ],
        [
          4148,
          4165
        ]
      ],
      "name_format": "Begin_First_Full Inside_Middle_Initial End_Last_Full",
      "text": "Charles J. Baxter"
    },
    {
      "index_in_file": [
        [
          5025,
          5045
        ]
      ],
      "name_format": "Begin_First_Full Inside_Middle_Initial End_Last_Full",
      "text": "Stephen J. Trevanion"
    },
    {
      "index_in_file": [
        [
          5123,
          5135
        ]
      ],
      "name_format": "Begin_First_Full Inside_Middle_Initial End_Last_Full",
      "text": "John E. Lunn"
    },
    {
      "index_in_file": [
        [
          4871,
          4889
        ],
        [
          5066,
          5084
        ],
        [
          5364,
          5382
        ]
      ],
      "name_format": "Begin_First_Full Inside_Middle_Initial End_Last_Full",
      "text": "Christine H. Foyer"
    },
    {
      "index_in_file": [
        [
          4891,
          4908
        ],
        [
          5086,
          5103
        ],
        [
          5384,
          5401
        ]
      ],
      "name_format": "Begin_First_Full Inside_Middle_Initial End_Last_Full",
      "text": "Robert T. Furbank"
    },
    {
      "index_in_file": [
        [
          3883,
          3899
        ],
        [
          4198,
          4214
        ]
      ],
      "name_format": "Begin_First_Full Inside_Middle_Initial End_Last_Full",
      "text": "Lee J. Sweetlove"
    },
    {
      "index_in_file": [
        [
          4801,
          4821
        ],
        [
          5294,
          5314
        ]
      ],
      "name_format": "Begin_First_Full Inside_Middle_Initial End_Last_Full",
      "text": "Vanessa J. Gillespie"
    },
    {
      "index_in_file": [
        [
          4823,
          4840
        ],
        [
          5316,
          5333
        ]
      ],
      "name_format": "Begin_First_Full Inside_Middle_Initial End_Last_Full",
      "text": "Elspeth A. MacRae"
    },
    {
      "index_in_file": [
        [
          3488,
          3505
        ]
      ],
      "name_format": "Begin_First_Full Inside_Middle_Initial End_Last_Full",
      "text": "David J. Beerling"
    },
    {
      "index_in_file": [
        [
          6980,
          6988
        ],
        [
          7099,
          7107
        ],
        [
          7931,
          7939
        ]
      ],
      "name_format": "Begin_Last_Full End_First_Initial",
      "text": "Lake, J."
    },
    {
      "index_in_file": [
        [
          6705,
          6716
        ]
      ],
      "name_format": "Begin_Last_Full End_First_Initial",
      "text": "Conrath, U."
    },
    {
      "index_in_file": [
        [
          8058,
          8074
        ]
      ],
      "name_format": "Begin_Last_Full End_First_Initial",
      "text": "Geigenberger, P."
    },
    {
      "index_in_file": [
        [
          7681,
          7687
        ]
      ],
      "name_format": "Begin_Last_Full End_First_Initial",
      "text": "West J"
    },
    {
      "index_in_file": [
        [
          6729,
          6740
        ]
      ],
      "name_format": "Begin_Last_Full End_First_Initial",
      "text": "Jeblick, W."
    },
    {
      "index_in_file": [
        [
          7731,
          7741
        ]
      ],
      "name_format": "Begin_Last_Full End_First_Initial",
      "text": "Noctor, G."
    },
    {
      "index_in_file": [
        [
          6718,
          6727
        ]
      ],
      "name_format": "Begin_Last_Full End_First_Initial",
      "text": "Linke, C."
    },
    {
      "index_in_file": [
        [
          8125,
          8136
        ]
      ],
      "name_format": "Begin_Last_Full End_First_Initial",
      "text": "Betsche, T."
    },
    {
      "index_in_file": [
        [
          7756,
          7762
        ]
      ],
      "name_format": "Begin_Last_Full End_First_Initial",
      "text": "Wu, R."
    },
    {
      "index_in_file": [
        [
          7743,
          7754
        ]
      ],
      "name_format": "Begin_Last_Full End_First_Initial",
      "text": "Harrison, J"
    },
    {
      "index_in_file": [
        [
          8076,
          8086
        ]
      ],
      "name_format": "Begin_Last_Full End_First_Initial",
      "text": "Stamme, C."
    },
    {
      "index_in_file": [
        [
          6506,
          6514
        ]
      ],
      "name_format": "Begin_Last_Full End_First_Initial",
      "text": "Turner J"
    },
    {
      "index_in_file": [
        [
          7764,
          7777
        ]
      ],
      "name_format": "Begin_Last_Full End_First_Initial",
      "text": "Wilkinson, J."
    },
    {
      "index_in_file": [
        [
          8088,
          8098
        ]
      ],
      "name_format": "Begin_Last_Full End_First_Initial",
      "text": "Tjaden, J."
    },
    {
      "index_in_file": [
        [
          8158,
          8169
        ]
      ],
      "name_format": "Begin_Last_Full End_First_Initial",
      "text": "Neuhaus, E."
    },
    {
      "index_in_file": [
        [
          4910,
          4917
        ],
        [
          5403,
          5410
        ]
      ],
      "name_format": "Begin_Last_Full End_First_Initial",
      "text": "John E."
    },
    {
      "index_in_file": [
        [
          4768,
          4785
        ],
        [
          5047,
          5064
        ],
        [
          5261,
          5278
        ]
      ],
      "name_format": "Begin_First_Initial Inside_Middle_Full End_Last_Full",
      "text": "C. Kate Castleden"
    },
    {
      "index_in_file": [
        [
          4842,
          4854
        ],
        [
          5335,
          5347
        ]
      ],
      "name_format": "Begin_First_Initial Inside_Middle_Full End_Last_Full",
      "text": "W.Paul Quick"
    },
    {
      "index_in_file": [
        [
          187,
          199
        ],
        [
          230,
          242
        ]
      ],
      "name_format": "Begin_First_Initial Inside_Middle_Full End_Last_Full",
      "text": "W Paul Quick"
    },
    {
      "index_in_file": [
        [
          3717,
          3730
        ],
        [
          3865,
          3878
        ],
        [
          4180,
          4193
        ],
        [
          5105,
          5118
        ]
      ],
      "name_format": "Begin_First_Initial Inside_Middle_Full End_Last_Full",
      "text": "W. Paul Quick"
    },
    {
      "index_in_file": [
        [
          6286,
          6295
        ]
      ],
      "name_format": "Begin_Last_Full Inside_First_Initial_Middle_Initial_Middle_Initial",
      "text": "Wahid AAA"
    },
    {
      "index_in_file": [
        [
          7792,
          7805
        ]
      ],
      "name_format": "Begin_Last_Full Inside_First_Initial Inside_Middle_Initial End_Middle_Initial",
      "text": "Parry, M.A.J."
    }
  ],
  "publications": [
    {
      "length": 248,
      "line_num": [
        52
      ],
      "start_index_in_file": 3448,
      "text": "Fletcher BJ, Brentnall SJ, Quick WP and David J. Beerling (2006) BRYOCARB: A process-based model of thallose liverwort carbon isotope fractionation in response toCO(2), O-2, light and temperature. GEOCHIMICA ET COSMOCHIMICA ACTA 70 (23): 5676-5691."
    },
    {
      "length": 130,
      "line_num": [
        54
      ],
      "start_index_in_file": 3698,
      "text": "Maxime Caillau and W. Paul Quick (2005) New insights into plant transaldolase. Plant Journal (Available on line, June publication)"
    },
    {
      "length": 316,
      "line_num": [
        56
      ],
      "start_index_in_file": 3830,
      "text": "Charles J. Baxter, Mohammed Sabar, W. Paul Quick and Lee J. Sweetlove (2005) Comparison of changes in fruit gene expression in an introgression line population of tomato plants provides evidence of genome-wide transcriptional changes and reveals links to mapped QTL's and described traits. J. Exp. Bot 56; 1591-1604."
    },
    {
      "length": 206,
      "line_num": [
        58
      ],
      "start_index_in_file": 4148,
      "text": "Charles J. Baxter, Sarah Overy, W. Paul Quick and Lee J. Sweetlove (2005) Fruit carbohydrate metabolism in an introgression line of tomato with increased fruit soluble solids. Plant Cell Environ. (In Press)"
    },
    {
      "length": 147,
      "line_num": [
        60
      ],
      "start_index_in_file": 4356,
      "text": "R.Dunn, S. Overy, W. Quick (2005) Evaluation of Automated Electrospray-TOF Mass Spectrometry for Metabolite Fingerprinting. Metabolomics 1; 137-148"
    },
    {
      "length": 262,
      "line_num": [
        62
      ],
      "start_index_in_file": 4505,
      "text": "S.A. Overy1, H.J. Walker1, S. Malone1, T.P. Howard1, C.J. Baxter2, L.J. Sweetlove2, S.A. Hill2 and W.P. Quick1. (2005) Application of metabolite profiling to the identification of traits in a population of \ntomato introgression lines. J Exp Bot 56 (410): 287-296"
    },
    {
      "length": 256,
      "line_num": [
        64
      ],
      "start_index_in_file": 4769,
      "text": "C. Kate Castleden, Naohiro Aoki, Vanessa J. Gillespie, Elspeth A. MacRae, W.Paul Quick, Peter Buchner, Christine H. Foyer, Robert T. Furbank, John E. (2004) Evolution and function of sucrose phosphate synthase in \nwheat. Plant Physiology 135 (3): 1753-1764"
    },
    {
      "length": 234,
      "line_num": [
        66
      ],
      "start_index_in_file": 5027,
      "text": "Stephen J. Trevanion, C. Kate Castleden, Christine H. Foyer, Robert T. Furbank, W. Paul Quick and John E. Lunn (2004) Regulation of sucrose-phosphate synthase in wheat (Triticum aestivum) leaves. Functional Plant Biology 31(7) 685-695"
    },
    {
      "length": 256,
      "line_num": [
        68
      ],
      "start_index_in_file": 5263,
      "text": "C. Kate Castleden, Naohiro Aoki, Vanessa J. Gillespie, Elspeth A. MacRae, W.Paul Quick, Peter Buchner, Christine H. Foyer, Robert T. Furbank, John E. (2004) Evolution and function of sucrose phosphate synthase in wheat. Plant Physiology 135 (3): 1753-1764."
    },
    {
      "length": 160,
      "line_num": [
        70
      ],
      "start_index_in_file": 5521,
      "text": "R.Dunn, S. Overy, W. Quick (2004) Evaluation of Automated Electrospray-TOF Mass Spectrometry for Metabolite Fingerprinting. J American Soc Mass Spec (In Press)."
    },
    {
      "length": 253,
      "line_num": [
        72
      ],
      "start_index_in_file": 5683,
      "text": "S.A. Overy1, H.J. Walker1, S. Malone1, T.P. Howard1, C.J. Baxter2, L.J. Sweetlove2, S.A. Hill2 and W.P. Quick. (2004) Application of metabolite profiling to the identification of traits in a population of tomato introgression lines J.Exp.Bot (In Press)."
    },
    {
      "length": 214,
      "line_num": [
        74
      ],
      "start_index_in_file": 5938,
      "text": "Lunn J.E, Quick, W.P. Foyer C.F. and Furbank R.T. (2004) Evolution and function of the sucrose-phosphate synthase gene families in wheat (Triticum aestivum L.) and other grasses. Functional Plant Biology (In press)"
    },
    {
      "length": 111,
      "line_num": [
        76
      ],
      "start_index_in_file": 6154,
      "text": "Thomas PW, Woodward FI, Quick WP. (2004) Systemic irradiance signalling in tobacco. NEW PHYTOL 161 (1): 193-198"
    },
    {
      "length": 218,
      "line_num": [
        78
      ],
      "start_index_in_file": 6267,
      "text": "Khedr AHA, Abbas MA, Wahid AAA, Quick WP. (2003) Proline induces the expression of salt-stress-responsive proteins and may improve the adaptation of Pancratium maritimum L. to salt-stress. J EXP BOT 54 (392): 2553-2562"
    },
    {
      "length": 218,
      "line_num": [
        80
      ],
      "start_index_in_file": 6487,
      "text": "Baxter CJ, Foyer CH, Turner J, Rolfe SA, Quick WP. (2003) Elevated sucrose-phosphate synthase activity in transgenic tobacco sustains photosynthesis in older leaves and alters development. J EXP BOT 54 (389): 1813-1820"
    },
    {
      "length": 257,
      "line_num": [
        82
      ],
      "start_index_in_file": 6707,
      "text": "Conrath, U., Linke, C., Jeblick, W., Quick, W.P., Neuhaus, H.E. (2003) Enhanced resistance to Phytophora infestans and Alternaria solani in leaves or tubers of potato plants with decreased activity of the plastidic ATP/ADP transporter. PLANTA 217 (1): 75-83"
    },
    {
      "length": 133,
      "line_num": [
        84
      ],
      "start_index_in_file": 6966,
      "text": "Woodward, F.I., Lake, J., and Quick, W.P. (2002) Stomatal Development and CO2: Ecological consequences. New Phytologist 153, 477-484."
    },
    {
      "length": 110,
      "line_num": [
        86
      ],
      "start_index_in_file": 7101,
      "text": "Lake, J., Woodward, F.I., Quick, W.P. (2002) Long-distance CO2 signalling in plants. J. Exp. Bot. v 53 no 367."
    },
    {
      "length": 140,
      "line_num": [
        88
      ],
      "start_index_in_file": 7213,
      "text": "Hibberd JM, Quick WP (2002) Characteristics of C-4 photosynthesis in stems and petioles of C-3 flowering plants. Nature 415 (6870): 451-454."
    },
    {
      "length": 301,
      "line_num": [
        90
      ],
      "start_index_in_file": 7355,
      "text": "Baxter CJ, Foyer CH, Rolfe SA, and Quick W.P. (2001) A comparison of the carbohydrate composition and kinetic properties of sucrose phosphate synthase (SPS) in transgenic tobacco (Nicotiana tabacum) leaves expressing maize SPS protein with untransformed controls. Ann. Appl. Biol. 138 (1): 47-55 2001."
    },
    {
      "length": 273,
      "line_num": [
        92
      ],
      "start_index_in_file": 7658,
      "text": "Sparks CA, Castleden CK, West J, Habash, D.Z., Madgwick, P.J., Paul, M.J., Noctor, G., Harrison, J, Wu, R., Wilkinson, J., Quick, W.P., Parry, M.A.J., Foyer, C.H., Miflin, B.J. (2001) Potential for manipulating carbon metabolism in wheat. Ann Appl Biol 138 (1): 33-45 2001."
    },
    {
      "length": 125,
      "line_num": [
        94
      ],
      "start_index_in_file": 7933,
      "text": "Lake, J., Beerling, D. J., Woodward, F.I., Quick, W.P. (2001) Environmental control of stomatal density. Nature 411, 154-155."
    },
    {
      "length": 288,
      "line_num": [
        96
      ],
      "start_index_in_file": 8060,
      "text": "Geigenberger, P., Stamme, C., Tjaden, J., Schulz, A., Quick, W.P., Betsche, T., Kersting, H.J., and Neuhaus, E. (2001) Tuber Physiology and properties of starch from tubers of transgenic potato plants with altered plastidic adenylate transporter activity. Plant Physiology 125, 1667-1709."
    }
  ],
  "url": "http://www.sheffield.ac.uk/aps/staff-and-students/acadstaff/quick"
}