[{"begin": 0, "end": 37, "text": "• Wilson DR, McWalter EJ, Johnston ", "tokenized_text": "• Wilson DR , McWalter EJ , Johnston JD", "type": "authors", "id": 0}, {"begin": 39, "end": 130, "text": ". The measurement of joint mechanics and their role in osteoarthritis genesis and progressi", "tokenized_text": "The measurement of joint mechanics and their role in osteoarthritis genesis and progression", "type": "title", "id": 1}, {"begin": 132, "end": 174, "text": ". Rheumatic Disease Clinics of North Ameri", "tokenized_text": "Rheumatic Disease Clinics of North America", "type": "venue", "id": 2}, {"begin": 176, "end": 180, "text": ". 20", "tokenized_text": "2013", "type": "year", "id": 3}, {"begin": 217, "end": 221, "text": "c.20", "tokenized_text": "2012", "type": "year", "id": 4}]