[{"begin": 0, "end": 50, "text": "• Amiri S, Masri BA, Garbuz D, Anglin C, Wilson ", "tokenized_text": "• Amiri S , Masri BA , Garbuz D , Anglin C , Wilson DR", "type": "authors", "id": 0}, {"begin": 52, "end": 140, "text": ". A multiplanar radiography method for assessing cup orientation in total hip arthroplas", "tokenized_text": "A multiplanar radiography method for assessing cup orientation in total hip arthroplasty", "type": "title", "id": 1}, {"begin": 142, "end": 178, "text": ". Journal of Biomechanical Engineeri", "tokenized_text": "Journal of Biomechanical Engineering", "type": "venue", "id": 2}, {"begin": 180, "end": 184, "text": ". 20", "tokenized_text": "2012", "type": "year", "id": 3}]