[{"begin": 0, "end": 71, "text": "• d’Entremont AG, Nordmeyer-Massner JA, Bos C, Wilson DR, Pruessman", "tokenized_text": "• d’Entremont AG , Nordmeyer - Massner JA , Bos C , Wilson DR , Pruessmann KP", "type": "authors", "id": 0}, {"begin": 73, "end": 159, "text": "KP. Do dynamic-based MR knee kinematics methods produce the same results as static met", "tokenized_text": "Do dynamic - based MR knee kinematics methods produce the same results as static methods", "type": "title", "id": 1}, {"begin": 161, "end": 191, "text": "ds? Magnetic Resonance in Medi", "tokenized_text": "Magnetic Resonance in Medicine", "type": "venue", "id": 2}, {"begin": 193, "end": 197, "text": "ne. ", "tokenized_text": "2012", "type": "year", "id": 3}]