[{"begin": 0, "end": 63, "text": "• Hacihaliloglu I, Wilson DR, Gilbart M, Hunt MA, Abolmaesumi", "tokenized_text": "• Hacihaliloglu I , Wilson DR , Gilbart M , Hunt MA , Abolmaesumi P", "type": "authors", "id": 0}, {"begin": 65, "end": 182, "text": ". Non-iterative partial view 3D ultrasound to CT registration in ultrasound-guided computer-assisted orthopedic surge", "tokenized_text": "Non - iterative partial view 3D ultrasound to CT registration in ultrasound - guided computer - assisted orthopedic surgery", "type": "title", "id": 1}, {"begin": 184, "end": 248, "text": ". International Journal of Computer Assisted Radiology and Surge", "tokenized_text": "International Journal of Computer Assisted Radiology and Surgery", "type": "venue", "id": 2}, {"begin": 250, "end": 254, "text": ". 20", "tokenized_text": "2012", "type": "year", "id": 3}]