[{"begin": 245, "end": 248, "text": "2 M", "tokenized_text": "May", "type": "venue", "id": 0}, {"begin": 0, "end": 88, "text": "• Wilson DC, Connolly RJ, Zhu Q, Emery JL, Kingwell SP, Kitchel S, Cripton PA, Wilson ", "tokenized_text": "• Wilson DC , Connolly RJ , Zhu Q , Emery JL , Kingwell SP , Kitchel S , Cripton PA , Wilson DR", "type": "authors", "id": 1}, {"begin": 90, "end": 199, "text": ". An ex vivo biomechanical comparison of a novel vertebral compression fracture treatment system to kyphoplas", "tokenized_text": "An ex vivo biomechanical comparison of a novel vertebral compression fracture treatment system to kyphoplasty", "type": "title", "id": 2}, {"begin": 201, "end": 222, "text": ". Clinical Biomechani", "tokenized_text": "Clinical Biomechanics", "type": "venue", "id": 3}, {"begin": 240, "end": 244, "text": ". 20", "tokenized_text": "2012", "type": "year", "id": 4}]