[{"begin": 0, "end": 50, "text": "• Johnston JD, Kontulainen SA, Masri BA, Wilson ", "tokenized_text": "• Johnston JD , Kontulainen SA , Masri BA , Wilson DR", "type": "authors", "id": 0}, {"begin": 52, "end": 190, "text": ". Predicting subchondral bone stiffness using a depth-specific CT topographic mapping technique in normal and osteoarthritic proximal tibi", "tokenized_text": "Predicting subchondral bone stiffness using a depth - specific CT topographic mapping technique in normal and osteoarthritic proximal tibiae", "type": "title", "id": 1}, {"begin": 192, "end": 213, "text": ". Clinical Biomechani", "tokenized_text": "Clinical Biomechanics", "type": "venue", "id": 2}, {"begin": 215, "end": 222, "text": " (Brist", "tokenized_text": "Bristol", "type": "venue", "id": 3}, {"begin": 231, "end": 235, "text": ". 20", "tokenized_text": "2011", "type": "year", "id": 4}]