[{"begin": 0, "end": 77, "text": "• McWalter EJ, Hunter DJ, Harvey WF, McCree P, Hirko KA, Felson DT, Wilson ", "tokenized_text": "• McWalter EJ , Hunter DJ , Harvey WF , McCree P , Hirko KA , Felson DT , Wilson DR", "type": "authors", "id": 0}, {"begin": 79, "end": 205, "text": ". The effect of a patellar brace on three-dimensional patellar kinematics in patients with lateral patellofemoral osteoarthrit", "tokenized_text": "The effect of a patellar brace on three - dimensional patellar kinematics in patients with lateral patellofemoral osteoarthritis", "type": "title", "id": 1}, {"begin": 207, "end": 235, "text": ". Osteoarthritis and Cartila", "tokenized_text": "Osteoarthritis and Cartilage", "type": "venue", "id": 2}, {"begin": 237, "end": 241, "text": ". 20", "tokenized_text": "2011", "type": "year", "id": 3}]