[{"begin": 251, "end": 255, "text": "]. 2", "tokenized_text": "2010", "type": "year", "id": 0}, {"begin": 0, "end": 85, "text": "• Pollard TC, McNally EG, Wilson DC, Wilson DR, Mädler B, Watson M, Gill HS, Carr ", "tokenized_text": "• Pollard TC , McNally EG , Wilson DC , Wilson DR , Mädler B , Watson M , Gill HS , Carr AJ .", "type": "authors", "id": 1}, {"begin": 86, "end": 209, "text": "J. Localized cartilage assessment with three-dimensional dGEMRIC in asymptomatic hips with normal morphology and cam deform", "tokenized_text": "Localized cartilage assessment with three - dimensional dGEMRIC in asymptomatic hips with normal morphology and cam deformity", "type": "title", "id": 2}, {"begin": 211, "end": 244, "text": "y. Journal of Bone and Joint Surg", "tokenized_text": "Journal of Bone and Joint Surgery", "type": "venue", "id": 3}]