[{"begin": 0, "end": 57, "text": "• Greaves LL, Gilbart MK, Yung AC, Kozlowski P, Wilson ", "tokenized_text": "• Greaves LL , Gilbart MK , Yung AC , Kozlowski P , Wilson DR", "type": "authors", "id": 0}, {"begin": 59, "end": 153, "text": ". Effect of acetabular labral tears, repair and resection on hip cartilage strain: A 7T MR stu", "tokenized_text": "Effect of acetabular labral tears , repair and resection on hip cartilage strain : A 7T MR study", "type": "title", "id": 1}, {"begin": 155, "end": 178, "text": ". Journal of Biomechani", "tokenized_text": "Journal of Biomechanics", "type": "venue", "id": 2}, {"begin": 180, "end": 184, "text": ". 20", "tokenized_text": "2010", "type": "year", "id": 3}]