[{"begin": 0, "end": 35, "text": "• McWalter EJ, Hunter DJ, Wilson ", "tokenized_text": "• McWalter EJ , Hunter DJ , Wilson DR", "type": "authors", "id": 0}, {"begin": 37, "end": 114, "text": ". The effect of load magnitude on three-dimensional patellar kinematics in vi", "tokenized_text": "The effect of load magnitude on three - dimensional patellar kinematics in vivo", "type": "title", "id": 1}, {"begin": 116, "end": 139, "text": ". Journal of Biomechani", "tokenized_text": "Journal of Biomechanics", "type": "venue", "id": 2}, {"begin": 141, "end": 145, "text": ". 20", "tokenized_text": "2010", "type": "year", "id": 3}]