[{"begin": 276, "end": 282, "text": "Pathol", "tokenized_text": "Pathol", "type": "venue", "id": 0}, {"begin": 283, "end": 287, "text": "2014", "tokenized_text": "2014", "type": "year", "id": 1}, {"begin": 0, "end": 51, "text": "Rabban JT, Garg K, Crawford B, Chen LM, Zaloudek CJ", "tokenized_text": "Rabban JT , Garg K , Crawford B , Chen LM , Zaloudek CJ", "type": "authors", "id": 2}, {"begin": 53, "end": 264, "text": "Early Detection of High Grade Tubal Serous Carcinoma in Women at Low Risk for Hereditary Breast and Ovarian Cancer Syndrome By Systematic Examination of Fallopian Tubes Incidentally Removed During Benign Surgery", "tokenized_text": "Early Detection of High Grade Tubal Serous Carcinoma in Women at Low Risk for Hereditary Breast and Ovarian Cancer Syndrome By Systematic Examination of Fallopian Tubes Incidentally Removed During Benign Surgery", "type": "title", "id": 3}, {"begin": 266, "end": 275, "text": "Am J Surg", "tokenized_text": "Am J Surg", "type": "venue", "id": 4}]