[{"begin": 0, "end": 31, "text": "Rabban JT, Vohra P, Zaloudek CJ", "tokenized_text": "Rabban JT , Vohra P , Zaloudek CJ", "type": "authors", "id": 0}, {"begin": 33, "end": 205, "text": "Non-Gynecologic Metastases to Fallopian Tube Mucosa: A Potential Mimic of Tubal High Grade Serous Carcinoma and Benign Tubal Mucinous Metaplasia or Non-mucinous Hyperplasia", "tokenized_text": "Non - Gynecologic Metastases to Fallopian Tube Mucosa : A Potential Mimic of Tubal High Grade Serous Carcinoma and Benign Tubal Mucinous Metaplasia or Non - mucinous Hyperplasia", "type": "title", "id": 1}, {"begin": 207, "end": 224, "text": "Am J Surg Pathol.", "tokenized_text": "Am J Surg Pathol .", "type": "venue", "id": 2}, {"begin": 225, "end": 229, "text": "2015", "tokenized_text": "2015", "type": "year", "id": 3}]