[{"begin": 0, "end": 53, "text": "Rabban JT, Firetag B, Sangoi AR, Post MD, Zaloudek CJ", "tokenized_text": "Rabban JT , Firetag B , Sangoi AR , Post MD , Zaloudek CJ", "type": "authors", "id": 0}, {"begin": 55, "end": 268, "text": "Incidental Pelvic and Para-aortic Lymph Node Lymphangioleiomyomatosis Detected During Surgical Staging of Pelvic Cancer in Women Without Symptomatic Pulmonary Lymphangioleiomyomatosis or Tuberous Sclerosis Complex", "tokenized_text": "Incidental Pelvic and Para - aortic Lymph Node Lymphangioleiomyomatosis Detected During Surgical Staging of Pelvic Cancer in Women Without Symptomatic Pulmonary Lymphangioleiomyomatosis or Tuberous Sclerosis Complex", "type": "title", "id": 1}, {"begin": 270, "end": 286, "text": "Am J Surg Pathol", "tokenized_text": "Am J Surg Pathol", "type": "venue", "id": 2}, {"begin": 288, "end": 292, "text": "2015", "tokenized_text": "2015", "type": "year", "id": 3}]