[{"begin": 275, "end": 286, "text": "Surg Pathol", "tokenized_text": "Surg Pathol", "type": "venue", "id": 0}, {"begin": 288, "end": 292, "text": "2014", "tokenized_text": "2014", "type": "year", "id": 1}, {"begin": 0, "end": 78, "text": "Rabban JT, Calkins SM, Karnezis AN, Grenert JP, Blanco A, Crawford B, Chen LM.", "tokenized_text": "Rabban JT , Calkins SM , Karnezis AN , Grenert JP , Blanco A , Crawford B , Chen LM .", "type": "authors", "id": 2}, {"begin": 79, "end": 268, "text": "Association of Tumor Morphology With Mismatch-repair Protein Status in Older Endometrial Cancer Patients: Implications for Universal Versus Selective Screening Strategies for Lynch Syndrome", "tokenized_text": "Association of Tumor Morphology With Mismatch - repair Protein Status in Older Endometrial Cancer Patients : Implications for Universal Versus Selective Screening Strategies for Lynch Syndrome", "type": "title", "id": 3}, {"begin": 270, "end": 274, "text": "Am J", "tokenized_text": "Am J", "type": "venue", "id": 4}]