{
  "comment": "//leave comments here if needed",
  "contain_publication_list": "F",
  "email": "sjt32@drexel.edu",
  "filename": "8ce46330-2894-4378-8c66-a7c0746ce474",
  "info": "T means true, F means False. If no publications, just leave the publication structure unchanged.",
  "is_personal_homepage": "T",
  "name": "Simon J. Tickell",
  "name_index": [
    {
      "index_in_file": [
        [
          143,
          159
        ],
        [
          160,
          176
        ],
        [
          271,
          287
        ],
        [
          323,
          339
        ],
        [
          1307,
          1323
        ]
      ],
      "name_format": "Begin_First_Full Inside_Middle_Initial End_Last_Full",
      "text": "Simon J. Tickell"
    },
    {
      "index_in_file": [
        [
          462,
          467
        ],
        [
          545,
          550
        ],
        [
          650,
          655
        ],
        [
          766,
          771
        ],
        [
          1008,
          1013
        ]
      ],
      "name_format": "Begin_First_Full",
      "text": "Simon"
    },
    {
      "in_email": "Before_At",
      "index_in_file": [
        [
          245,
          248
        ]
      ],
      "name_format": "Begin_First_Initial_Middle_Initial_Last_Initial",
      "text": "sjt"
    }
  ],
  "publications": [
    {
      "text": "COPY_SINGLE_PUBLICATION_HERE"
    },
    {
      "text": "COPY_SINGLE_PUBLICATION_HERE"
    }
  ],
  "url": "http://www.drexel.edu/westphal/about/directory/TickellSimon/"
}