{
  "comment": "//leave comments here if needed",
  "contain_publication_list": "F",
  "email": "uzzi@kellogg.northwestern.edu",
  "filename": "6935a072-bb58-45ff-a468-a2fdc3bf68aa",
  "info": "T means true, F means False. If no publications, just leave the publication structure unchanged.",
  "is_personal_homepage": "T",
  "name": "Brian Uzzi",
  "name_index": [
    {
      "index_in_file": [
        [
          348,
          358
        ],
        [
          359,
          369
        ],
        [
          775,
          785
        ],
        [
          3037,
          3047
        ]
      ],
      "name_format": "Begin_First_Full End_Last_Full",
      "text": "Brian Uzzi"
    },
    {
      "index_in_file": [
        [
          2366,
          2371
        ],
        [
          2791,
          2796
        ]
      ],
      "name_format": "Begin_First_Full",
      "text": "Brian"
    }
  ],
  "publications": [
    {
      "text": "COPY_SINGLE_PUBLICATION_HERE"
    },
    {
      "text": "COPY_SINGLE_PUBLICATION_HERE"
    }
  ],
  "url": "http://www.kellogg.northwestern.edu/Faculty/Directory/Uzzi_Brian.aspx"
}