[{"begin": 0, "end": 16, "text": "Langvardt, Arlen", "tokenized_text": "Langvardt , Arlen", "type": "authors", "id": 0}, {"begin": 18, "end": 22, "text": "2017", "tokenized_text": "2017", "type": "year", "id": 1}, {"begin": 26, "end": 72, "text": "Musicians, Politicians, and the Forgotten Tort", "tokenized_text": "Musicians , Politicians , and the Forgotten Tort", "type": "title", "id": 2}, {"begin": 75, "end": 82, "text": "Fordham", "tokenized_text": "Fordham", "type": "title", "id": 3}, {"begin": 83, "end": 104, "text": "Intellectual Property", "tokenized_text": "Intellectual Property", "type": "venue", "id": 4}, {"begin": 106, "end": 139, "text": "Media & Entertainment Law Journal", "tokenized_text": "Media & Entertainment Law Journal", "type": "venue", "id": 5}]