[{"begin": 0, "end": 19, "text": "Langvardt, Arlen W.", "tokenized_text": "Langvardt , Arlen W .", "type": "authors", "id": 0}, {"begin": 21, "end": 25, "text": "2016", "tokenized_text": "2016", "type": "year", "id": 1}, {"begin": 29, "end": 142, "text": "Generic Pharmaceuticals and the ‘Unfortunate Hand’ Dealt to Harmed Consumers: The Emerging State Court Resist", "tokenized_text": "Generic Pharmaceuticals and the ‘Unfortunate Hand’ Dealt to Harmed Consumers : The Emerging State Court Resistance", "type": "title", "id": 2}, {"begin": 148, "end": 194, "text": " 17 Minnesota Journal of Law, Science & Techno", "tokenized_text": "Minnesota Journal of Law , Science & Technology", "type": "venue", "id": 3}, {"begin": 204, "end": 208, "text": "61 (", "tokenized_text": "2016", "type": "year", "id": 4}]