[{"begin": 0, "end": 94, "text": "Mallor, Jane P., A. James Barnes, Jamie Darin Prenkert, Martin McCrory, and Arlen W. Langvardt", "tokenized_text": "Mallor , Jane P . , A . James Barnes , Jamie Darin Prenkert , Martin McCrory , and Arlen W . Langvardt", "type": "authors", "id": 0}, {"begin": 96, "end": 100, "text": "2015", "tokenized_text": "2015", "type": "year", "id": 1}, {"begin": 103, "end": 163, "text": "Business Law: The Ethical, Global and E-Commerce Environment", "tokenized_text": "Business Law : The Ethical , Global and E - Commerce Environment", "type": "title", "id": 2}]