[{"begin": 0, "end": 19, "text": "Langvardt, Arlen W.", "tokenized_text": "Langvardt , Arlen W .", "type": "authors", "id": 0}, {"begin": 22, "end": 26, "text": "2015", "tokenized_text": "2015", "type": "year", "id": 1}, {"begin": 29, "end": 139, "text": "I Have a [Fair Use] Dream: Historic Copyrighted Works and the Recognition of Meaningful Rights for the Public,", "tokenized_text": "I Have a [ Fair Use ] Dream : Historic Copyrighted Works and the Recognition of Meaningful Rights for the Public ,", "type": "title", "id": 2}, {"begin": 141, "end": 161, "text": "Fordham Intellectual", "tokenized_text": "Fordham Intellectual", "type": "title", "id": 3}, {"begin": 162, "end": 170, "text": "Property", "tokenized_text": "Property", "type": "venue", "id": 4}, {"begin": 172, "end": 205, "text": "Media & Entertainment Law Journal", "tokenized_text": "Media & Entertainment Law Journal", "type": "venue", "id": 5}]