[{"begin": 0, "end": 16, "text": "Langvardt, Arlen", "tokenized_text": "Langvardt , Arlen", "type": "authors", "id": 0}, {"begin": 18, "end": 22, "text": "2014", "tokenized_text": "2014", "type": "year", "id": 1}, {"begin": 26, "end": 97, "text": "Tobacco Advertising and the First Amendment: Striking the Right Balance", "tokenized_text": "Tobacco Advertising and the First Amendment : Striking the Right Balance", "type": "title", "id": 2}, {"begin": 100, "end": 134, "text": "William & Mary Business Law Review", "tokenized_text": "William & Mary Business Law Review", "type": "venue", "id": 3}]