[{"begin": 0, "end": 45, "text": "Langvardt, Arlen W., John Grout and John Hill", "tokenized_text": "Langvardt , Arlen W . , John Grout and John Hill", "type": "authors", "id": 0}, {"begin": 47, "end": 51, "text": "2013", "tokenized_text": "2013", "type": "year", "id": 1}, {"begin": 55, "end": 138, "text": "Mistake-Proofing Medicine: Legal Considerations and Healthcare Quality Implications", "tokenized_text": "Mistake - Proofing Medicine : Legal Considerations and Healthcare Quality Implications", "type": "title", "id": 2}, {"begin": 144, "end": 168, "text": "Minnesota Journal of Law", "tokenized_text": "Minnesota Journal of Law", "type": "venue", "id": 3}, {"begin": 170, "end": 177, "text": "Science", "tokenized_text": "Science", "type": "venue", "id": 4}, {"begin": 179, "end": 191, "text": "& Technology", "tokenized_text": "& Technology", "type": "venue", "id": 5}, {"begin": 201, "end": 205, "text": "2013", "tokenized_text": "2013", "type": "year", "id": 6}]