[{"begin": 0, "end": 38, "text": "Langvardt, Arlen W. and Tara Langvardt", "tokenized_text": "Langvardt , Arlen W . and Tara Langvardt", "type": "authors", "id": 0}, {"begin": 40, "end": 44, "text": "2011", "tokenized_text": "2011", "type": "year", "id": 1}, {"begin": 48, "end": 155, "text": "Caught in the Copyright Rye: Freeing First Amendment Interests from the Constraints of the Traditional View", "tokenized_text": "Caught in the Copyright Rye : Freeing First Amendment Interests from the Constraints of the Traditional View", "type": "title", "id": 2}, {"begin": 158, "end": 203, "text": "Harvard Journal of Sports & Entertainment Law", "tokenized_text": "Harvard Journal of Sports & Entertainment Law", "type": "venue", "id": 3}]