[{"begin": 0, "end": 66, "text": "Langvardt, Arlen W., John Hill, Anne Massey, and Jonathan Rinehart", "tokenized_text": "Langvardt , Arlen W . , John Hill , Anne Massey , and Jonathan Rinehart", "type": "authors", "id": 0}, {"begin": 68, "end": 72, "text": "2011", "tokenized_text": "2011", "type": "year", "id": 1}, {"begin": 76, "end": 213, "text": "A Proposed National Health Information Network Architecture and Complementary Federal Preemption of State Health Information Privacy Laws", "tokenized_text": "A Proposed National Health Information Network Architecture and Complementary Federal Preemption of State Health Information Privacy Laws", "type": "title", "id": 2}, {"begin": 216, "end": 245, "text": "American Business Law Journal", "tokenized_text": "American Business Law Journal", "type": "venue", "id": 3}]