[{"begin": 0, "end": 60, "text": "Langvardt, Arlen W., John Hill, Yassir Karam, and Paul Hogan", "tokenized_text": "Langvardt , Arlen W . , John Hill , Yassir Karam , and Paul Hogan", "type": "authors", "id": 0}, {"begin": 62, "end": 66, "text": "2009", "tokenized_text": "2009", "type": "year", "id": 1}, {"begin": 70, "end": 212, "text": "Increasing Complexity and Partisanship in Business Damages Expert Testimony: The Need for a Modified Trial Regime in Quantification of Damages", "tokenized_text": "Increasing Complexity and Partisanship in Business Damages Expert Testimony : The Need for a Modified Trial Regime in Quantification of Damages", "type": "title", "id": 2}, {"begin": 226, "end": 265, "text": "of Pennsylvania Journal of Business Law", "tokenized_text": "of Pennsylvania Journal of Business Law", "type": "venue", "id": 3}]