[{"begin": 0, "end": 53, "text": "Langvardt, Arlen W., John Hill, and Jonathan Rinehart", "tokenized_text": "Langvardt , Arlen W . , John Hill , and Jonathan Rinehart", "type": "authors", "id": 0}, {"begin": 55, "end": 59, "text": "2009", "tokenized_text": "2009", "type": "year", "id": 1}, {"begin": 63, "end": 176, "text": "Bottom-Up or Top-Down?  Removing the Privacy Law Obstacles to Healthcare Reform in the National Healthcare Crisis", "tokenized_text": "Bottom - Up or Top - Down ? Removing the Privacy Law Obstacles to Healthcare Reform in the National Healthcare Crisis", "type": "title", "id": 2}, {"begin": 179, "end": 209, "text": "Indiana Law Journal Supplement", "tokenized_text": "Indiana Law Journal Supplement", "type": "venue", "id": 3}]