[{"begin": 0, "end": 19, "text": "Langvardt, Arlen W.", "tokenized_text": "Langvardt , Arlen W .", "type": "authors", "id": 0}, {"begin": 21, "end": 25, "text": "2008", "tokenized_text": "2008", "type": "year", "id": 1}, {"begin": 29, "end": 122, "text": "The Beat Should Not Go On: Resisting Early Calls for Further Extensions of Copyright Duration", "tokenized_text": "The Beat Should Not Go On : Resisting Early Calls for Further Extensions of Copyright Duration", "type": "title", "id": 2}, {"begin": 125, "end": 146, "text": "Penn State Law Review", "tokenized_text": "Penn State Law Review", "type": "venue", "id": 3}]