[{"begin": 270, "end": 294, "text": "Law, Technology & Policy", "tokenized_text": "Law , Technology & Policy", "type": "venue", "id": 0}, {"begin": 0, "end": 47, "text": "Langvardt, Arlen W., John Hill, and Anne Massey", "tokenized_text": "Langvardt , Arlen W . , John Hill , and Anne Massey", "type": "authors", "id": 1}, {"begin": 49, "end": 53, "text": "2008", "tokenized_text": "2008", "type": "year", "id": 2}, {"begin": 57, "end": 228, "text": "Law, Information Technology, and Medical Errors: Toward a National Healthcare Information Network Approach to Improving Patient Care and Reducing Medical Malpractice Costs", "tokenized_text": "Law , Information Technology , and Medical Errors : Toward a National Healthcare Information Network Approach to Improving Patient Care and Reducing Medical Malpractice Costs", "type": "title", "id": 3}, {"begin": 231, "end": 235, "text": "2007", "tokenized_text": "2007", "type": "year", "id": 4}, {"begin": 259, "end": 269, "text": "Journal of", "tokenized_text": "Journal of", "type": "venue", "id": 5}]