[{"begin": 0, "end": 38, "text": "Langvardt, Arlen W. and Kyle Langvardt", "tokenized_text": "Langvardt , Arlen W . and Kyle Langvardt", "type": "authors", "id": 0}, {"begin": 40, "end": 44, "text": "2004", "tokenized_text": "2004", "type": "year", "id": 1}, {"begin": 48, "end": 189, "text": "Unwise or Unconstitutional?: The Copyright Term Extension Act, the Eldred Decision, and the Freezing of the Public Domain for Private Benefit", "tokenized_text": "Unwise or Unconstitutional ? : The Copyright Term Extension Act , the Eldred Decision , and the Freezing of the Public Domain for Private Benefit", "type": "title", "id": 2}, {"begin": 192, "end": 230, "text": "Minnesota Intellectual Property Review", "tokenized_text": "Minnesota Intellectual Property Review", "type": "venue", "id": 3}]