[{"begin": 0, "end": 19, "text": "Langvardt, Arlen W.", "tokenized_text": "Langvardt , Arlen W .", "type": "authors", "id": 0}, {"begin": 21, "end": 25, "text": "2000", "tokenized_text": "2000", "type": "year", "id": 1}, {"begin": 29, "end": 157, "text": "The Incremental Strengthening of First Amendment Protection for Commercial Speech: Lessons from Greater New Orleans Broadcasting", "tokenized_text": "The Incremental Strengthening of First Amendment Protection for Commercial Speech : Lessons from Greater New Orleans Broadcasting", "type": "title", "id": 2}, {"begin": 160, "end": 189, "text": "American Business Law Journal", "tokenized_text": "American Business Law Journal", "type": "venue", "id": 3}]