[{"begin": 0, "end": 37, "text": "Langvardt, Arlen W. and Eric Richards", "tokenized_text": "Langvardt , Arlen W . and Eric Richards", "type": "authors", "id": 0}, {"begin": 39, "end": 43, "text": "1997", "tokenized_text": "1997", "type": "year", "id": 1}, {"begin": 47, "end": 153, "text": "The Death of Posadas and the Birth of Change in Commercial Speech Doctrine: Implications of 44 Liquormart,", "tokenized_text": "The Death of Posadas and the Birth of Change in Commercial Speech Doctrine : Implications of 44 Liquormart ,", "type": "title", "id": 2}, {"begin": 155, "end": 184, "text": "American Business Law Journal", "tokenized_text": "American Business Law Journal", "type": "venue", "id": 3}]