[{"begin": 0, "end": 19, "text": "Langvardt, Arlen W.", "tokenized_text": "Langvardt , Arlen W .", "type": "authors", "id": 0}, {"begin": 21, "end": 25, "text": "1997", "tokenized_text": "1997", "type": "year", "id": 1}, {"begin": 28, "end": 106, "text": "The Troubling Implications of a Right of Publicity “Wheel” Spun Out of Con", "tokenized_text": "The Troubling Implications of a Right of Publicity “Wheel” Spun Out of Control", "type": "title", "id": 2}, {"begin": 109, "end": 126, "text": "l,\" Kansas Law Re", "tokenized_text": "Kansas Law Review", "type": "venue", "id": 3}]