[{"begin": 0, "end": 35, "text": "Langvardt, Arlen W. and Oliver Heil", "tokenized_text": "Langvardt , Arlen W . and Oliver Heil", "type": "authors", "id": 0}, {"begin": 37, "end": 41, "text": "1994", "tokenized_text": "1994", "type": "year", "id": 1}, {"begin": 45, "end": 113, "text": "The Interface Between Competitive Market Signaling and Antitrust Law", "tokenized_text": "The Interface Between Competitive Market Signaling and Antitrust Law", "type": "title", "id": 2}, {"begin": 116, "end": 136, "text": "Journal of Marketing", "tokenized_text": "Journal of Marketing", "type": "venue", "id": 3}]