[{"begin": 0, "end": 19, "text": "Langvardt, Arlen W.", "tokenized_text": "Langvardt , Arlen W .", "type": "authors", "id": 0}, {"begin": 21, "end": 25, "text": "1993", "tokenized_text": "1993", "type": "year", "id": 1}, {"begin": 29, "end": 111, "text": "Section 43(a), Commercial Falsehood, and the First Amendment: A Proposed Framework", "tokenized_text": "Section 43 ( a ) , Commercial Falsehood , and the First Amendment : A Proposed Framework", "type": "title", "id": 2}, {"begin": 114, "end": 134, "text": "Minnesota Law Review", "tokenized_text": "Minnesota Law Review", "type": "venue", "id": 3}]