[{"begin": 0, "end": 19, "text": "Langvardt, Arlen W.", "tokenized_text": "Langvardt , Arlen W .", "type": "authors", "id": 0}, {"begin": 21, "end": 25, "text": "1993", "tokenized_text": "1993", "type": "year", "id": 1}, {"begin": 29, "end": 125, "text": "Trademark Rights and First Amendment Wrongs: Protecting the Former Without Committing the Latter", "tokenized_text": "Trademark Rights and First Amendment Wrongs : Protecting the Former Without Committing the Latter", "type": "title", "id": 2}, {"begin": 128, "end": 141, "text": "The Trademark", "tokenized_text": "The Trademark", "type": "venue", "id": 3}, {"begin": 142, "end": 150, "text": "Reporter", "tokenized_text": "Reporter", "type": "title", "id": 4}]