[{"begin": 0, "end": 19, "text": "Langvardt, Arlen W.", "tokenized_text": "Langvardt , Arlen W .", "type": "authors", "id": 0}, {"begin": 21, "end": 25, "text": "1991", "tokenized_text": "1991", "type": "year", "id": 1}, {"begin": 29, "end": 136, "text": "Protected Marks and Protected Speech: Establishing the First Amendment Boundaries in Trademark Parody Cases", "tokenized_text": "Protected Marks and Protected Speech : Establishing the First Amendment Boundaries in Trademark Parody Cases", "type": "title", "id": 2}, {"begin": 139, "end": 159, "text": "Villanova Law Review", "tokenized_text": "Villanova Law Review", "type": "venue", "id": 3}, {"begin": 226, "end": 244, "text": "Trademark Reporter", "tokenized_text": "Trademark Reporter", "type": "venue", "id": 4}, {"begin": 255, "end": 259, "text": "1992", "tokenized_text": "1992", "type": "year", "id": 5}]