[{"begin": 0, "end": 19, "text": "Langvardt, Arlen W.", "tokenized_text": "Langvardt , Arlen W .", "type": "authors", "id": 0}, {"begin": 21, "end": 25, "text": "1990", "tokenized_text": "1990", "type": "year", "id": 1}, {"begin": 29, "end": 104, "text": "A Principled Approach to Compensatory Damages in Corporate Defamation Cases", "tokenized_text": "A Principled Approach to Compensatory Damages in Corporate Defamation Cases", "type": "title", "id": 2}, {"begin": 107, "end": 136, "text": "American Business Law Journal", "tokenized_text": "American Business Law Journal", "type": "venue", "id": 3}]