[{"begin": 0, "end": 19, "text": "Langvardt, Arlen W.", "tokenized_text": "Langvardt , Arlen W .", "type": "authors", "id": 0}, {"begin": 21, "end": 25, "text": "1989", "tokenized_text": "1989", "type": "year", "id": 1}, {"begin": 29, "end": 179, "text": "Free Speech Versus Economic Harm: Accommodating Defamation, Commercial Speech, and Unfair Competition Considerations in the Law of Injurious Falsehood", "tokenized_text": "Free Speech Versus Economic Harm : Accommodating Defamation , Commercial Speech , and Unfair Competition Considerations in the Law of Injurious Falsehood", "type": "title", "id": 2}, {"begin": 182, "end": 199, "text": "Temple Law Review", "tokenized_text": "Temple Law Review", "type": "venue", "id": 3}]