[{"begin": 0, "end": 19, "text": "Langvardt, Arlen W.", "tokenized_text": "Langvardt , Arlen W .", "type": "authors", "id": 0}, {"begin": 21, "end": 25, "text": "1989", "tokenized_text": "1989", "type": "year", "id": 1}, {"begin": 29, "end": 146, "text": "Stopping the End-Run by Public Plaintiffs: Falwell and the Refortification of Defamation Law's Constitutional Aspects", "tokenized_text": "Stopping the End - Run by Public Plaintiffs : Falwell and the Refortification of Defamation Law ' s Constitutional Aspects", "type": "title", "id": 2}, {"begin": 149, "end": 178, "text": "American Business Law Journal", "tokenized_text": "American Business Law Journal", "type": "venue", "id": 3}]