[{"begin": 0, "end": 19, "text": "Langvardt, Arlen W.", "tokenized_text": "Langvardt , Arlen W .", "type": "authors", "id": 0}, {"begin": 21, "end": 25, "text": "1988", "tokenized_text": "1988", "type": "year", "id": 1}, {"begin": 29, "end": 128, "text": "Defamation in the Employment Discharge Context: The Emerging Doctrine of Compelled Self-Publication", "tokenized_text": "Defamation in the Employment Discharge Context : The Emerging Doctrine of Compelled Self - Publication", "type": "title", "id": 2}, {"begin": 131, "end": 150, "text": "Duquesne Law Review", "tokenized_text": "Duquesne Law Review", "type": "venue", "id": 3}]