[{"begin": 0, "end": 19, "text": "Langvardt, Arlen W.", "tokenized_text": "Langvardt , Arlen W .", "type": "authors", "id": 0}, {"begin": 21, "end": 25, "text": "1987", "tokenized_text": "1987", "type": "year", "id": 1}, {"begin": 29, "end": 144, "text": "Media Defendants, Public Concerns, and Public Plaintif­fs: Toward Fashioning Order From Confusion in Defamation La", "tokenized_text": "Media Defendants , Public Concerns , and Public Plaintif­fs : Toward Fashioning Order From Confusion in Defamation Law", "type": "title", "id": 2}, {"begin": 147, "end": 182, "text": " University of Pittsburgh Law Revie", "tokenized_text": "University of Pittsburgh Law Review", "type": "venue", "id": 3}]