[{"begin": 0, "end": 19, "text": "Langvardt, Arlen W.", "tokenized_text": "Langvardt , Arlen W .", "type": "authors", "id": 0}, {"begin": 21, "end": 25, "text": "1987", "tokenized_text": "1987", "type": "year", "id": 1}, {"begin": 29, "end": 125, "text": "Public Concern Revisited: A New Role for an Old Doctrine in the Constitutional Law of Defamation", "tokenized_text": "Public Concern Revisited : A New Role for an Old Doctrine in the Constitutional Law of Defamation", "type": "title", "id": 2}, {"begin": 128, "end": 160, "text": "Valparaiso University Law Review", "tokenized_text": "Valparaiso University Law Review", "type": "venue", "id": 3}]