[{"begin": 0, "end": 19, "text": "Langvardt, Arlen W.", "tokenized_text": "Langvardt , Arlen W .", "type": "authors", "id": 0}, {"begin": 21, "end": 25, "text": "1982", "tokenized_text": "1982", "type": "year", "id": 1}, {"begin": 29, "end": 119, "text": "Not on Our Shelves: A First Amendment Analysis of Library Censorship in the Public Schools", "tokenized_text": "Not on Our Shelves : A First Amendment Analysis of Library Censorship in the Public Schools", "type": "title", "id": 2}, {"begin": 122, "end": 141, "text": "Nebraska Law Review", "tokenized_text": "Nebraska Law Review", "type": "venue", "id": 3}]