[{"begin": 0, "end": 19, "text": "Langvardt, Arlen W.", "tokenized_text": "Langvardt , Arlen W .", "type": "authors", "id": 0}, {"begin": 21, "end": 25, "text": "1980", "tokenized_text": "1980", "type": "year", "id": 1}, {"begin": 29, "end": 120, "text": "Beyond the Schoolhouse Gate: Protecting the Off-Campus First Amendment Freedoms of Students", "tokenized_text": "Beyond the Schoolhouse Gate : Protecting the Off - Campus First Amendment Freedoms of Students", "type": "title", "id": 2}, {"begin": 123, "end": 142, "text": "Nebraska Law Review", "tokenized_text": "Nebraska Law Review", "type": "venue", "id": 3}]