[{"begin": 0, "end": 11, "text": "S. Gull, A.", "tokenized_text": "S . Gull , A .", "type": "authors", "id": 0}, {"begin": 12, "end": 68, "text": "Prentice - 'Branch retinal artery occlusion in pregnancy", "tokenized_text": "Prentice - ' Branch retinal artery occlusion in pregnancy", "type": "title", "id": 1}, {"begin": 71, "end": 88, "text": "BrJObstetGynaecol", "tokenized_text": "BrJObstetGynaecol", "type": "venue", "id": 2}, {"begin": 90, "end": 97, "text": "January", "tokenized_text": "January", "type": "venue", "id": 3}, {"begin": 128, "end": 132, "text": "1994", "tokenized_text": "1994", "type": "year", "id": 4}]