[{"begin": 0, "end": 2, "text": "S.", "tokenized_text": "S .", "type": "authors", "id": 0}, {"begin": 3, "end": 7, "text": "Gull", "tokenized_text": "Gull", "type": "title", "id": 1}, {"begin": 11, "end": 40, "text": "Low-dose Aspirin in Pregnancy", "tokenized_text": "Low - dose Aspirin in Pregnancy", "type": "title", "id": 2}, {"begin": 43, "end": 66, "text": "MIDIRS Midwifery Digest", "tokenized_text": "MIDIRS Midwifery Digest", "type": "venue", "id": 3}, {"begin": 89, "end": 93, "text": "1993", "tokenized_text": "1993", "type": "year", "id": 4}]