[{"begin": 0, "end": 18, "text": "S. Gull, H. K. Al-", "tokenized_text": "S . Gull , H . K . Al -", "type": "authors", "id": 0}, {"begin": 18, "end": 26, "text": "Rufaie -", "tokenized_text": "Rufaie -", "type": "title", "id": 1}, {"begin": 28, "end": 120, "text": "Paget's Disease of the Vulva with Underlying and Invasive Classical Lobular Breast Carcinoma", "tokenized_text": "Paget ' s Disease of the Vulva with Underlying and Invasive Classical Lobular Breast Carcinoma", "type": "title", "id": 2}, {"begin": 123, "end": 138, "text": "JObstetGynaecol", "tokenized_text": "JObstetGynaecol", "type": "venue", "id": 3}, {"begin": 174, "end": 178, "text": "1999", "tokenized_text": "1999", "type": "year", "id": 4}]