[{"begin": 0, "end": 7, "text": "S. Gull", "tokenized_text": "S . Gull", "type": "authors", "id": 0}, {"begin": 11, "end": 61, "text": "Communication skills: recognising the difficulties", "tokenized_text": "Communication skills : recognising the difficulties", "type": "title", "id": 1}, {"begin": 64, "end": 96, "text": "The Obstetrician & Gynaecologist", "tokenized_text": "The Obstetrician & Gynaecologist", "type": "venue", "id": 2}, {"begin": 98, "end": 103, "text": "April", "tokenized_text": "April", "type": "venue", "id": 3}, {"begin": 129, "end": 133, "text": "2002", "tokenized_text": "2002", "type": "year", "id": 4}]