[{"begin": 0, "end": 18, "text": "S. Gull, J. Hunter", "tokenized_text": "S . Gull , J . Hunter", "type": "authors", "id": 0}, {"begin": 19, "end": 20, "text": "-", "tokenized_text": "-", "type": "title", "id": 1}, {"begin": 22, "end": 47, "text": "Illiterature and medicine", "tokenized_text": "Illiterature and medicine", "type": "title", "id": 2}, {"begin": 50, "end": 66, "text": "Lancet September", "tokenized_text": "Lancet September", "type": "venue", "id": 3}, {"begin": 101, "end": 105, "text": "2001", "tokenized_text": "2001", "type": "year", "id": 4}]