[{"begin": 0, "end": 20, "text": "G.O. Symore, S. Gull", "tokenized_text": "G . O . Symore , S . Gull", "type": "authors", "id": 0}, {"begin": 21, "end": 22, "text": "-", "tokenized_text": "-", "type": "title", "id": 1}, {"begin": 24, "end": 127, "text": "Adenocarcinoma of the vaginal vault following prolonged unopposed oestrogen hormone replacement therapy", "tokenized_text": "Adenocarcinoma of the vaginal vault following prolonged unopposed oestrogen hormone replacement therapy", "type": "title", "id": 2}, {"begin": 130, "end": 147, "text": "J Obstet Gynaecol", "tokenized_text": "J Obstet Gynaecol", "type": "venue", "id": 3}, {"begin": 188, "end": 192, "text": "2005", "tokenized_text": "2005", "type": "year", "id": 4}]