[{"begin": 0, "end": 2, "text": "S.", "tokenized_text": "S .", "type": "authors", "id": 0}, {"begin": 3, "end": 7, "text": "Gull", "tokenized_text": "Gull", "type": "title", "id": 1}, {"begin": 11, "end": 58, "text": "Embedding the Humanities into Medical Education", "tokenized_text": "Embedding the Humanities into Medical Education", "type": "title", "id": 2}, {"begin": 61, "end": 78, "text": "Medical Education", "tokenized_text": "Medical Education", "type": "venue", "id": 3}, {"begin": 104, "end": 108, "text": "2005", "tokenized_text": "2005", "type": "year", "id": 4}]