[{"begin": 0, "end": 57, "text": "Fletcher BJ, Brentnall SJ, Quick WP and David J. Beerling", "tokenized_text": "Fletcher BJ , Brentnall SJ , Quick WP and David J . Beerling", "type": "authors", "id": 0}, {"begin": 59, "end": 63, "text": "2006", "tokenized_text": "2006", "type": "year", "id": 1}, {"begin": 65, "end": 195, "text": "BRYOCARB: A process-based model of thallose liverwort carbon isotope fractionation in response toCO(2), O-2, light and temperature", "tokenized_text": "BRYOCARB : A process - based model of thallose liverwort carbon isotope fractionation in response toCO ( 2 ) , O - 2 , light and temperature", "type": "title", "id": 2}, {"begin": 197, "end": 228, "text": "GEOCHIMICA ET COSMOCHIMICA ACTA", "tokenized_text": "GEOCHIMICA ET COSMOCHIMICA ACTA", "type": "venue", "id": 3}]