[{"begin": 0, "end": 32, "text": "Maxime Caillau and W. Paul Quick", "tokenized_text": "Maxime Caillau and W . Paul Quick", "type": "authors", "id": 0}, {"begin": 34, "end": 38, "text": "2005", "tokenized_text": "2005", "type": "year", "id": 1}, {"begin": 40, "end": 77, "text": "New insights into plant transaldolase", "tokenized_text": "New insights into plant transaldolase", "type": "title", "id": 2}, {"begin": 79, "end": 92, "text": "Plant Journal", "tokenized_text": "Plant Journal", "type": "venue", "id": 3}]