[{"begin": 266, "end": 288, "text": "s and described traits", "tokenized_text": "s and described traits", "type": "title", "id": 0}, {"begin": 290, "end": 301, "text": "J. Exp. Bot", "tokenized_text": "J . Exp . Bot", "type": "venue", "id": 1}, {"begin": 0, "end": 69, "text": "Charles J. Baxter, Mohammed Sabar, W. Paul Quick and Lee J. Sweetlove", "tokenized_text": "Charles J . Baxter , Mohammed Sabar , W . Paul Quick and Lee J . Sweetlove", "type": "authors", "id": 2}, {"begin": 71, "end": 75, "text": "2005", "tokenized_text": "2005", "type": "year", "id": 3}, {"begin": 77, "end": 265, "text": "Comparison of changes in fruit gene expression in an introgression line population of tomato plants provides evidence of genome-wide transcriptional changes and reveals links to mapped QTL", "tokenized_text": "Comparison of changes in fruit gene expression in an introgression line population of tomato plants provides evidence of genome - wide transcriptional changes and reveals links to mapped QTL", "type": "title", "id": 4}]