[{"begin": 0, "end": 66, "text": "Charles J. Baxter, Sarah Overy, W. Paul Quick and Lee J. Sweetlove", "tokenized_text": "Charles J . Baxter , Sarah Overy , W . Paul Quick and Lee J . Sweetlove", "type": "authors", "id": 0}, {"begin": 68, "end": 72, "text": "2005", "tokenized_text": "2005", "type": "year", "id": 1}, {"begin": 74, "end": 174, "text": "Fruit carbohydrate metabolism in an introgression line of tomato with increased fruit soluble solids", "tokenized_text": "Fruit carbohydrate metabolism in an introgression line of tomato with increased fruit soluble solids", "type": "title", "id": 2}, {"begin": 176, "end": 194, "text": "Plant Cell Environ", "tokenized_text": "Plant Cell Environ", "type": "venue", "id": 3}]