[{"begin": 131, "end": 233, "text": "of metabolite profiling to the identification of traits in a population of \ntomato introgression lines", "tokenized_text": "of metabolite profiling to the identification of traits in a population of tomato introgression lines", "type": "title", "id": 0}, {"begin": 235, "end": 244, "text": "J Exp Bot", "tokenized_text": "J Exp Bot", "type": "venue", "id": 1}, {"begin": 0, "end": 110, "text": "S.A. Overy1, H.J. Walker1, S. Malone1, T.P. Howard1, C.J. Baxter2, L.J. Sweetlove2, S.A. Hill2 and W.P. Quick1", "tokenized_text": "S . A . Overy1 , H . J . Walker1 , S . Malone1 , T . P . Howard1 , C . J . Baxter2 , L . J . Sweetlove2 , S . A . Hill2 and W . P . Quick1", "type": "authors", "id": 2}, {"begin": 113, "end": 117, "text": "2005", "tokenized_text": "2005", "type": "year", "id": 3}, {"begin": 119, "end": 130, "text": "Application", "tokenized_text": "Application", "type": "title", "id": 4}]