[{"begin": 214, "end": 219, "text": "wheat", "tokenized_text": "wheat", "type": "title", "id": 0}, {"begin": 221, "end": 241, "text": "Plant Physiology 135", "tokenized_text": "Plant Physiology 135", "type": "venue", "id": 1}, {"begin": 0, "end": 149, "text": "C. Kate Castleden, Naohiro Aoki, Vanessa J. Gillespie, Elspeth A. MacRae, W.Paul Quick, Peter Buchner, Christine H. Foyer, Robert T. Furbank, John E.", "tokenized_text": "C . Kate Castleden , Naohiro Aoki , Vanessa J . Gillespie , Elspeth A . MacRae , W . Paul Quick , Peter Buchner , Christine H . Foyer , Robert T . Furbank , John E .", "type": "authors", "id": 2}, {"begin": 151, "end": 155, "text": "2004", "tokenized_text": "2004", "type": "year", "id": 3}, {"begin": 157, "end": 212, "text": "Evolution and function of sucrose phosphate synthase in", "tokenized_text": "Evolution and function of sucrose phosphate synthase in", "type": "title", "id": 4}]