[{"begin": 0, "end": 110, "text": "Stephen J. Trevanion, C. Kate Castleden, Christine H. Foyer, Robert T. Furbank, W. Paul Quick and John E. Lunn", "tokenized_text": "Stephen J . Trevanion , C . Kate Castleden , Christine H . Foyer , Robert T . Furbank , W . Paul Quick and John E . Lunn", "type": "authors", "id": 0}, {"begin": 112, "end": 116, "text": "2004", "tokenized_text": "2004", "type": "year", "id": 1}, {"begin": 118, "end": 194, "text": "Regulation of sucrose-phosphate synthase in wheat (Triticum aestivum) leaves", "tokenized_text": "Regulation of sucrose - phosphate synthase in wheat ( Triticum aestivum ) leaves", "type": "title", "id": 2}, {"begin": 196, "end": 220, "text": "Functional Plant Biology", "tokenized_text": "Functional Plant Biology", "type": "venue", "id": 3}]