[{"begin": 0, "end": 26, "text": "R.Dunn, S. Overy, W. Quick", "tokenized_text": "R . Dunn , S . Overy , W . Quick", "type": "authors", "id": 0}, {"begin": 28, "end": 32, "text": "2004", "tokenized_text": "2004", "type": "year", "id": 1}, {"begin": 34, "end": 122, "text": "Evaluation of Automated Electrospray-TOF Mass Spectrometry for Metabolite Fingerprinting", "tokenized_text": "Evaluation of Automated Electrospray - TOF Mass Spectrometry for Metabolite Fingerprinting", "type": "title", "id": 2}, {"begin": 124, "end": 148, "text": "J American Soc Mass Spec", "tokenized_text": "J American Soc Mass Spec", "type": "venue", "id": 3}]