[{"begin": 0, "end": 109, "text": "S.A. Overy1, H.J. Walker1, S. Malone1, T.P. Howard1, C.J. Baxter2, L.J. Sweetlove2, S.A. Hill2 and W.P. Quick", "tokenized_text": "S . A . Overy1 , H . J . Walker1 , S . Malone1 , T . P . Howard1 , C . J . Baxter2 , L . J . Sweetlove2 , S . A . Hill2 and W . P . Quick", "type": "authors", "id": 0}, {"begin": 112, "end": 116, "text": "2004", "tokenized_text": "2004", "type": "year", "id": 1}, {"begin": 118, "end": 129, "text": "Application", "tokenized_text": "Application", "type": "title", "id": 2}, {"begin": 130, "end": 233, "text": "of metabolite profiling to the identification of traits in a population of tomato introgression lines J", "tokenized_text": "of metabolite profiling to the identification of traits in a population of tomato introgression lines J", "type": "title", "id": 3}, {"begin": 234, "end": 241, "text": "Exp.Bot", "tokenized_text": "Exp . Bot", "type": "venue", "id": 4}]