[{"begin": 0, "end": 49, "text": "Lunn J.E, Quick, W.P. Foyer C.F. and Furbank R.T.", "tokenized_text": "Lunn J . E , Quick , W . P . Foyer C . F . and Furbank R . T .", "type": "authors", "id": 0}, {"begin": 51, "end": 55, "text": "2004", "tokenized_text": "2004", "type": "year", "id": 1}, {"begin": 57, "end": 177, "text": "Evolution and function of the sucrose-phosphate synthase gene families in wheat (Triticum aestivum L.) and other grasses", "tokenized_text": "Evolution and function of the sucrose - phosphate synthase gene families in wheat ( Triticum aestivum L . ) and other grasses", "type": "title", "id": 2}, {"begin": 179, "end": 195, "text": "Functional Plant", "tokenized_text": "Functional Plant", "type": "venue", "id": 3}, {"begin": 196, "end": 203, "text": "Biology", "tokenized_text": "Biology", "type": "venue", "id": 4}]