[{"begin": 0, "end": 32, "text": "Thomas PW, Woodward FI, Quick WP", "tokenized_text": "Thomas PW , Woodward FI , Quick WP", "type": "authors", "id": 0}, {"begin": 35, "end": 39, "text": "2004", "tokenized_text": "2004", "type": "year", "id": 1}, {"begin": 41, "end": 82, "text": "Systemic irradiance signalling in tobacco", "tokenized_text": "Systemic irradiance signalling in tobacco", "type": "title", "id": 2}, {"begin": 84, "end": 94, "text": "NEW PHYTOL", "tokenized_text": "NEW PHYTOL", "type": "venue", "id": 3}]