[{"begin": 0, "end": 40, "text": "Khedr AHA, Abbas MA, Wahid AAA, Quick WP", "tokenized_text": "Khedr AHA , Abbas MA , Wahid AAA , Quick WP", "type": "authors", "id": 0}, {"begin": 43, "end": 47, "text": "2003", "tokenized_text": "2003", "type": "year", "id": 1}, {"begin": 49, "end": 187, "text": "Proline induces the expression of salt-stress-responsive proteins and may improve the adaptation of Pancratium maritimum L. to salt-stress", "tokenized_text": "Proline induces the expression of salt - stress - responsive proteins and may improve the adaptation of Pancratium maritimum L . to salt - stress", "type": "title", "id": 2}, {"begin": 189, "end": 198, "text": "J EXP BOT", "tokenized_text": "J EXP BOT", "type": "venue", "id": 3}]