[{"begin": 0, "end": 49, "text": "Baxter CJ, Foyer CH, Turner J, Rolfe SA, Quick WP", "tokenized_text": "Baxter CJ , Foyer CH , Turner J , Rolfe SA , Quick WP", "type": "authors", "id": 0}, {"begin": 52, "end": 56, "text": "2003", "tokenized_text": "2003", "type": "year", "id": 1}, {"begin": 58, "end": 187, "text": "Elevated sucrose-phosphate synthase activity in transgenic tobacco sustains photosynthesis in older leaves and alters development", "tokenized_text": "Elevated sucrose - phosphate synthase activity in transgenic tobacco sustains photosynthesis in older leaves and alters development", "type": "title", "id": 2}, {"begin": 189, "end": 198, "text": "J EXP BOT", "tokenized_text": "J EXP BOT", "type": "venue", "id": 3}]