[{"begin": 0, "end": 63, "text": "Conrath, U., Linke, C., Jeblick, W., Quick, W.P., Neuhaus, H.E.", "tokenized_text": "Conrath , U . , Linke , C . , Jeblick , W . , Quick , W . P . , Neuhaus , H . E .", "type": "authors", "id": 0}, {"begin": 65, "end": 69, "text": "2003", "tokenized_text": "2003", "type": "year", "id": 1}, {"begin": 71, "end": 200, "text": "Enhanced resistance to Phytophora infestans and Alternaria solani in leaves or tubers of potato plants with decreased activity of", "tokenized_text": "Enhanced resistance to Phytophora infestans and Alternaria solani in leaves or tubers of potato plants with decreased activity of", "type": "title", "id": 2}, {"begin": 201, "end": 234, "text": "the plastidic ATP/ADP transporter", "tokenized_text": "the plastidic ATP / ADP transporter", "type": "title", "id": 3}, {"begin": 236, "end": 242, "text": "PLANTA", "tokenized_text": "PLANTA", "type": "venue", "id": 4}]