[{"begin": 0, "end": 41, "text": "Woodward, F.I., Lake, J., and Quick, W.P.", "tokenized_text": "Woodward , F . I . , Lake , J . , and Quick , W . P .", "type": "authors", "id": 0}, {"begin": 43, "end": 47, "text": "2002", "tokenized_text": "2002", "type": "year", "id": 1}, {"begin": 49, "end": 102, "text": "Stomatal Development and CO2: Ecological consequences", "tokenized_text": "Stomatal Development and CO2 : Ecological consequences", "type": "title", "id": 2}, {"begin": 104, "end": 119, "text": "New Phytologist", "tokenized_text": "New Phytologist", "type": "venue", "id": 3}]