[{"begin": 0, "end": 37, "text": "Lake, J., Woodward, F.I., Quick, W.P.", "tokenized_text": "Lake , J . , Woodward , F . I . , Quick , W . P .", "type": "authors", "id": 0}, {"begin": 39, "end": 43, "text": "2002", "tokenized_text": "2002", "type": "year", "id": 1}, {"begin": 45, "end": 83, "text": "Long-distance CO2 signalling in plants", "tokenized_text": "Long - distance CO2 signalling in plants", "type": "title", "id": 2}, {"begin": 85, "end": 99, "text": "J. Exp. Bot. v", "tokenized_text": "J . Exp . Bot . v", "type": "venue", "id": 3}]