[{"begin": 0, "end": 20, "text": "Hibberd JM, Quick WP", "tokenized_text": "Hibberd JM , Quick WP", "type": "authors", "id": 0}, {"begin": 22, "end": 26, "text": "2002", "tokenized_text": "2002", "type": "year", "id": 1}, {"begin": 28, "end": 111, "text": "Characteristics of C-4 photosynthesis in stems and petioles of C-3 flowering plants", "tokenized_text": "Characteristics of C - 4 photosynthesis in stems and petioles of C - 3 flowering plants", "type": "title", "id": 2}, {"begin": 113, "end": 119, "text": "Nature", "tokenized_text": "Nature", "type": "venue", "id": 3}]