[{"begin": 0, "end": 45, "text": "Baxter CJ, Foyer CH, Rolfe SA, and Quick W.P.", "tokenized_text": "Baxter CJ , Foyer CH , Rolfe SA , and Quick W . P .", "type": "authors", "id": 0}, {"begin": 47, "end": 51, "text": "2001", "tokenized_text": "2001", "type": "year", "id": 1}, {"begin": 53, "end": 262, "text": "A comparison of the carbohydrate composition and kinetic properties of sucrose phosphate synthase (SPS) in transgenic tobacco (Nicotiana tabacum) leaves expressing maize SPS protein with untransformed controls", "tokenized_text": "A comparison of the carbohydrate composition and kinetic properties of sucrose phosphate synthase ( SPS ) in transgenic tobacco ( Nicotiana tabacum ) leaves expressing maize SPS protein with untransformed controls", "type": "title", "id": 2}, {"begin": 264, "end": 279, "text": "Ann. Appl. Biol", "tokenized_text": "Ann . Appl . Biol", "type": "venue", "id": 3}]