[{"begin": 128, "end": 176, "text": ", W.P., Parry, M.A.J., Foyer, C.H., Miflin, B.J.", "tokenized_text": ", W . P . , Parry , M . A . J . , Foyer , C . H . , Miflin , B . J .", "type": "authors", "id": 0}, {"begin": 178, "end": 182, "text": "2001", "tokenized_text": "2001", "type": "year", "id": 1}, {"begin": 184, "end": 237, "text": "Potential for manipulating carbon metabolism in wheat", "tokenized_text": "Potential for manipulating carbon metabolism in wheat", "type": "title", "id": 2}, {"begin": 239, "end": 256, "text": "Ann Appl Biol 138", "tokenized_text": "Ann Appl Biol 138", "type": "venue", "id": 3}, {"begin": 268, "end": 272, "text": "2001", "tokenized_text": "2001", "type": "year", "id": 4}, {"begin": 0, "end": 128, "text": "Sparks CA, Castleden CK, West J, Habash, D.Z., Madgwick, P.J., Paul, M.J., Noctor, G., Harrison, J, Wu, R., Wilkinson, J., Quick", "tokenized_text": "Sparks CA , Castleden CK , West J , Habash , D . Z . , Madgwick , P . J . , Paul , M . J . , Noctor , G . , Harrison , J , Wu , R . , Wilkinson , J . , Quick", "type": "authors", "id": 5}]