[{"begin": 0, "end": 54, "text": "Lake, J., Beerling, D. J., Woodward, F.I., Quick, W.P.", "tokenized_text": "Lake , J . , Beerling , D . J . , Woodward , F . I . , Quick , W . P .", "type": "authors", "id": 0}, {"begin": 56, "end": 60, "text": "2001", "tokenized_text": "2001", "type": "year", "id": 1}, {"begin": 62, "end": 103, "text": "Environmental control of stomatal density", "tokenized_text": "Environmental control of stomatal density", "type": "title", "id": 2}, {"begin": 105, "end": 115, "text": "Nature 411", "tokenized_text": "Nature 411", "type": "venue", "id": 3}]