[{"begin": 0, "end": 111, "text": "Geigenberger, P., Stamme, C., Tjaden, J., Schulz, A., Quick, W.P., Betsche, T., Kersting, H.J., and Neuhaus, E.", "tokenized_text": "Geigenberger , P . , Stamme , C . , Tjaden , J . , Schulz , A . , Quick , W . P . , Betsche , T . , Kersting , H . J . , and Neuhaus , E .", "type": "authors", "id": 0}, {"begin": 113, "end": 117, "text": "2001", "tokenized_text": "2001", "type": "year", "id": 1}, {"begin": 119, "end": 139, "text": "Tuber Physiology and", "tokenized_text": "Tuber Physiology and", "type": "title", "id": 2}, {"begin": 140, "end": 254, "text": "properties of starch from tubers of transgenic potato plants with altered plastidic adenylate transporter activity", "tokenized_text": "properties of starch from tubers of transgenic potato plants with altered plastidic adenylate transporter activity", "type": "title", "id": 3}, {"begin": 256, "end": 276, "text": "Plant Physiology 125", "tokenized_text": "Plant Physiology 125", "type": "venue", "id": 4}]