{
  "comment": "//leave comments here if needed",
  "contain_publication_list": "F",
  "email": "",
  "filename": "48fc8a74-6608-42be-965a-a3758978645a",
  "info": "T means true, F means False. If no publications, just leave the publication structure unchanged.",
  "is_personal_homepage": "T",
  "name": "BENJAMIN P. WEISS",
  "name_index": [
    {
      "index_in_file": [
        [
          412,
          424
        ]
      ],
      "name_format": "Begin_First_Full End_Last_Full",
      "text": "James Bryson"
    },
    {
      "index_in_file": [
        [
          52,
          69
        ]
      ],
      "name_format": "Begin_First_Full Inside_Middle_Initial End_Last_Full",
      "text": "BENJAMIN P. WEISS"
    }
  ],
  "publications": [
    {
      "text": "COPY_SINGLE_PUBLICATION_HERE"
    },
    {
      "text": "COPY_SINGLE_PUBLICATION_HERE"
    }
  ],
  "url": "http://web.mit.edu/bpweiss/www/"
}