{
  "comment": "//leave comments here if needed",
  "contain_publication_list": "F",
  "email": "rlamb@stern.nyu.edu",
  "filename": "7b113078-e3f3-4ea5-8142-6001f3915607",
  "info": "T means true, F means False. If no publications, just leave the publication structure unchanged.",
  "is_personal_homepage": "T",
  "name": "Robert B. Lamb",
  "name_index": [
    {
      "index_in_file": [
        [
          2053,
          2065
        ]
      ],
      "name_format": "Begin_First_Full End_Last_Full",
      "text": "Thomas Grubb"
    },
    {
      "index_in_file": [
        [
          2287,
          2298
        ]
      ],
      "name_format": "Begin_First_Full End_Last_Full",
      "text": "McGraw Hill"
    },
    {
      "index_in_file": [
        [
          2268,
          2285
        ]
      ],
      "name_format": "Begin_First_Full End_Last_Full",
      "text": "Stephen Rappaport"
    },
    {
      "index_in_file": [
        [
          539,
          555
        ],
        [
          815,
          831
        ],
        [
          3614,
          3630
        ]
      ],
      "name_format": "Begin_First_Full Inside_Middle_Initial End_Last_Full",
      "text": "Leonard N. Stern"
    },
    {
      "index_in_file": [
        [
          425,
          439
        ],
        [
          454,
          468
        ]
      ],
      "name_format": "Begin_First_Full Inside_Middle_Initial End_Last_Full",
      "text": "Robert B. Lamb"
    },
    {
      "index_in_file": [
        [
          751,
          769
        ]
      ],
      "name_format": "Begin_First_Full Inside_Middle_Full End_Last_Full",
      "text": "Robert Boyden Lamb"
    },
    {
      "index_in_file": [
        [
          885,
          889
        ],
        [
          1447,
          1451
        ],
        [
          1818,
          1822
        ]
      ],
      "name_format": "Begin_Last_Full",
      "text": "Lamb"
    },
    {
      "in_email": "BEFORE_AT",
      "index_in_file": [
        [
          640,
          645
        ]
      ],
      "name_format": "Begin_First_Initial_Last_Full",
      "text": "rlamb"
    }
  ],
  "publications": [
    {
      "text": "COPY_SINGLE_PUBLICATION_HERE"
    },
    {
      "text": "COPY_SINGLE_PUBLICATION_HERE"
    }
  ],
  "url": "http://www.stern.nyu.edu/faculty/bio/robert-lamb"
}