[{"begin": 0, "end": 100, "text": "Randomised trial of a \"polypill\" to improve guidelines adherence for vascular disease prevention in;", "tokenized_text": "Randomised trial of a \" polypill \" to improve guidelines adherence for vascular disease prevention in ;", "type": "title", "id": 0}, {"begin": 101, "end": 147, "text": "Patel A, Usherwood T, Jan S, Tonkin A, Rodgers", "tokenized_text": "Patel A , Usherwood T , Jan S , Tonkin A , Rodgers", "type": "authors", "id": 1}, {"begin": 151, "end": 196, "text": "Henry D; National Health and Medical Research", "tokenized_text": "Henry D ; National Health and Medical Research", "type": "venue", "id": 2}]