[{"begin": 253, "end": 259, "text": "Grants", "tokenized_text": "Grants", "type": "title", "id": 0}, {"begin": 0, "end": 119, "text": "Randomised trial of a \"polypill\" to improve guidelines adherence for vascular disease prevention in primary health care", "tokenized_text": "Randomised trial of a \" polypill \" to improve guidelines adherence for vascular disease prevention in primary health care", "type": "title", "id": 1}, {"begin": 121, "end": 191, "text": "Patel A, Rodgers A, Tonkin A, Rodgers A, Usherwood T, Jan S, Tonkin A;", "tokenized_text": "Patel A , Rodgers A , Tonkin A , Rodgers A , Usherwood T , Jan S , Tonkin A ;", "type": "authors", "id": 2}, {"begin": 192, "end": 228, "text": "National Health and Medical Research", "tokenized_text": "National Health and Medical Research", "type": "venue", "id": 3}]