[{"begin": 261, "end": 266, "text": "Grant", "tokenized_text": "Grant", "type": "authors", "id": 0}, {"begin": 0, "end": 101, "text": "The equity, access, and economic outcomes of a combination pill in the guideline treatment of cardio;", "tokenized_text": "The equity , access , and economic outcomes of a combination pill in the guideline treatment of cardio ;", "type": "title", "id": 1}, {"begin": 102, "end": 139, "text": "Patel A, Usherwood T, Jan S, Tonkin A", "tokenized_text": "Patel A , Usherwood T , Jan S , Tonkin A", "type": "authors", "id": 2}, {"begin": 141, "end": 260, "text": "Commonwealth Department of Health and Ageing/Primary Health Care Research Evaluation and Development (PHC RED) Strategy", "tokenized_text": "Commonwealth Department of Health and Ageing / Primary Health Care Research Evaluation and Development ( PHC RED ) Strategy", "type": "title", "id": 3}]