[{"begin": 0, "end": 137, "text": "Improving Health Outcomes For Aboriginal Australians With Chronic Disease Through Strategies To Reduce Systems Barriers To Necessary Care", "tokenized_text": "Improving Health Outcomes For Aboriginal Australians With Chronic Disease Through Strategies To Reduce Systems Barriers To Necessary Care", "type": "title", "id": 0}, {"begin": 139, "end": 234, "text": "Isbel N, Hayman N, Tonkin A, Cass A, Brown A, Brown A, Patel A, Eades S, Hayman N, Isbel N, Jan", "tokenized_text": "Isbel N , Hayman N , Tonkin A , Cass A , Brown A , Brown A , Patel A , Eades S , Hayman N , Isbel N , Jan", "type": "authors", "id": 1}, {"begin": 235, "end": 271, "text": "S, Ring I, Tonkin A, Weeramanthri T;", "tokenized_text": "S , Ring I , Tonkin A , Weeramanthri T ;", "type": "authors", "id": 2}, {"begin": 272, "end": 316, "text": "National Health and Medical Research Council", "tokenized_text": "National Health and Medical Research Council", "type": "title", "id": 3}, {"begin": 325, "end": 396, "text": "Strategic Awards: Capacity Building Grants for Health Services Research", "tokenized_text": "Strategic Awards : Capacity Building Grants for Health Services Research", "type": "title", "id": 4}]