[{"begin": 310, "end": 368, "text": "among 3140 patients at high risk of cardiovascular disease", "tokenized_text": "among 3140 patients at high risk of cardiovascular disease", "type": "title", "id": 0}, {"begin": 370, "end": 411, "text": "European Journal of Preventive Cardiology", "tokenized_text": "European Journal of Preventive Cardiology", "type": "venue", "id": 1}, {"begin": 0, "end": 118, "text": "Selak, V., Bullen, C., Stepien, S., Arroll, B., Bots, M., Bramley, D., Cass, A., Grobbee, D., Hillis, G., Molanus, B.,", "tokenized_text": "Selak , V . , Bullen , C . , Stepien , S . , Arroll , B . , Bots , M . , Bramley , D . , Cass , A . , Grobbee , D . , Hillis , G . , Molanus , B . ,", "type": "authors", "id": 2}, {"begin": 119, "end": 186, "text": "Neal, B., Patel, A., Rodgers, A., Usherwood, T., Webster, R., et al", "tokenized_text": "Neal , B . , Patel , A . , Rodgers , A . , Usherwood , T . , Webster , R . , et al", "type": "authors", "id": 3}, {"begin": 188, "end": 192, "text": "2016", "tokenized_text": "2016", "type": "year", "id": 4}, {"begin": 195, "end": 309, "text": "Do polypills lead to neglect of lifestyle risk factors? Findings from an individual participant data meta-analysis", "tokenized_text": "Do polypills lead to neglect of lifestyle risk factors ? Findings from an individual participant data meta - analysis", "type": "title", "id": 5}]