[{"begin": 116, "end": 135, "text": "Sullivan, D., et al", "tokenized_text": "Sullivan , D . , et al", "type": "authors", "id": 0}, {"begin": 137, "end": 141, "text": "2016", "tokenized_text": "2016", "type": "year", "id": 1}, {"begin": 144, "end": 280, "text": "Long-Term Effectiveness and Safety of Pravastatin in Patients With Coronary Heart Disease: Sixteen Years of Follow-Up of the LIPID Study", "tokenized_text": "Long - Term Effectiveness and Safety of Pravastatin in Patients With Coronary Heart Disease : Sixteen Years of Follow - Up of the LIPID Study", "type": "title", "id": 2}, {"begin": 282, "end": 293, "text": "Circulation", "tokenized_text": "Circulation", "type": "venue", "id": 3}, {"begin": 0, "end": 115, "text": "Hague, W., Simes, R., Kirby, A., Keech, A., White, H., Hunt, D., Nestel, P., Colquhoun, D., Pater, H., Stewart, R.,", "tokenized_text": "Hague , W . , Simes , R . , Kirby , A . , Keech , A . , White , H . , Hunt , D . , Nestel , P . , Colquhoun , D . , Pater , H . , Stewart , R . ,", "type": "authors", "id": 4}]