[{"begin": 126, "end": 141, "text": "Neal, B., et al", "tokenized_text": "Neal , B . , et al", "type": "authors", "id": 0}, {"begin": 143, "end": 147, "text": "2016", "tokenized_text": "2016", "type": "year", "id": 1}, {"begin": 150, "end": 276, "text": "Plasma lipidomic profiles improve upon traditional risk factors for the prediction of cardiovascular events in Type 2 diabetes", "tokenized_text": "Plasma lipidomic profiles improve upon traditional risk factors for the prediction of cardiovascular events in Type 2 diabetes", "type": "title", "id": 2}, {"begin": 278, "end": 289, "text": "Circulation", "tokenized_text": "Circulation", "type": "venue", "id": 3}, {"begin": 0, "end": 125, "text": "Alshehry, Z., Mundra, P., Barlow, C., Mellett, N., Wong, G., McConville, M., Simes, R., Tonkin, A., Sullivan, D., Barnes, E.,", "tokenized_text": "Alshehry , Z . , Mundra , P . , Barlow , C . , Mellett , N . , Wong , G . , McConville , M . , Simes , R . , Tonkin , A . , Sullivan , D . , Barnes , E . ,", "type": "authors", "id": 4}]