[{"begin": 166, "end": 221, "text": "Future Challenges and the Need for an Australian Review", "tokenized_text": "Future Challenges and the Need for an Australian Review", "type": "title", "id": 0}, {"begin": 223, "end": 250, "text": "Heart, Lung and Circulation", "tokenized_text": "Heart , Lung and Circulation", "type": "venue", "id": 1}, {"begin": 0, "end": 96, "text": "Sullivan, D., Watts, G., Nicholls, S., Barter, P., Grenfell, R., Chow, C., Tonkin, A., Keech, A.", "tokenized_text": "Sullivan , D . , Watts , G . , Nicholls , S . , Barter , P . , Grenfell , R . , Chow , C . , Tonkin , A . , Keech , A .", "type": "authors", "id": 2}, {"begin": 98, "end": 102, "text": "2015", "tokenized_text": "2015", "type": "year", "id": 3}, {"begin": 105, "end": 164, "text": "Clinical Guidelines on Hyperlipidaemia: Recent Developments", "tokenized_text": "Clinical Guidelines on Hyperlipidaemia : Recent Developments", "type": "title", "id": 4}]