[{"begin": 0, "end": 113, "text": "Roberts, M., Pilmore, H., Ierino, F., Badve, S., Cass, A., Garg, A., Hawley, C., Isbel, N., Krum, H., Pascoe, E.,", "tokenized_text": "Roberts , M . , Pilmore , H . , Ierino , F . , Badve , S . , Cass , A . , Garg , A . , Hawley , C . , Isbel , N . , Krum , H . , Pascoe , E . ,", "type": "authors", "id": 0}, {"begin": 114, "end": 133, "text": "Perkovic, V., et al", "tokenized_text": "Perkovic , V . , et al", "type": "authors", "id": 1}, {"begin": 135, "end": 139, "text": "2015", "tokenized_text": "2015", "type": "year", "id": 2}, {"begin": 142, "end": 254, "text": "The rationale and design of the Beta-blocker to LOwer CArdiovascular Dialysis Events (BLOCADE) Feasibility Study", "tokenized_text": "The rationale and design of the Beta - blocker to LOwer CArdiovascular Dialysis Events ( BLOCADE ) Feasibility Study", "type": "title", "id": 3}, {"begin": 256, "end": 266, "text": "Nephrology", "tokenized_text": "Nephrology", "type": "venue", "id": 4}]