[{"begin": 115, "end": 163, "text": "Neal, B., Patel, A., Rodgers, A., Jan, S., et al", "tokenized_text": "Neal , B . , Patel , A . , Rodgers , A . , Jan , S . , et al", "type": "authors", "id": 0}, {"begin": 165, "end": 169, "text": "2014", "tokenized_text": "2014", "type": "year", "id": 1}, {"begin": 172, "end": 260, "text": "An economic case for a cardiovascular polypill? A cost analysis of the Kanyini GAP trial", "tokenized_text": "An economic case for a cardiovascular polypill ? A cost analysis of the Kanyini GAP trial", "type": "title", "id": 2}, {"begin": 262, "end": 290, "text": "Medical Journal of Australia", "tokenized_text": "Medical Journal of Australia", "type": "venue", "id": 3}, {"begin": 0, "end": 114, "text": "Laba, T., Hayes, A., Lo, S., Peiris, D., Usherwood, T., Hillis, G., Rafter, N., Reid, C., Tonkin, A., Webster, R.,", "tokenized_text": "Laba , T . , Hayes , A . , Lo , S . , Peiris , D . , Usherwood , T . , Hillis , G . , Rafter , N . , Reid , C . , Tonkin , A . , Webster , R . ,", "type": "authors", "id": 4}]