[{"begin": 0, "end": 122, "text": "Funke-Kaiser, A., Robledo, K., Colquhoun, D., Zeller, T., Hunt, D., Simes, R., Sullivan, D., Sydow, K., West, M., White, H", "tokenized_text": "Funke - Kaiser , A . , Robledo , K . , Colquhoun , D . , Zeller , T . , Hunt , D . , Simes , R . , Sullivan , D . , Sydow , K . , West , M . , White , H", "type": "authors", "id": 0}, {"begin": 122, "end": 130, "text": "., et al", "tokenized_text": ". , et al", "type": "authors", "id": 1}, {"begin": 132, "end": 136, "text": "2014", "tokenized_text": "2014", "type": "year", "id": 2}, {"begin": 139, "end": 301, "text": "Midregional proadrenomedullin and its change predicts recurrent major coronary events and heart failure in stable coronary heart disease patients: the LIPID study", "tokenized_text": "Midregional proadrenomedullin and its change predicts recurrent major coronary events and heart failure in stable coronary heart disease patients : the LIPID study", "type": "title", "id": 3}, {"begin": 303, "end": 338, "text": "International Journal of Cardiology", "tokenized_text": "International Journal of Cardiology", "type": "venue", "id": 4}]