[{"begin": 0, "end": 37, "text": "Tonkin, A., Boyden, A., Colagiuri, S.", "tokenized_text": "Tonkin , A . , Boyden , A . , Colagiuri , S .", "type": "authors", "id": 0}, {"begin": 39, "end": 43, "text": "2009", "tokenized_text": "2009", "type": "year", "id": 1}, {"begin": 46, "end": 172, "text": "Maximising the effectiveness and cost-effectiveness of cardiovascular disease prevention in the general population (Editorial)", "tokenized_text": "Maximising the effectiveness and cost - effectiveness of cardiovascular disease prevention in the general population ( Editorial )", "type": "title", "id": 2}, {"begin": 174, "end": 202, "text": "Medical Journal of Australia", "tokenized_text": "Medical Journal of Australia", "type": "venue", "id": 3}]