[{"begin": 0, "end": 119, "text": "Chew, D., Allan, R., Aroney, C., Tonkin, A., Wilson, S., Boyden, A., Denaro, C., Field, B., Fitzpatrick, M., Hobbs, M.,", "tokenized_text": "Chew , D . , Allan , R . , Aroney , C . , Tonkin , A . , Wilson , S . , Boyden , A . , Denaro , C . , Field , B . , Fitzpatrick , M . , Hobbs , M . ,", "type": "authors", "id": 0}, {"begin": 120, "end": 145, "text": "Hore, C., Neal, B., et al", "tokenized_text": "Hore , C . , Neal , B . , et al", "type": "authors", "id": 1}, {"begin": 147, "end": 151, "text": "2005", "tokenized_text": "2005", "type": "year", "id": 2}, {"begin": 154, "end": 232, "text": "National data elements for the clinical management of acute coronary syndromes", "tokenized_text": "National data elements for the clinical management of acute coronary syndromes", "type": "title", "id": 3}, {"begin": 234, "end": 262, "text": "Medical Journal of Australia", "tokenized_text": "Medical Journal of Australia", "type": "venue", "id": 4}]