[{"begin": 0, "end": 121, "text": "Bunker, S., Colquhoun, D., Esler, M., Hickie, I., Hunt, D., Jelinek, V., Oldenburg, B., Peach, H., Ruth, D., Tennant, C.,", "tokenized_text": "Bunker , S . , Colquhoun , D . , Esler , M . , Hickie , I . , Hunt , D . , Jelinek , V . , Oldenburg , B . , Peach , H . , Ruth , D . , Tennant , C . ,", "type": "authors", "id": 0}, {"begin": 122, "end": 132, "text": "Tonkin, A.", "tokenized_text": "Tonkin , A .", "type": "authors", "id": 1}, {"begin": 134, "end": 138, "text": "2003", "tokenized_text": "2003", "type": "year", "id": 2}, {"begin": 142, "end": 270, "text": "Stress\" and coronary heart disease: psychosocial risk factors - National Heart Foundation of Australia position statement update", "tokenized_text": "Stress \" and coronary heart disease : psychosocial risk factors - National Heart Foundation of Australia position statement update", "type": "title", "id": 3}, {"begin": 272, "end": 300, "text": "Medical Journal of Australia", "tokenized_text": "Medical Journal of Australia", "type": "venue", "id": 4}]