[{"begin": 0, "end": 54, "text": "Hague, W., Forder, P., Simes, R., Hunt, D., Tonkin, A.", "tokenized_text": "Hague , W . , Forder , P . , Simes , R . , Hunt , D . , Tonkin , A .", "type": "authors", "id": 0}, {"begin": 56, "end": 60, "text": "2003", "tokenized_text": "2003", "type": "year", "id": 1}, {"begin": 63, "end": 193, "text": "Effect of pravastatin on cardiovascular events and mortality in 1516 women with coronary heart disease: Results from the Long-Term", "tokenized_text": "Effect of pravastatin on cardiovascular events and mortality in 1516 women with coronary heart disease : Results from the Long - Term", "type": "title", "id": 2}, {"begin": 194, "end": 257, "text": "Intervention with Pravastatin in Ischemic Disease (LIPID) study", "tokenized_text": "Intervention with Pravastatin in Ischemic Disease ( LIPID ) study", "type": "title", "id": 3}, {"begin": 259, "end": 281, "text": "American Heart Journal", "tokenized_text": "American Heart Journal", "type": "venue", "id": 4}]