[{"begin": 181, "end": 220, "text": "individuals with coronary heart disease", "tokenized_text": "individuals with coronary heart disease", "type": "title", "id": 0}, {"begin": 222, "end": 244, "text": "European Heart Journal", "tokenized_text": "European Heart Journal", "type": "venue", "id": 1}, {"begin": 0, "end": 70, "text": "Neal, B., MacMahon, S., Ohkubo, T., Tonkin, A., Wilcken, D., Keech, A.", "tokenized_text": "Neal , B . , MacMahon , S . , Ohkubo , T . , Tonkin , A . , Wilcken , D . , Keech , A .", "type": "authors", "id": 2}, {"begin": 72, "end": 76, "text": "2002", "tokenized_text": "2002", "type": "year", "id": 3}, {"begin": 79, "end": 180, "text": "Dose-dependent effects of folic acid on plasma homocysteine in a randomized trial conducted among 723", "tokenized_text": "Dose - dependent effects of folic acid on plasma homocysteine in a randomized trial conducted among 723", "type": "title", "id": 4}]