[{"begin": 0, "end": 86, "text": "Hunt, D., Young, P., Simes, R., Hague, W., Mann, S., Owensby, D., Lane, G., Tonkin, A.", "tokenized_text": "Hunt , D . , Young , P . , Simes , R . , Hague , W . , Mann , S . , Owensby , D . , Lane , G . , Tonkin , A .", "type": "authors", "id": 0}, {"begin": 88, "end": 92, "text": "2001", "tokenized_text": "2001", "type": "year", "id": 1}, {"begin": 95, "end": 147, "text": "Benefits of pravastatin on cardiovascular events and", "tokenized_text": "Benefits of pravastatin on cardiovascular events and", "type": "title", "id": 2}, {"begin": 148, "end": 257, "text": "mortality in older patients with coronary heart disease are equal to or exceed those seen in younger patients", "tokenized_text": "mortality in older patients with coronary heart disease are equal to or exceed those seen in younger patients", "type": "title", "id": 3}, {"begin": 259, "end": 286, "text": "Annals of Internal Medicine", "tokenized_text": "Annals of Internal Medicine", "type": "venue", "id": 4}]