[{"begin": 0, "end": 104, "text": "Colquhoun, D., Soderberg, S., Kirby, A., Keech, A., Simes, R., Hague, W., Hamilton-Craig, I., Tonkin, A.", "tokenized_text": "Colquhoun , D . , Soderberg , S . , Kirby , A . , Keech , A . , Simes , R . , Hague , W . , Hamilton - Craig , I . , Tonkin , A .", "type": "authors", "id": 0}, {"begin": 106, "end": 110, "text": "2006", "tokenized_text": "2006", "type": "year", "id": 1}, {"begin": 113, "end": 143, "text": "Obesity and adipokines as risk", "tokenized_text": "Obesity and adipokines as risk", "type": "title", "id": 2}, {"begin": 144, "end": 242, "text": "factors for major coronary heart disease events in patients with CHD: Results from the lipid trial", "tokenized_text": "factors for major coronary heart disease events in patients with CHD : Results from the lipid trial", "type": "title", "id": 3}, {"begin": 248, "end": 290, "text": "International Symposium on Atherosclerosis", "tokenized_text": "International Symposium on Atherosclerosis", "type": "venue", "id": 4}]