[{"begin": 583, "end": 641, "text": "Belgium)/Seventh Framework Network of Excellence Programme", "tokenized_text": "Belgium ) / Seventh Framework Network of Excellence Programme", "type": "title", "id": 0}, {"begin": 221, "end": 390, "text": "P, Wollert K, Dent A, Bogaard P, Werner E, Wild P, Munzel T, Njolstad I, Mathiesen E, Zeller T, Schnabel R, Biasucci L, Iacoviello L, Crea F, Volzke H, Felix S, Bobak M,", "tokenized_text": "P , Wollert K , Dent A , Bogaard P , Werner E , Wild P , Munzel T , Njolstad I , Mathiesen E , Zeller T , Schnabel R , Biasucci L , Iacoviello L , Crea F , Volzke H , Felix S , Bobak M ,", "type": "authors", "id": 1}, {"begin": 391, "end": 581, "text": "Kee F, Dallongeville J, Sans S, Wiklund P, Metspalu A, Jorgensen T, Ferrario M, Tunstall-Pedoe H, Muller C, Rothenbacher D, Konig W, Ridker P, Simes R, Tonkin A, Anand S; European Commission", "tokenized_text": "Kee F , Dallongeville J , Sans S , Wiklund P , Metspalu A , Jorgensen T , Ferrario M , Tunstall - Pedoe H , Muller C , Rothenbacher D , Konig W , Ridker P , Simes R , Tonkin A , Anand S ; European Commission", "type": "authors", "id": 2}, {"begin": 0, "end": 67, "text": "Biomarker for Cardiovascular Risk Assessment in Europe (BiomarCaRE)", "tokenized_text": "Biomarker for Cardiovascular Risk Assessment in Europe ( BiomarCaRE )", "type": "title", "id": 3}, {"begin": 69, "end": 82, "text": "Blankenberg S", "tokenized_text": "Blankenberg S", "type": "authors", "id": 4}, {"begin": 84, "end": 220, "text": "Kuulasmaa K, Salomaa V, Breek H, Pasterkamp G, Hofer I, Illig T, Peters A, Koenig W, Weinberger K, Ziegler A, Siebert U, Schnell-Inderst", "tokenized_text": "Kuulasmaa K , Salomaa V , Breek H , Pasterkamp G , Hofer I , Illig T , Peters A , Koenig W , Weinberger K , Ziegler A , Siebert U , Schnell - Inderst", "type": "authors", "id": 5}]