{
  "comment": "//leave comments here if needed",
  "contain_publication_list": "F",
  "email": "COPY_AND_CORRECT_OWNER_EMAIL_HERE",
  "filename": "a0f44e79-934d-4727-9c16-f594859274c4",
  "info": "T means true, F means False. If no publications, just leave the publication structure unchanged.",
  "is_personal_homepage": "F",
  "name": "COPY_OWNER_NAME_HERE",
  "publications": [
    {
      "text": "COPY_SINGLE_PUBLICATION_HERE"
    },
    {
      "text": "COPY_SINGLE_PUBLICATION_HERE"
    }
  ],
  "url": "https://coe.hawaii.edu/directory/?person=amysojot"
}