{
  "comment": "//leave comments here if needed",
  "contain_publication_list": "F",
  "email": "xue.41@osu.edu",
  "filename": "697a8028-c1a6-4cf6-885c-42f2593f0680",
  "info": "T means true, F means False. If no publications, just leave the publication structure unchanged.",
  "is_personal_homepage": "T",
  "name": "Chuan Xue",
  "name_index": [
    {
      "index_in_file": [
        [
          283,
          292
        ],
        [
          295,
          304
        ]
      ],
      "name_format": "Begin_First_Full End_Last_Full",
      "text": "Chuan Xue"
    }
  ],
  "publications": [
    {
      "text": "COPY_SINGLE_PUBLICATION_HERE"
    },
    {
      "text": "COPY_SINGLE_PUBLICATION_HERE"
    }
  ],
  "url": "http://math.osu.edu/people/xue.41"
}