{
  "comment": "//leave comments here if needed",
  "contain_publication_list": "T",
  "email": "COPY_AND_CORRECT_OWNER_EMAIL_HERE",
  "filename": "0fc1a0e3-b0fd-47a0-b75b-3efb92bca3a1",
  "info": "T means true, F means False. If no publications, just leave the publication structure unchanged.",
  "is_personal_homepage": "F",
  "name": "COPY_OWNER_NAME_HERE",
  "publications": [
    {
      "text": "COPY_SINGLE_PUBLICATION_HERE"
    },
    {
      "text": "COPY_SINGLE_PUBLICATION_HERE"
    }
  ],
  "url": "http://www.philosophie.uzh.ch/de/seminar/lehrstuehle/ethik/ma/muders.html"
}