{
  "comment": "//leave comments here if needed",
  "contain_publication_list": "F",
  "email": "iaksay@princeton.edu",
  "filename": "73fed727-009b-4531-ba31-ef319d63b7d3",
  "info": "T means true, F means False. If no publications, just leave the publication structure unchanged.",
  "is_personal_homepage": "T",
  "name": "Ilhan A. Aksay",
  "name_index": [
    {
      "index_in_file": [
        [
          528,
          542
        ]
      ],
      "name_format": "Begin_First_Full Inside_Middle_Initial End_Last_Full",
      "text": "Ilhan A. Aksay"
    },
    {
      "index_in_file": [
        [
          1214,
          1229
        ]
      ],
      "name_format": "Begin_First_Full Inside_Middle_Initial End_Last_Full",
      "text": "Edward C. Henry"
    },
    {
      "index_in_file": [
        [
          1272,
          1290
        ]
      ],
      "name_format": "Begin_First_Full Inside_Middle_Initial Inside_Middle_Initial End_Last_Full",
      "text": "Charles M.A. Stine"
    },
    {
      "index_in_file": [
        [
          1422,
          1440
        ]
      ],
      "name_format": "Begin_First_Full Inside_Middle_Initial End_Last_Full",
      "text": "Richard M. Fulrath"
    },
    {
      "index_in_file": [
        [
          2991,
          3006
        ]
      ],
      "name_format": "Begin_First_Initial Inside_Middle_Initial End_Last_Full",
      "text": "W.D. Ristenpart"
    },
    {
      "index_in_file": [
        [
          2271,
          2277
        ],
        [
          3773,
          3779
        ]
      ],
      "name_format": "Begin_First_Initial End_Last_Full",
      "text": "N. Yao"
    },
    {
      "index_in_file": [
        [
          4807,
          4816
        ]
      ],
      "name_format": "Begin_First_Initial Inside_Middle_Initial End_Last_Full",
      "text": "W.Y. Shih"
    },
    {
      "index_in_file": [
        [
          3790,
          3801
        ]
      ],
      "name_format": "Begin_First_Initial End_Last_Full",
      "text": "H. Nakagawa"
    },
    {
      "index_in_file": [
        [
          2977,
          2989
        ],
        [
          3020,
          3032
        ],
        [
          3811,
          3823
        ]
      ],
      "name_format": "Begin_First_Initial Inside_Middle_Initial End_Last_Full",
      "text": "D.A. Saville"
    },
    {
      "index_in_file": [
        [
          3781,
          3788
        ]
      ],
      "name_format": "Begin_First_Initial Inside_Middle_Initial End_Last_Full",
      "text": "A.Y. Ku"
    },
    {
      "index_in_file": [
        [
          4818,
          4823
        ]
      ],
      "name_format": "Begin_First_Initial End_Last_Full",
      "text": "X. Li"
    },
    {
      "index_in_file": [
        [
          4825,
          4830
        ]
      ],
      "name_format": "Begin_First_Initial End_Last_Full",
      "text": "H. Gu"
    },
    {
      "index_in_file": [
        [
          3803,
          3809
        ]
      ],
      "name_format": "Begin_First_Initial End_Last_Full",
      "text": "T. Lee"
    },
    {
      "index_in_file": [
        [
          2101,
          2111
        ],
        [
          2279,
          2289
        ],
        [
          3008,
          3018
        ],
        [
          3825,
          3835
        ],
        [
          4610,
          4620
        ],
        [
          4844,
          4854
        ]
      ],
      "name_format": "Begin_First_Initial Inside_Middle_Initial End_Last_Full",
      "text": "I.A. Aksay"
    },
    {
      "index_in_file": [
        [
          4832,
          4842
        ]
      ],
      "name_format": "Begin_First_Initial End_Last_Full",
      "text": "W.-H. Shih"
    },
    {
      "index_in_file": [
        [
          4597,
          4608
        ]
      ],
      "name_format": "Begin_First_Initial Inside_Middle_Initial End_Last_Full",
      "text": "C.R. Martin"
    },
    {
      "index_in_file": [
        [
          2259,
          2269
        ]
      ],
      "name_format": "Begin_First_Initial Inside_Middle_Initial End_Last_Full",
      "text": "A.G. Evans"
    },
    {
      "index_in_file": [
        [
          2240,
          2249
        ]
      ],
      "name_format": "Begin_First_Initial Inside_Middle_Initial End_Last_Full",
      "text": "R.Z. Wang"
    },
    {
      "index_in_file": [
        [
          2089,
          2099
        ]
      ],
      "name_format": "Begin_First_Initial Inside_Middle_Initial End_Last_Full",
      "text": "D.M. Dabbs"
    },
    {
      "index_in_file": [
        [
          2251,
          2257
        ]
      ],
      "name_format": "Begin_First_Initial End_Last_Full",
      "text": "Z. Suo"
    },
    {
      "in_email": "BEFORE_AT",
      "index_in_file": [
        [
          874,
          880
        ]
      ],
      "name_format": "Begin_First_Initial_Last_Full",
      "text": "iaksay"
    }
  ],
  "publications": [
    {
      "text": "COPY_SINGLE_PUBLICATION_HERE"
    },
    {
      "text": "COPY_SINGLE_PUBLICATION_HERE"
    }
  ],
  "url": "http://www.princeton.edu/cbe/people/faculty/aksay/"
}