{
  "comment": "//leave comments here if needed",
  "contain_publication_list": "F",
  "email": "COPY_AND_CORRECT_OWNER_EMAIL_HERE",
  "filename": "f502af00-4f3c-41eb-8305-186a31f68168",
  "info": "T means true, F means False. If no publications, just leave the publication structure unchanged.",
  "is_personal_homepage": "F",
  "name": "COPY_OWNER_NAME_HERE",
  "publications": [
    {
      "text": "COPY_SINGLE_PUBLICATION_HERE"
    },
    {
      "text": "COPY_SINGLE_PUBLICATION_HERE"
    }
  ],
  "url": "http://katalog.uu.se/profile/?id=N2-1542"
}