{
  "comment": "//leave comments here if needed",
  "contain_publication_list": "T",
  "email": "andrew.tonkin@sydney.edu.au",
  "filename": "6256fd91-c7d3-4b93-b381-95736caa3dd2",
  "info": "T means true, F means False. If no publications, just leave the publication structure unchanged.",
  "is_personal_homepage": "T",
  "name": "ANDREW TONKIN",
  "name_index": [
    {
      "index_in_file": [
        [
          626,
          639
        ],
        [
          707,
          720
        ]
      ],
      "name_format": "Begin_First_Full End_Last_Full",
      "text": "ANDREW TONKIN"
    },
    {
      "index_in_file": [
        [
          3971,
          3983
        ]
      ],
      "name_format": "Begin_Last_Full End_First_Initial",
      "text": "Grenfell, R."
    },
    {
      "index_in_file": [
        [
          4590,
          4598
        ]
      ],
      "name_format": "Begin_Last_Full End_First_Initial",
      "text": "Reid, C."
    },
    {
      "index_in_file": [
        [
          3628,
          3639
        ]
      ],
      "name_format": "Begin_Last_Full End_First_Initial",
      "text": "Mellett, N."
    },
    {
      "index_in_file": [
        [
          2973,
          2984
        ],
        [
          4612,
          4623
        ]
      ],
      "name_format": "Begin_Last_Full End_First_Initial",
      "text": "Webster, R."
    },
    {
      "index_in_file": [
        [
          5556,
          5564
        ]
      ],
      "name_format": "Begin_Last_Full End_First_Initial",
      "text": "Hore, C."
    },
    {
      "index_in_file": [
        [
          5815,
          5823
        ]
      ],
      "name_format": "Begin_Last_Full End_First_Initial",
      "text": "Ruth, D."
    },
    {
      "index_in_file": [
        [
          3267,
          3276
        ],
        [
          3667,
          3676
        ],
        [
          4907,
          4916
        ],
        [
          6058,
          6067
        ],
        [
          6659,
          6668
        ],
        [
          7019,
          7028
        ]
      ],
      "name_format": "Begin_Last_Full End_First_Initial",
      "text": "Simes, R."
    },
    {
      "index_in_file": [
        [
          3278,
          3287
        ],
        [
          6997,
          7006
        ]
      ],
      "name_format": "Begin_Last_Full End_First_Initial",
      "text": "Kirby, A."
    },
    {
      "index_in_file": [
        [
          2816,
          2826
        ]
      ],
      "name_format": "Begin_Last_Full End_First_Initial",
      "text": "Bullen, C."
    },
    {
      "index_in_file": [
        [
          4510,
          4518
        ]
      ],
      "name_format": "Begin_Last_Full End_First_Initial",
      "text": "Laba, T."
    },
    {
      "index_in_file": [
        [
          5227,
          5237
        ],
        [
          5493,
          5503
        ]
      ],
      "name_format": "Begin_Last_Full End_First_Initial",
      "text": "Boyden, A."
    },
    {
      "index_in_file": [
        [
          5789,
          5802
        ]
      ],
      "name_format": "Begin_Last_Full End_First_Initial",
      "text": "Oldenburg, B."
    },
    {
      "index_in_file": [
        [
          5776,
          5787
        ]
      ],
      "name_format": "Begin_Last_Full End_First_Initial",
      "text": "Jelinek, V."
    },
    {
      "index_in_file": [
        [
          5528,
          5543
        ]
      ],
      "name_format": "Begin_Last_Full End_First_Initial",
      "text": "Fitzpatrick, M."
    },
    {
      "index_in_file": [
        [
          3641,
          3649
        ]
      ],
      "name_format": "Begin_Last_Full End_First_Initial",
      "text": "Wong, G."
    },
    {
      "index_in_file": [
        [
          5804,
          5813
        ]
      ],
      "name_format": "Begin_Last_Full End_First_Initial",
      "text": "Peach, H."
    },
    {
      "index_in_file": [
        [
          4885,
          4895
        ]
      ],
      "name_format": "Begin_Last_Full End_First_Initial",
      "text": "Zeller, T."
    },
    {
      "index_in_file": [
        [
          5446,
          5455
        ]
      ],
      "name_format": "Begin_Last_Full End_First_Initial",
      "text": "Allan, R."
    },
    {
      "index_in_file": [
        [
          2911,
          2922
        ]
      ],
      "name_format": "Begin_Last_Full End_First_Initial",
      "text": "Molanus, B."
    },
    {
      "index_in_file": [
        [
          4520,
          4529
        ]
      ],
      "name_format": "Begin_Last_Full End_First_Initial",
      "text": "Hayes, A."
    },
    {
      "index_in_file": [
        [
          4857,
          4868
        ]
      ],
      "name_format": "Begin_Last_Full End_First_Initial",
      "text": "Robledo, K."
    },
    {
      "index_in_file": [
        [
          4207,
          4218
        ]
      ],
      "name_format": "Begin_Last_Full End_First_Initial",
      "text": "Roberts, M."
    },
    {
      "index_in_file": [
        [
          4839,
          4855
        ]
      ],
      "name_format": "Begin_Last_Full End_First_Initial",
      "text": "Funke-Kaiser, A."
    },
    {
      "index_in_file": [
        [
          3616,
          3626
        ]
      ],
      "name_format": "Begin_Last_Full End_First_Initial",
      "text": "Barlow, C."
    },
    {
      "index_in_file": [
        [
          5436,
          5444
        ]
      ],
      "name_format": "Begin_Last_Full End_First_Initial",
      "text": "Chew, D."
    },
    {
      "index_in_file": [
        [
          3289,
          3298
        ],
        [
          4007,
          4016
        ],
        [
          6415,
          6424
        ],
        [
          7008,
          7017
        ]
      ],
      "name_format": "Begin_Last_Full End_First_Initial",
      "text": "Keech, A."
    },
    {
      "index_in_file": [
        [
          2934,
          2943
        ],
        [
          4635,
          4644
        ]
      ],
      "name_format": "Begin_Last_Full End_First_Initial",
      "text": "Patel, A."
    },
    {
      "index_in_file": [
        [
          3311,
          3319
        ],
        [
          4897,
          4905
        ],
        [
          5766,
          5774
        ],
        [
          6069,
          6077
        ],
        [
          6638,
          6646
        ]
      ],
      "name_format": "Begin_Last_Full End_First_Initial",
      "text": "Hunt, D."
    },
    {
      "index_in_file": [
        [
          3359,
          3370
        ]
      ],
      "name_format": "Begin_Last_Full End_First_Initial",
      "text": "Stewart, R."
    },
    {
      "index_in_file": [
        [
          3959,
          3969
        ]
      ],
      "name_format": "Begin_Last_Full End_First_Initial",
      "text": "Barter, P."
    },
    {
      "index_in_file": [
        [
          3333,
          3346
        ],
        [
          4870,
          4883
        ],
        [
          5728,
          5741
        ],
        [
          6967,
          6980
        ]
      ],
      "name_format": "Begin_Last_Full End_First_Initial",
      "text": "Colquhoun, D."
    },
    {
      "index_in_file": [
        [
          4276,
          4286
        ]
      ],
      "name_format": "Begin_Last_Full End_First_Initial",
      "text": "Hawley, C."
    },
    {
      "index_in_file": [
        [
          2828,
          2839
        ]
      ],
      "name_format": "Begin_Last_Full End_First_Initial",
      "text": "Stepien, S."
    },
    {
      "index_in_file": [
        [
          5517,
          5526
        ]
      ],
      "name_format": "Begin_Last_Full End_First_Initial",
      "text": "Field, B."
    },
    {
      "index_in_file": [
        [
          2853,
          2861
        ]
      ],
      "name_format": "Begin_Last_Full End_First_Initial",
      "text": "Bots, M."
    },
    {
      "index_in_file": [
        [
          4539,
          4549
        ]
      ],
      "name_format": "Begin_Last_Full End_First_Initial",
      "text": "Peiris, D."
    },
    {
      "index_in_file": [
        [
          3678,
          3688
        ],
        [
          3995,
          4005
        ],
        [
          4600,
          4610
        ],
        [
          5215,
          5225
        ],
        [
          5469,
          5479
        ],
        [
          5838,
          5848
        ],
        [
          6079,
          6089
        ],
        [
          6390,
          6400
        ],
        [
          6714,
          6724
        ],
        [
          7061,
          7071
        ]
      ],
      "name_format": "Begin_Last_Full End_First_Initial",
      "text": "Tonkin, A."
    },
    {
      "index_in_file": [
        [
          4288,
          4297
        ]
      ],
      "name_format": "Begin_Last_Full End_First_Initial",
      "text": "Isbel, N."
    },
    {
      "index_in_file": [
        [
          4943,
          4951
        ]
      ],
      "name_format": "Begin_Last_Full End_First_Initial",
      "text": "West, M."
    },
    {
      "index_in_file": [
        [
          2945,
          2956
        ],
        [
          4646,
          4657
        ]
      ],
      "name_format": "Begin_Last_Full End_First_Initial",
      "text": "Rodgers, A."
    },
    {
      "index_in_file": [
        [
          3985,
          3993
        ]
      ],
      "name_format": "Begin_Last_Full End_First_Initial",
      "text": "Chow, C."
    },
    {
      "index_in_file": [
        [
          2841,
          2851
        ]
      ],
      "name_format": "Begin_Last_Full End_First_Initial",
      "text": "Arroll, B."
    },
    {
      "index_in_file": [
        [
          2805,
          2814
        ]
      ],
      "name_format": "Begin_Last_Full End_First_Initial",
      "text": "Selak, V."
    },
    {
      "index_in_file": [
        [
          4266,
          4274
        ]
      ],
      "name_format": "Begin_Last_Full End_First_Initial",
      "text": "Garg, A."
    },
    {
      "index_in_file": [
        [
          2886,
          2897
        ]
      ],
      "name_format": "Begin_Last_Full End_First_Initial",
      "text": "Grobbee, D."
    },
    {
      "index_in_file": [
        [
          5457,
          5467
        ]
      ],
      "name_format": "Begin_Last_Full End_First_Initial",
      "text": "Aroney, C."
    },
    {
      "index_in_file": [
        [
          2899,
          2909
        ],
        [
          4566,
          4576
        ]
      ],
      "name_format": "Begin_Last_Full End_First_Initial",
      "text": "Hillis, G."
    },
    {
      "index_in_file": [
        [
          3945,
          3957
        ]
      ],
      "name_format": "Begin_Last_Full End_First_Initial",
      "text": "Nicholls, S."
    },
    {
      "index_in_file": [
        [
          5545,
          5554
        ]
      ],
      "name_format": "Begin_Last_Full End_First_Initial",
      "text": "Hobbs, M."
    },
    {
      "index_in_file": [
        [
          6648,
          6657
        ]
      ],
      "name_format": "Begin_Last_Full End_First_Initial",
      "text": "Young, P."
    },
    {
      "index_in_file": [
        [
          6378,
          6388
        ]
      ],
      "name_format": "Begin_Last_Full End_First_Initial",
      "text": "Ohkubo, T."
    },
    {
      "index_in_file": [
        [
          4245,
          4254
        ]
      ],
      "name_format": "Begin_Last_Full End_First_Initial",
      "text": "Badve, S."
    },
    {
      "index_in_file": [
        [
          3372,
          3384
        ],
        [
          3690,
          3702
        ],
        [
          3920,
          3932
        ],
        [
          4918,
          4930
        ]
      ],
      "name_format": "Begin_Last_Full End_First_Initial",
      "text": "Sullivan, D."
    },
    {
      "index_in_file": [
        [
          6691,
          6702
        ]
      ],
      "name_format": "Begin_Last_Full End_First_Initial",
      "text": "Owensby, D."
    },
    {
      "index_in_file": [
        [
          2863,
          2874
        ]
      ],
      "name_format": "Begin_Last_Full End_First_Initial",
      "text": "Bramley, D."
    },
    {
      "index_in_file": [
        [
          2958,
          2971
        ],
        [
          4551,
          4564
        ]
      ],
      "name_format": "Begin_Last_Full End_First_Initial",
      "text": "Usherwood, T."
    },
    {
      "index_in_file": [
        [
          3300,
          3309
        ],
        [
          4953,
          4962
        ]
      ],
      "name_format": "Begin_Last_Full End_First_Initial",
      "text": "White, H."
    },
    {
      "index_in_file": [
        [
          4578,
          4588
        ]
      ],
      "name_format": "Begin_Last_Full End_First_Initial",
      "text": "Rafter, N."
    },
    {
      "index_in_file": [
        [
          3934,
          3943
        ]
      ],
      "name_format": "Begin_Last_Full End_First_Initial",
      "text": "Watts, G."
    },
    {
      "index_in_file": [
        [
          7041,
          7059
        ]
      ],
      "name_format": "Begin_Last_Full End_First_Initial",
      "text": "Hamilton-Craig, I."
    },
    {
      "index_in_file": [
        [
          2924,
          2932
        ],
        [
          3716,
          3724
        ],
        [
          4625,
          4633
        ],
        [
          5566,
          5574
        ],
        [
          6354,
          6362
        ]
      ],
      "name_format": "Begin_Last_Full End_First_Initial",
      "text": "Neal, B."
    },
    {
      "index_in_file": [
        [
          3604,
          3614
        ]
      ],
      "name_format": "Begin_Last_Full End_First_Initial",
      "text": "Mundra, P."
    },
    {
      "index_in_file": [
        [
          6402,
          6413
        ]
      ],
      "name_format": "Begin_Last_Full End_First_Initial",
      "text": "Wilcken, D."
    },
    {
      "index_in_file": [
        [
          6704,
          6712
        ]
      ],
      "name_format": "Begin_Last_Full End_First_Initial",
      "text": "Lane, G."
    },
    {
      "index_in_file": [
        [
          6681,
          6689
        ]
      ],
      "name_format": "Begin_Last_Full End_First_Initial",
      "text": "Mann, S."
    },
    {
      "index_in_file": [
        [
          4299,
          4307
        ]
      ],
      "name_format": "Begin_Last_Full End_First_Initial",
      "text": "Krum, H."
    },
    {
      "index_in_file": [
        [
          4659,
          4666
        ]
      ],
      "name_format": "Begin_Last_Full End_First_Initial",
      "text": "Jan, S."
    },
    {
      "index_in_file": [
        [
          3651,
          3665
        ]
      ],
      "name_format": "Begin_Last_Full End_First_Initial",
      "text": "McConville, M."
    },
    {
      "index_in_file": [
        [
          6982,
          6995
        ]
      ],
      "name_format": "Begin_Last_Full End_First_Initial",
      "text": "Soderberg, S."
    },
    {
      "index_in_file": [
        [
          3256,
          3265
        ],
        [
          6035,
          6044
        ],
        [
          6670,
          6679
        ],
        [
          7030,
          7039
        ]
      ],
      "name_format": "Begin_Last_Full End_First_Initial",
      "text": "Hague, W."
    },
    {
      "index_in_file": [
        [
          5716,
          5726
        ]
      ],
      "name_format": "Begin_Last_Full End_First_Initial",
      "text": "Bunker, S."
    },
    {
      "index_in_file": [
        [
          5754,
          5764
        ]
      ],
      "name_format": "Begin_Last_Full End_First_Initial",
      "text": "Hickie, I."
    },
    {
      "index_in_file": [
        [
          3348,
          3357
        ]
      ],
      "name_format": "Begin_Last_Full End_First_Initial",
      "text": "Pater, H."
    },
    {
      "index_in_file": [
        [
          5505,
          5515
        ]
      ],
      "name_format": "Begin_Last_Full End_First_Initial",
      "text": "Denaro, C."
    },
    {
      "index_in_file": [
        [
          4220,
          4231
        ]
      ],
      "name_format": "Begin_Last_Full End_First_Initial",
      "text": "Pilmore, H."
    },
    {
      "index_in_file": [
        [
          3321,
          3331
        ]
      ],
      "name_format": "Begin_Last_Full End_First_Initial",
      "text": "Nestel, P."
    },
    {
      "index_in_file": [
        [
          6046,
          6056
        ]
      ],
      "name_format": "Begin_Last_Full End_First_Initial",
      "text": "Forder, P."
    },
    {
      "index_in_file": [
        [
          4309,
          4319
        ]
      ],
      "name_format": "Begin_Last_Full End_First_Initial",
      "text": "Pascoe, E."
    },
    {
      "index_in_file": [
        [
          3704,
          3714
        ]
      ],
      "name_format": "Begin_Last_Full End_First_Initial",
      "text": "Barnes, E."
    },
    {
      "index_in_file": [
        [
          4932,
          4941
        ]
      ],
      "name_format": "Begin_Last_Full End_First_Initial",
      "text": "Sydow, K."
    },
    {
      "index_in_file": [
        [
          4321,
          4333
        ]
      ],
      "name_format": "Begin_Last_Full End_First_Initial",
      "text": "Perkovic, V."
    },
    {
      "index_in_file": [
        [
          5239,
          5252
        ]
      ],
      "name_format": "Begin_Last_Full End_First_Initial",
      "text": "Colagiuri, S."
    },
    {
      "index_in_file": [
        [
          5825,
          5836
        ]
      ],
      "name_format": "Begin_Last_Full End_First_Initial",
      "text": "Tennant, C."
    },
    {
      "index_in_file": [
        [
          3590,
          3602
        ]
      ],
      "name_format": "Begin_Last_Full End_First_Initial",
      "text": "Alshehry, Z."
    },
    {
      "index_in_file": [
        [
          6364,
          6376
        ]
      ],
      "name_format": "Begin_Last_Full End_First_Initial",
      "text": "MacMahon, S."
    },
    {
      "index_in_file": [
        [
          5743,
          5752
        ]
      ],
      "name_format": "Begin_Last_Full End_First_Initial",
      "text": "Esler, M."
    },
    {
      "index_in_file": [
        [
          4531,
          4537
        ]
      ],
      "name_format": "Begin_Last_Full End_First_Initial",
      "text": "Lo, S."
    },
    {
      "index_in_file": [
        [
          2876,
          2884
        ],
        [
          4256,
          4264
        ]
      ],
      "name_format": "Begin_Last_Full End_First_Initial",
      "text": "Cass, A."
    },
    {
      "index_in_file": [
        [
          4233,
          4243
        ]
      ],
      "name_format": "Begin_Last_Full End_First_Initial",
      "text": "Ierino, F."
    },
    {
      "index_in_file": [
        [
          5481,
          5491
        ]
      ],
      "name_format": "Begin_Last_Full End_First_Initial",
      "text": "Wilson, S."
    },
    {
      "index_in_file": [
        [
          1245,
          1251
        ]
      ],
      "name_format": "Begin_Last_Full End_First_Initial",
      "text": "Crea F"
    },
    {
      "index_in_file": [
        [
          1207,
          1217
        ]
      ],
      "name_format": "Begin_Last_Full End_First_Initial",
      "text": "Schnabel R"
    },
    {
      "index_in_file": [
        [
          1678,
          1687
        ],
        [
          1897,
          1906
        ],
        [
          1918,
          1927
        ]
      ],
      "name_format": "Begin_Last_Full End_First_Initial",
      "text": "Rodgers A"
    },
    {
      "index_in_file": [
        [
          1144,
          1152
        ]
      ],
      "name_format": "Begin_Last_Full End_First_Initial",
      "text": "Werner E"
    },
    {
      "index_in_file": [
        [
          1648,
          1659
        ],
        [
          1929,
          1940
        ],
        [
          2139,
          2150
        ]
      ],
      "name_format": "Begin_Last_Full End_First_Initial",
      "text": "Usherwood T"
    },
    {
      "index_in_file": [
        [
          1125,
          1131
        ]
      ],
      "name_format": "Begin_Last_Full End_First_Initial",
      "text": "Dent A"
    },
    {
      "index_in_file": [
        [
          1313,
          1322
        ]
      ],
      "name_format": "Begin_Last_Full End_First_Initial",
      "text": "Wiklund P"
    },
    {
      "index_in_file": [
        [
          1639,
          1646
        ],
        [
          1888,
          1895
        ],
        [
          2130,
          2137
        ],
        [
          2495,
          2502
        ]
      ],
      "name_format": "Begin_Last_Full End_First_Initial",
      "text": "Patel A"
    },
    {
      "index_in_file": [
        [
          1084,
          1093
        ]
      ],
      "name_format": "Begin_Last_Full End_First_Initial",
      "text": "Siebert U"
    },
    {
      "index_in_file": [
        [
          2440,
          2447
        ],
        [
          2523,
          2530
        ]
      ],
      "name_format": "Begin_Last_Full End_First_Initial",
      "text": "Isbel N"
    },
    {
      "index_in_file": [
        [
          998,
          1005
        ]
      ],
      "name_format": "Begin_Last_Full End_First_Initial",
      "text": "Breek H"
    },
    {
      "index_in_file": [
        [
          1305,
          1311
        ]
      ],
      "name_format": "Begin_Last_Full End_First_Initial",
      "text": "Sans S"
    },
    {
      "index_in_file": [
        [
          1336,
          1347
        ]
      ],
      "name_format": "Begin_Last_Full End_First_Initial",
      "text": "Jorgensen T"
    },
    {
      "index_in_file": [
        [
          1389,
          1403
        ]
      ],
      "name_format": "Begin_Last_Full End_First_Initial",
      "text": "Rothenbacher D"
    },
    {
      "index_in_file": [
        [
          1197,
          1205
        ]
      ],
      "name_format": "Begin_Last_Full End_First_Initial",
      "text": "Zeller T"
    },
    {
      "index_in_file": [
        [
          1073,
          1082
        ]
      ],
      "name_format": "Begin_Last_Full End_First_Initial",
      "text": "Ziegler A"
    },
    {
      "index_in_file": [
        [
          1443,
          1450
        ]
      ],
      "name_format": "Begin_Last_Full End_First_Initial",
      "text": "Anand S"
    },
    {
      "index_in_file": [
        [
          1030,
          1037
        ]
      ],
      "name_format": "Begin_Last_Full End_First_Initial",
      "text": "Illig T"
    },
    {
      "index_in_file": [
        [
          2557,
          2571
        ]
      ],
      "name_format": "Begin_Last_Full End_First_Initial",
      "text": "Weeramanthri T"
    },
    {
      "index_in_file": [
        [
          1049,
          1057
        ]
      ],
      "name_format": "Begin_Last_Full End_First_Initial",
      "text": "Koenig W"
    },
    {
      "index_in_file": [
        [
          1172,
          1182
        ]
      ],
      "name_format": "Begin_Last_Full End_First_Initial",
      "text": "Njolstad I"
    },
    {
      "index_in_file": [
        [
          987,
          996
        ]
      ],
      "name_format": "Begin_Last_Full End_First_Initial",
      "text": "Salomaa V"
    },
    {
      "index_in_file": [
        [
          1021,
          1028
        ]
      ],
      "name_format": "Begin_Last_Full End_First_Initial",
      "text": "Hofer I"
    },
    {
      "index_in_file": [
        [
          1349,
          1359
        ]
      ],
      "name_format": "Begin_Last_Full End_First_Initial",
      "text": "Ferrario M"
    },
    {
      "index_in_file": [
        [
          974,
          985
        ]
      ],
      "name_format": "Begin_Last_Full End_First_Initial",
      "text": "Kuulasmaa K"
    },
    {
      "index_in_file": [
        [
          1114,
          1123
        ]
      ],
      "name_format": "Begin_Last_Full End_First_Initial",
      "text": "Wollert K"
    },
    {
      "index_in_file": [
        [
          1154,
          1160
        ]
      ],
      "name_format": "Begin_Last_Full End_First_Initial",
      "text": "Wild P"
    },
    {
      "index_in_file": [
        [
          1424,
          1431
        ]
      ],
      "name_format": "Begin_Last_Full End_First_Initial",
      "text": "Simes R"
    },
    {
      "index_in_file": [
        [
          1059,
          1071
        ]
      ],
      "name_format": "Begin_Last_Full End_First_Initial",
      "text": "Weinberger K"
    },
    {
      "index_in_file": [
        [
          1219,
          1229
        ]
      ],
      "name_format": "Begin_Last_Full End_First_Initial",
      "text": "Biasucci L"
    },
    {
      "index_in_file": [
        [
          1361,
          1377
        ]
      ],
      "name_format": "Begin_Last_Full End_First_Initial",
      "text": "Tunstall-Pedoe H"
    },
    {
      "index_in_file": [
        [
          1231,
          1243
        ]
      ],
      "name_format": "Begin_Last_Full End_First_Initial",
      "text": "Iacoviello L"
    },
    {
      "index_in_file": [
        [
          1162,
          1170
        ]
      ],
      "name_format": "Begin_Last_Full End_First_Initial",
      "text": "Munzel T"
    },
    {
      "index_in_file": [
        [
          1414,
          1422
        ]
      ],
      "name_format": "Begin_Last_Full End_First_Initial",
      "text": "Ridker P"
    },
    {
      "index_in_file": [
        [
          2469,
          2475
        ]
      ],
      "name_format": "Begin_Last_Full End_First_Initial",
      "text": "Cass A"
    },
    {
      "index_in_file": [
        [
          1379,
          1387
        ]
      ],
      "name_format": "Begin_Last_Full End_First_Initial",
      "text": "Muller C"
    },
    {
      "index_in_file": [
        [
          1007,
          1019
        ]
      ],
      "name_format": "Begin_Last_Full End_First_Initial",
      "text": "Pasterkamp G"
    },
    {
      "index_in_file": [
        [
          1281,
          1286
        ]
      ],
      "name_format": "Begin_Last_Full End_First_Initial",
      "text": "Kee F"
    },
    {
      "index_in_file": [
        [
          959,
          972
        ]
      ],
      "name_format": "Begin_Last_Full End_First_Initial",
      "text": "Blankenberg S"
    },
    {
      "index_in_file": [
        [
          1184,
          1195
        ]
      ],
      "name_format": "Begin_Last_Full End_First_Initial",
      "text": "Mathiesen E"
    },
    {
      "index_in_file": [
        [
          1253,
          1261
        ]
      ],
      "name_format": "Begin_Last_Full End_First_Initial",
      "text": "Volzke H"
    },
    {
      "index_in_file": [
        [
          1405,
          1412
        ]
      ],
      "name_format": "Begin_Last_Full End_First_Initial",
      "text": "Konig W"
    },
    {
      "index_in_file": [
        [
          1095,
          1112
        ]
      ],
      "name_format": "Begin_Last_Full End_First_Initial",
      "text": "Schnell-Inderst P"
    },
    {
      "index_in_file": [
        [
          1661,
          1666
        ],
        [
          1942,
          1947
        ],
        [
          2152,
          2157
        ],
        [
          2532,
          2537
        ]
      ],
      "name_format": "Begin_Last_Full End_First_Initial",
      "text": "Jan S"
    },
    {
      "index_in_file": [
        [
          2504,
          2511
        ]
      ],
      "name_format": "Begin_Last_Full End_First_Initial",
      "text": "Eades S"
    },
    {
      "index_in_file": [
        [
          2539,
          2545
        ]
      ],
      "name_format": "Begin_Last_Full End_First_Initial",
      "text": "Ring I"
    },
    {
      "index_in_file": [
        [
          1263,
          1270
        ]
      ],
      "name_format": "Begin_Last_Full End_First_Initial",
      "text": "Felix S"
    },
    {
      "index_in_file": [
        [
          1433,
          1441
        ],
        [
          1668,
          1676
        ],
        [
          1908,
          1916
        ],
        [
          1949,
          1957
        ],
        [
          2159,
          2167
        ],
        [
          2459,
          2467
        ],
        [
          2547,
          2555
        ]
      ],
      "name_format": "Begin_Last_Full End_First_Initial",
      "text": "Tonkin A"
    },
    {
      "index_in_file": [
        [
          1324,
          1334
        ]
      ],
      "name_format": "Begin_Last_Full End_First_Initial",
      "text": "Metspalu A"
    },
    {
      "index_in_file": [
        [
          1288,
          1303
        ]
      ],
      "name_format": "Begin_Last_Full End_First_Initial",
      "text": "Dallongeville J"
    },
    {
      "index_in_file": [
        [
          2477,
          2484
        ],
        [
          2486,
          2493
        ]
      ],
      "name_format": "Begin_Last_Full End_First_Initial",
      "text": "Brown A"
    },
    {
      "index_in_file": [
        [
          1272,
          1279
        ]
      ],
      "name_format": "Begin_Last_Full End_First_Initial",
      "text": "Bobak M"
    },
    {
      "index_in_file": [
        [
          1133,
          1142
        ]
      ],
      "name_format": "Begin_Last_Full End_First_Initial",
      "text": "Bogaard P"
    },
    {
      "index_in_file": [
        [
          2449,
          2457
        ],
        [
          2513,
          2521
        ]
      ],
      "name_format": "Begin_Last_Full End_First_Initial",
      "text": "Hayman N"
    },
    {
      "index_in_file": [
        [
          1039,
          1047
        ]
      ],
      "name_format": "Begin_Last_Full End_First_Initial",
      "text": "Peters A"
    }
  ],
  "publications": [
    {
      "length": 642,
      "line_num": [
        47
      ],
      "start_index_in_file": 890,
      "text": "Biomarker for Cardiovascular Risk Assessment in Europe (BiomarCaRE); Blankenberg S, Kuulasmaa K, Salomaa V, Breek H, Pasterkamp G, Hofer I, Illig T, Peters A, Koenig W, Weinberger K, Ziegler A, Siebert U, Schnell-Inderst P, Wollert K, Dent A, Bogaard P, Werner E, Wild P, Munzel T, Njolstad I, Mathiesen E, Zeller T, Schnabel R, Biasucci L, Iacoviello L, Crea F, Volzke H, Felix S, Bobak M, Kee F, Dallongeville J, Sans S, Wiklund P, Metspalu A, Jorgensen T, Ferrario M, Tunstall-Pedoe H, Muller C, Rothenbacher D, Konig W, Ridker P, Simes R, Tonkin A, Anand S; European Commission (Belgium)/Seventh Framework Network of Excellence Programme."
    },
    {
      "length": 228,
      "line_num": [
        49
      ],
      "start_index_in_file": 1538,
      "text": "Randomised trial of a \"polypill\" to improve guidelines adherence for vascular disease prevention in; Patel A, Usherwood T, Jan S, Tonkin A, Rodgers A, Henry D; National Health and Medical Research Council (NHMRC)/Project Grants."
    },
    {
      "length": 260,
      "line_num": [
        50
      ],
      "start_index_in_file": 1767,
      "text": "Randomised trial of a \"polypill\" to improve guidelines adherence for vascular disease prevention in primary health care; Patel A, Rodgers A, Tonkin A, Rodgers A, Usherwood T, Jan S, Tonkin A; National Health and Medical Research Council (NHMRC)/Project Grants."
    },
    {
      "length": 267,
      "line_num": [
        51
      ],
      "start_index_in_file": 2028,
      "text": "The equity, access, and economic outcomes of a combination pill in the guideline treatment of cardio; Patel A, Usherwood T, Jan S, Tonkin A; Commonwealth Department of Health and Ageing/Primary Health Care Research Evaluation and Development (PHC RED) Strategy Grant."
    },
    {
      "length": 397,
      "line_num": [
        53
      ],
      "start_index_in_file": 2301,
      "text": "Improving Health Outcomes For Aboriginal Australians With Chronic Disease Through Strategies To Reduce Systems Barriers To Necessary Care; Isbel N, Hayman N, Tonkin A, Cass A, Brown A, Brown A, Patel A, Eades S, Hayman N, Isbel N, Jan S, Ring I, Tonkin A, Weeramanthri T; National Health and Medical Research Council (NHMRC)/Strategic Awards: Capacity Building Grants for Health Services Research."
    },
    {
      "length": 450,
      "line_num": [
        61
      ],
      "start_index_in_file": 2805,
      "text": "Selak, V., Bullen, C., Stepien, S., Arroll, B., Bots, M., Bramley, D., Cass, A., Grobbee, D., Hillis, G., Molanus, B., Neal, B., Patel, A., Rodgers, A., Usherwood, T., Webster, R., et al (2016). Do polypills lead to neglect of lifestyle risk factors? Findings from an individual participant data meta-analysis among 3140 patients at high risk of cardiovascular disease. European Journal of Preventive Cardiology, 23(13), 1393-1400. [More Information]"
    },
    {
      "length": 333,
      "line_num": [
        62
      ],
      "start_index_in_file": 3256,
      "text": "Hague, W., Simes, R., Kirby, A., Keech, A., White, H., Hunt, D., Nestel, P., Colquhoun, D., Pater, H., Stewart, R., Sullivan, D., et al (2016). Long-Term Effectiveness and Safety of Pravastatin in Patients With Coronary Heart Disease: Sixteen Years of Follow-Up of the LIPID Study. Circulation, 133(19), 1851-1860. [More Information]"
    },
    {
      "length": 329,
      "line_num": [
        63
      ],
      "start_index_in_file": 3590,
      "text": "Alshehry, Z., Mundra, P., Barlow, C., Mellett, N., Wong, G., McConville, M., Simes, R., Tonkin, A., Sullivan, D., Barnes, E., Neal, B., et al (2016). Plasma lipidomic profiles improve upon traditional risk factors for the prediction of cardiovascular events in Type 2 diabetes. Circulation, 134(21), 1637-1650. [More Information]"
    },
    {
      "length": 286,
      "line_num": [
        64
      ],
      "start_index_in_file": 3920,
      "text": "Sullivan, D., Watts, G., Nicholls, S., Barter, P., Grenfell, R., Chow, C., Tonkin, A., Keech, A. (2015). Clinical Guidelines on Hyperlipidaemia: Recent Developments, Future Challenges and the Need for an Australian Review. Heart, Lung and Circulation, 24(5), 495-502. [More Information]"
    },
    {
      "length": 302,
      "line_num": [
        65
      ],
      "start_index_in_file": 4207,
      "text": "Roberts, M., Pilmore, H., Ierino, F., Badve, S., Cass, A., Garg, A., Hawley, C., Isbel, N., Krum, H., Pascoe, E., Perkovic, V., et al (2015). The rationale and design of the Beta-blocker to LOwer CArdiovascular Dialysis Events (BLOCADE) Feasibility Study. Nephrology, 20(3), 140-147. [More Information]"
    },
    {
      "length": 328,
      "line_num": [
        66
      ],
      "start_index_in_file": 4510,
      "text": "Laba, T., Hayes, A., Lo, S., Peiris, D., Usherwood, T., Hillis, G., Rafter, N., Reid, C., Tonkin, A., Webster, R., Neal, B., Patel, A., Rodgers, A., Jan, S., et al (2014). An economic case for a cardiovascular polypill? A cost analysis of the Kanyini GAP trial. Medical Journal of Australia, 201(11), 671-673. [More Information]"
    },
    {
      "length": 375,
      "line_num": [
        67
      ],
      "start_index_in_file": 4839,
      "text": "Funke-Kaiser, A., Robledo, K., Colquhoun, D., Zeller, T., Hunt, D., Simes, R., Sullivan, D., Sydow, K., West, M., White, H., et al (2014). Midregional proadrenomedullin and its change predicts recurrent major coronary events and heart failure in stable coronary heart disease patients: the LIPID study. International Journal of Cardiology, 172(2), 411-418. [More Information]"
    },
    {
      "length": 220,
      "line_num": [
        68
      ],
      "start_index_in_file": 5215,
      "text": "Tonkin, A., Boyden, A., Colagiuri, S. (2009). Maximising the effectiveness and cost-effectiveness of cardiovascular disease prevention in the general population (Editorial). Medical Journal of Australia, 191(6), 300-302."
    },
    {
      "length": 279,
      "line_num": [
        69
      ],
      "start_index_in_file": 5436,
      "text": "Chew, D., Allan, R., Aroney, C., Tonkin, A., Wilson, S., Boyden, A., Denaro, C., Field, B., Fitzpatrick, M., Hobbs, M., Hore, C., Neal, B., et al (2005). National data elements for the clinical management of acute coronary syndromes. Medical Journal of Australia, 182(9), S1-S16."
    },
    {
      "length": 318,
      "line_num": [
        70
      ],
      "start_index_in_file": 5716,
      "text": "Bunker, S., Colquhoun, D., Esler, M., Hickie, I., Hunt, D., Jelinek, V., Oldenburg, B., Peach, H., Ruth, D., Tennant, C., Tonkin, A. (2003). \"Stress\" and coronary heart disease: psychosocial risk factors - National Heart Foundation of Australia position statement update. Medical Journal of Australia, 178(6), 272-276."
    },
    {
      "length": 318,
      "line_num": [
        71
      ],
      "start_index_in_file": 6035,
      "text": "Hague, W., Forder, P., Simes, R., Hunt, D., Tonkin, A. (2003). Effect of pravastatin on cardiovascular events and mortality in 1516 women with coronary heart disease: Results from the Long-Term Intervention with Pravastatin in Ischemic Disease (LIPID) study. American Heart Journal, 145(4), 643-651. [More Information]"
    },
    {
      "length": 283,
      "line_num": [
        72
      ],
      "start_index_in_file": 6354,
      "text": "Neal, B., MacMahon, S., Ohkubo, T., Tonkin, A., Wilcken, D., Keech, A. (2002). Dose-dependent effects of folic acid on plasma homocysteine in a randomized trial conducted among 723 individuals with coronary heart disease. European Heart Journal, 23(19), 1509-1515. [More Information]"
    },
    {
      "length": 303,
      "line_num": [
        73
      ],
      "start_index_in_file": 6638,
      "text": "Hunt, D., Young, P., Simes, R., Hague, W., Mann, S., Owensby, D., Lane, G., Tonkin, A. (2001). Benefits of pravastatin on cardiovascular events and mortality in older patients with coronary heart disease are equal to or exceed those seen in younger patients. Annals of Internal Medicine, (134), 931-940."
    },
    {
      "length": 322,
      "line_num": [
        76
      ],
      "start_index_in_file": 6967,
      "text": "Colquhoun, D., Soderberg, S., Kirby, A., Keech, A., Simes, R., Hague, W., Hamilton-Craig, I., Tonkin, A. (2006). Obesity and adipokines as risk factors for major coronary heart disease events in patients with CHD: Results from the lipid trial. XIV International Symposium on Atherosclerosis, Ireland: Elsevier Ireland Ltd."
    }
  ],
  "url": "http://sydney.edu.au/medicine/people/academics/profiles/andrew.tonkin.php"
}