{
  "comment": "//leave comments here if needed",
  "contain_publication_list": "F",
  "email": "pm@food.ku.dk",
  "filename": "f43e6127-cfae-4df0-9b4d-3fb48d8ca546",
  "info": "T means true, F means False. If no publications, just leave the publication structure unchanged.",
  "is_personal_homepage": "T",
  "name": "Peter Marinus Richter M\u00f8ller",
  "name_index": [
    {
      "index_in_file": [
        [
          466,
          494
        ]
      ],
      "name_format": "Begin_First_Full Inside_Middle_Full Inside_Middle_Full End_Last_Full",
      "text": "Peter Marinus Richter M\u00f8ller"
    }
  ],
  "publications": [
    {
      "text": "COPY_SINGLE_PUBLICATION_HERE"
    },
    {
      "text": "COPY_SINGLE_PUBLICATION_HERE"
    }
  ],
  "url": "http://food.ku.dk/english/staff/?pure=en/persons/310176"
}