{
  "comment": "//leave comments here if needed",
  "contain_publication_list": "T",
  "email": "",
  "filename": "442f2ffe-6695-4842-a721-732fe5b17390",
  "info": "T means true, F means False. If no publications, just leave the publication structure unchanged.",
  "is_personal_homepage": "T",
  "name": "Karen Kim",
  "name_index": [
    {
      "index_in_file": [
        [
          207,
          216
        ],
        [
          2174,
          2183
        ]
      ],
      "name_format": "Begin_First_Full End_Last_Full",
      "text": "Karen Kim"
    },
    {
      "index_in_file": [
        [
          1346,
          1355
        ],
        [
          1830,
          1839
        ]
      ],
      "name_format": "Begin_Last_Full Inside_First_Initial End_Middle_Initial",
      "text": "Kim, K.E."
    },
    {
      "index_in_file": [
        [
          1676,
          1684
        ]
      ],
      "name_format": "Begin_Last_Full End_First_Initial",
      "text": "Chung, P"
    },
    {
      "index_in_file": [
        [
          1689,
          1697
        ],
        [
          1988,
          1996
        ]
      ],
      "name_format": "Begin_First_Initial Inside_Middle_Initial End_Last_Full",
      "text": "K.E. Kim"
    },
    {
      "index_in_file": [
        [
          1476,
          1491
        ]
      ],
      "name_format": "Begin_First_Initial Inside_Middle_Initial End_Last_Full",
      "text": "M.H. Sleisenger"
    },
    {
      "index_in_file": [
        [
          1496,
          1510
        ]
      ],
      "name_format": "Begin_First_Initial Inside_Middle_Initial End_Last_Full",
      "text": "J. S. Fordtran"
    },
    {
      "index_in_file": [
        [
          636,
          639
        ],
        [
          869,
          872
        ],
        [
          976,
          979
        ],
        [
          1560,
          1563
        ],
        [
          1797,
          1800
        ]
      ],
      "name_format": "Begin_Last_Full",
      "text": "Kim"
    }
  ],
  "publications": [
    {
      "length": 213,
      "line_num": [
        27
      ],
      "start_index_in_file": 1346,
      "text": "Kim, K.E. Protein-losing gastroenteropathy. Gastrointestinal Disease: Pathophysiology, Diagnosis and Management, Seventh Edition. M.H. Sleisenger and J. S. Fordtran, eds. W.B. Saunders Co., Philadelphia, PA., 2001"
    },
    {
      "length": 115,
      "line_num": [
        28
      ],
      "start_index_in_file": 1560,
      "text": "Kim, KE, (editor), Acute gastrointestinal bleeding. Clinical Gastroenterology, 1st edition, Humana Press Inc., 2002"
    },
    {
      "length": 153,
      "line_num": [
        29
      ],
      "start_index_in_file": 1676,
      "text": "Chung, P and K.E. Kim. Epidemiology of Acute Gastrointestinal Bleeding, In Acute Gastrointestinal Bleeding, 1st Edition, Kim (ed), Human Press Inc, 2002."
    },
    {
      "length": 157,
      "line_num": [
        30
      ],
      "start_index_in_file": 1830,
      "text": "Kim, K.E. Risk assessment and screening for colorectal cancer. In Cancer Chemotherapy and Biological Response Modifiers Annual 21, Elsevier Science LTD, 2003"
    },
    {
      "length": 136,
      "line_num": [
        31
      ],
      "start_index_in_file": 1988,
      "text": "K.E. Kim. Gastric cancer in Korean Americans: Risks and reductions. Korean and Korean American Studies Bulletin, vol. 13, no. 1/2, 2003."
    }
  ],
  "url": "http://med-spportal01.bsd.uchicago.edu/FacultyPro/faculty_profile.aspx?empl_id=5449"
}