{
  "comment": "//leave comments here if needed",
  "contain_publication_list": "F",
  "email": "moriyama@math.sci.osaka-u.ac.jp",
  "filename": "a8bd476a-95d2-44e9-9514-ee985e4d35fe",
  "info": "T means true, F means False. If no publications, just leave the publication structure unchanged.",
  "is_personal_homepage": "T",
  "name": "Tomonori MORIYAMA",
  "name_index": [
    {
      "index_in_file": [
        [
          65,
          82
        ]
      ],
      "name_format": "Begin_First_Full End_Last_Full",
      "text": "Tomonori MORIYAMA"
    },
    {
      "in_email": "BEFORE_AT",
      "index_in_file": [
        [
          89,
          97
        ],
        [
          306,
          314
        ]
      ],
      "name_format": "Begin_Last_Full",
      "text": "moriyama"
    },
    {
      "index_in_file": [
        [
          1158,
          1170
        ]
      ],
      "name_format": "Begin_First_Initial Inside_Middle_Initial End_Last_Full",
      "text": "C. L. Siegel"
    }
  ],
  "publications": [
    {
      "text": "COPY_SINGLE_PUBLICATION_HERE"
    },
    {
      "text": "COPY_SINGLE_PUBLICATION_HERE"
    }
  ],
  "url": "http://www.math.sci.osaka-u.ac.jp/eng/staff_moriyama.html"
}