{
  "comment": "//leave comments here if needed",
  "contain_publication_list": "T",
  "email": "COPY_AND_CORRECT_OWNER_EMAIL_HERE",
  "filename": "7db96830-df54-4968-81f1-690fb07394ab",
  "info": "T means true, F means False. If no publications, just leave the publication structure unchanged.",
  "is_personal_homepage": "F",
  "name": "COPY_OWNER_NAME_HERE",
  "publications": [
    {
      "text": "COPY_SINGLE_PUBLICATION_HERE"
    },
    {
      "text": "COPY_SINGLE_PUBLICATION_HERE"
    }
  ],
  "url": "http://www.ched.uq.edu.au/index.html?page=197262&pid=39002"
}