{
  "comment": "//leave comments here if needed",
  "contain_publication_list": "F",
  "email": "John.Cann@unisa.edu.au",
  "filename": "22491a8f-be56-4397-859f-c10dabd5ea6c",
  "info": "T means true, F means False. If no publications, just leave the publication structure unchanged.",
  "is_personal_homepage": "T",
  "name": "John Cann",
  "name_index": [
    {
      "index_in_file": [
        [
          71,
          80
        ],
        [
          311,
          320
        ]
      ],
      "name_format": "Begin_First_Full End_Last_Full",
      "text": "John Cann"
    },
    {
      "index_in_file": [
        [
          543,
          547
        ]
      ],
      "name_format": "Begin_Last_Full",
      "text": "Cann"
    },
    {
      "in_email": "Before_At",
      "index_in_file": [
        [
          214,
          223
        ]
      ],
      "name_format": "Begin_First_Full End_Last_Full",
      "text": "John.Cann"
    }
  ],
  "publications": [
    {
      "text": "COPY_SINGLE_PUBLICATION_HERE"
    },
    {
      "text": "COPY_SINGLE_PUBLICATION_HERE"
    }
  ],
  "url": "http://www.unisanet.unisa.edu.au/staff/homepage.asp?name=john.cann"
}