[{"begin": 0, "end": 24, "text": "Galvin, K. & Terrell, J.", "tokenized_text": "Galvin , K . & Terrell , J .", "type": "authors", "id": 0}, {"begin": 26, "end": 30, "text": "2000", "tokenized_text": "2000", "type": "year", "id": 1}, {"begin": 33, "end": 97, "text": "Communication works! Communication applications in the workplace", "tokenized_text": "Communication works ! Communication applications in the workplace", "type": "title", "id": 2}, {"begin": 99, "end": 107, "text": "Columbus", "tokenized_text": "Columbus", "type": "venue", "id": 3}]