[{"begin": 0, "end": 23, "text": "Galvin, K. & Cooper, P.", "tokenized_text": "Galvin , K . & Cooper , P .", "type": "authors", "id": 0}, {"begin": 32, "end": 36, "text": "1996", "tokenized_text": "1996", "type": "year", "id": 1}, {"begin": 46, "end": 50, "text": "2000", "tokenized_text": "2000", "type": "year", "id": 2}, {"begin": 52, "end": 56, "text": "2003", "tokenized_text": "2003", "type": "year", "id": 3}, {"begin": 58, "end": 62, "text": "2006", "tokenized_text": "2006", "type": "year", "id": 4}, {"begin": 65, "end": 121, "text": "Making connections: Readings in relational communication", "tokenized_text": "Making connections : Readings in relational communication", "type": "title", "id": 5}]