[{"begin": 0, "end": 23, "text": "Galvin, K. & Cooper, P.", "tokenized_text": "Galvin , K . & Cooper , P .", "type": "authors", "id": 0}, {"begin": 25, "end": 29, "text": "1987", "tokenized_text": "1987", "type": "year", "id": 1}, {"begin": 31, "end": 38, "text": "revised", "tokenized_text": "revised", "type": "authors", "id": 2}, {"begin": 39, "end": 43, "text": "1994", "tokenized_text": "1994", "type": "year", "id": 3}, {"begin": 45, "end": 49, "text": "1997", "tokenized_text": "1997", "type": "year", "id": 4}, {"begin": 51, "end": 55, "text": "1999", "tokenized_text": "1999", "type": "year", "id": 5}, {"begin": 57, "end": 61, "text": "2004", "tokenized_text": "2004", "type": "year", "id": 6}, {"begin": 64, "end": 119, "text": "The basics of speech: Becoming a competent communicator", "tokenized_text": "The basics of speech : Becoming a competent communicator", "type": "title", "id": 7}, {"begin": 121, "end": 132, "text": "Lincolnwood", "tokenized_text": "Lincolnwood", "type": "venue", "id": 8}, {"begin": 166, "end": 186, "text": "The basics of speech", "tokenized_text": "The basics of speech", "type": "venue", "id": 9}]