[{"begin": 0, "end": 10, "text": "Galvin, K.", "tokenized_text": "Galvin , K .", "type": "authors", "id": 0}, {"begin": 12, "end": 16, "text": "1985", "tokenized_text": "1985", "type": "year", "id": 1}, {"begin": 19, "end": 37, "text": "Listening by doing", "tokenized_text": "Listening by doing", "type": "title", "id": 2}, {"begin": 39, "end": 50, "text": "Lincolnwood", "tokenized_text": "Lincolnwood", "type": "venue", "id": 3}, {"begin": 52, "end": 54, "text": "IL", "tokenized_text": "IL", "type": "venue", "id": 4}]