[{"begin": 185, "end": 192, "text": "& Bacon", "tokenized_text": "& Bacon", "type": "venue", "id": 0}, {"begin": 0, "end": 24, "text": "Galvin, K. & Brommel, B.", "tokenized_text": "Galvin , K . & Brommel , B .", "type": "authors", "id": 1}, {"begin": 26, "end": 30, "text": "1982", "tokenized_text": "1982", "type": "year", "id": 2}, {"begin": 40, "end": 44, "text": "1985", "tokenized_text": "1985", "type": "year", "id": 3}, {"begin": 46, "end": 50, "text": "1991", "tokenized_text": "1991", "type": "year", "id": 4}, {"begin": 52, "end": 56, "text": "1996", "tokenized_text": "1996", "type": "year", "id": 5}, {"begin": 58, "end": 62, "text": "1999", "tokenized_text": "1999", "type": "year", "id": 6}, {"begin": 64, "end": 68, "text": "2004", "tokenized_text": "2004", "type": "year", "id": 7}, {"begin": 70, "end": 74, "text": "2007", "tokenized_text": "2007", "type": "year", "id": 8}, {"begin": 76, "end": 111, "text": "Galvin, K., Bylund, C & Brommel, B.", "tokenized_text": "Galvin , K . , Bylund , C & Brommel , B .", "type": "authors", "id": 9}, {"begin": 113, "end": 117, "text": "2004", "tokenized_text": "2004", "type": "year", "id": 10}, {"begin": 119, "end": 123, "text": "2007", "tokenized_text": "2007", "type": "year", "id": 11}, {"begin": 126, "end": 167, "text": "Family communication: Cohesion and change", "tokenized_text": "Family communication : Cohesion and change", "type": "title", "id": 12}]