[{"begin": 0, "end": 13, "text": "Galvin, K. M.", "tokenized_text": "Galvin , K . M .", "type": "authors", "id": 0}, {"begin": 15, "end": 19, "text": "2006", "tokenized_text": "2006", "type": "year", "id": 1}, {"begin": 22, "end": 98, "text": "Diversity's impact on defining the family: Discourse-dependence and identity", "tokenized_text": "Diversity ' s impact on defining the family : Discourse - dependence and identity", "type": "title", "id": 2}, {"begin": 115, "end": 118, "text": "& R", "tokenized_text": "& R", "type": "venue", "id": 3}, {"begin": 133, "end": 157, "text": "The family communication", "tokenized_text": "The family communication", "type": "venue", "id": 4}, {"begin": 180, "end": 193, "text": "Thousand Oaks", "tokenized_text": "Thousand Oaks", "type": "venue", "id": 5}]