[{"begin": 0, "end": 12, "text": "Galvin, K.M.", "tokenized_text": "Galvin , K . M .", "type": "authors", "id": 0}, {"begin": 14, "end": 18, "text": "2006", "tokenized_text": "2006", "type": "year", "id": 1}, {"begin": 21, "end": 100, "text": "Gender and family interaction: Dress rehearsal for an improvisation? In J. Word", "tokenized_text": "Gender and family interaction : Dress rehearsal for an improvisation ? In J . Word", "type": "title", "id": 2}, {"begin": 101, "end": 104, "text": "& B", "tokenized_text": "& B", "type": "authors", "id": 3}, {"begin": 106, "end": 109, "text": "Dow", "tokenized_text": "Dow", "type": "venue", "id": 4}, {"begin": 111, "end": 147, "text": "Handbook on gender and communication", "tokenized_text": "Handbook on gender and communication", "type": "venue", "id": 5}]