[{"begin": 0, "end": 12, "text": "Galvin, K.M.", "tokenized_text": "Galvin , K . M .", "type": "authors", "id": 0}, {"begin": 14, "end": 18, "text": "2006", "tokenized_text": "2006", "type": "year", "id": 1}, {"begin": 21, "end": 91, "text": "Genetic health and family interaction: Who, what, when and how to tell", "tokenized_text": "Genetic health and family interaction : Who , what , when and how to tell", "type": "title", "id": 2}, {"begin": 103, "end": 111, "text": "Focus on", "tokenized_text": "Focus on", "type": "venue", "id": 3}, {"begin": 144, "end": 163, "text": "on Family Relations", "tokenized_text": "on Family Relations", "type": "venue", "id": 4}]