[{"begin": 0, "end": 12, "text": "Galvin, K.M.", "tokenized_text": "Galvin , K . M .", "type": "authors", "id": 0}, {"begin": 14, "end": 18, "text": "2005", "tokenized_text": "2005", "type": "year", "id": 1}, {"begin": 21, "end": 79, "text": "Joined by hearts and words: Adoptive family relationships.", "tokenized_text": "Joined by hearts and words : Adoptive family relationships .", "type": "title", "id": 2}, {"begin": 112, "end": 176, "text": "Widening the family circle: New research on family communication", "tokenized_text": "Widening the family circle : New research on family communication", "type": "venue", "id": 3}, {"begin": 193, "end": 206, "text": "Thousand Oaks", "tokenized_text": "Thousand Oaks", "type": "venue", "id": 4}]