[{"begin": 0, "end": 12, "text": "Galvin, K.M.", "tokenized_text": "Galvin , K . M .", "type": "authors", "id": 0}, {"begin": 14, "end": 18, "text": "2005", "tokenized_text": "2005", "type": "year", "id": 1}, {"begin": 21, "end": 81, "text": "Diversity's legacy: The rise of discourse-dependent families", "tokenized_text": "Diversity ' s legacy : The rise of discourse - dependent families", "type": "title", "id": 2}, {"begin": 86, "end": 101, "text": "Family Focus on", "tokenized_text": "Family Focus on", "type": "venue", "id": 3}, {"begin": 151, "end": 177, "text": "on Family Relations Report", "tokenized_text": "on Family Relations Report", "type": "venue", "id": 4}]