[{"begin": 0, "end": 42, "text": "Galvin, K.M., Dickson, F.C. & Marrow, S.R.", "tokenized_text": "Galvin , K . M . , Dickson , F . C . & Marrow , S . R .", "type": "authors", "id": 0}, {"begin": 44, "end": 48, "text": "2005", "tokenized_text": "2005", "type": "year", "id": 1}, {"begin": 51, "end": 112, "text": "Systems theory: Patterns and (w)holes in family communication", "tokenized_text": "Systems theory : Patterns and ( w ) holes in family communication", "type": "title", "id": 2}, {"begin": 155, "end": 219, "text": "Engaging theories in family communication: Multiple perspectives", "tokenized_text": "Engaging theories in family communication : Multiple perspectives", "type": "title", "id": 3}]