[{"begin": 0, "end": 12, "text": "Galvin, K.M.", "tokenized_text": "Galvin , K . M .", "type": "authors", "id": 0}, {"begin": 14, "end": 18, "text": "2004", "tokenized_text": "2004", "type": "year", "id": 1}, {"begin": 21, "end": 68, "text": "The family of the future: What do we face? In A", "tokenized_text": "The family of the future : What do we face ? In A", "type": "title", "id": 2}, {"begin": 87, "end": 119, "text": "Handbook of family communication", "tokenized_text": "Handbook of family communication", "type": "venue", "id": 3}]