[{"begin": 175, "end": 188, "text": "Thousand Oaks", "tokenized_text": "Thousand Oaks", "type": "venue", "id": 0}, {"begin": 0, "end": 12, "text": "Galvin, K.M.", "tokenized_text": "Galvin , K . M .", "type": "authors", "id": 1}, {"begin": 14, "end": 18, "text": "2004", "tokenized_text": "2004", "type": "year", "id": 2}, {"begin": 21, "end": 69, "text": "The pastiche of gender and family communication.", "tokenized_text": "The pastiche of gender and family communication .", "type": "title", "id": 3}, {"begin": 75, "end": 91, "text": "M. Buzzanell, H.", "tokenized_text": "M . Buzzanell , H .", "type": "authors", "id": 4}, {"begin": 102, "end": 103, "text": ".", "tokenized_text": ".", "type": "authors", "id": 5}, {"begin": 119, "end": 159, "text": "Gender in applied communication contexts", "tokenized_text": "Gender in applied communication contexts", "type": "venue", "id": 6}]