[{"begin": 0, "end": 12, "text": "Galvin, K.M.", "tokenized_text": "Galvin , K . M .", "type": "authors", "id": 0}, {"begin": 14, "end": 18, "text": "2003", "tokenized_text": "2003", "type": "year", "id": 1}, {"begin": 21, "end": 88, "text": "International/Transracial adoption: A communication research agenda", "tokenized_text": "International / Transracial adoption : A communication research agenda", "type": "title", "id": 2}, {"begin": 90, "end": 121, "text": "Journal of Family Communication", "tokenized_text": "Journal of Family Communication", "type": "venue", "id": 3}]