[{"begin": 209, "end": 213, "text": "2001", "tokenized_text": "2001", "type": "year", "id": 0}, {"begin": 0, "end": 9, "text": "Kim, K.E.", "tokenized_text": "Kim , K . E .", "type": "authors", "id": 1}, {"begin": 10, "end": 42, "text": "Protein-losing gastroenteropathy", "tokenized_text": "Protein - losing gastroenteropathy", "type": "title", "id": 2}, {"begin": 130, "end": 164, "text": "M.H. Sleisenger and J. S. Fordtran", "tokenized_text": "M . H . Sleisenger and J . S . Fordtran", "type": "authors", "id": 3}, {"begin": 171, "end": 207, "text": "W.B. Saunders Co., Philadelphia, PA.", "tokenized_text": "W . B . Saunders Co . , Philadelphia , PA .", "type": "authors", "id": 4}]