[{"begin": 0, "end": 21, "text": "Chung, P and K.E. Kim", "tokenized_text": "Chung , P and K . E . Kim", "type": "authors", "id": 0}, {"begin": 23, "end": 35, "text": "Epidemiology", "tokenized_text": "Epidemiology", "type": "venue", "id": 1}, {"begin": 36, "end": 70, "text": "of Acute Gastrointestinal Bleeding", "tokenized_text": "of Acute Gastrointestinal Bleeding", "type": "title", "id": 2}, {"begin": 75, "end": 106, "text": "Acute Gastrointestinal Bleeding", "tokenized_text": "Acute Gastrointestinal Bleeding", "type": "venue", "id": 3}, {"begin": 148, "end": 152, "text": "2002", "tokenized_text": "2002", "type": "year", "id": 4}]