[{"begin": 0, "end": 9, "text": "Kim, K.E.", "tokenized_text": "Kim , K . E .", "type": "authors", "id": 0}, {"begin": 10, "end": 61, "text": "Risk assessment and screening for colorectal cancer", "tokenized_text": "Risk assessment and screening for colorectal cancer", "type": "title", "id": 1}, {"begin": 66, "end": 126, "text": "Cancer Chemotherapy and Biological Response Modifiers Annual", "tokenized_text": "Cancer Chemotherapy and Biological Response Modifiers Annual", "type": "venue", "id": 2}, {"begin": 153, "end": 157, "text": "2003", "tokenized_text": "2003", "type": "year", "id": 3}]