[{"begin": 0, "end": 8, "text": "K.E. Kim", "tokenized_text": "K . E . Kim", "type": "authors", "id": 0}, {"begin": 10, "end": 66, "text": "Gastric cancer in Korean Americans: Risks and reductions", "tokenized_text": "Gastric cancer in Korean Americans : Risks and reductions", "type": "title", "id": 1}, {"begin": 68, "end": 111, "text": "Korean and Korean American Studies Bulletin", "tokenized_text": "Korean and Korean American Studies Bulletin", "type": "venue", "id": 2}, {"begin": 131, "end": 135, "text": "2003", "tokenized_text": "2003", "type": "year", "id": 3}]