[{"begin": 0, "end": 108, "text": "“The End of Language Wanderings? Yiddish in David Grossman’s Ayen Erekh: Ahava  and Aharon Megged’s Fo", "tokenized_text": "“The End of Language Wanderings ? Yiddish in David Grossman’s Ayen Erekh : Ahava and Aharon Megged’s Foiglman", "type": "title", "id": 0}, {"begin": 109, "end": 139, "text": "glman,” Journal of Jewish Id", "tokenized_text": "” Journal of Jewish Identities", "type": "venue", "id": 1}, {"begin": 165, "end": 169, "text": "Janu", "tokenized_text": "2014", "type": "year", "id": 2}]