[{"begin": 13, "end": 17, "text": "2016", "tokenized_text": "2016", "type": "year", "id": 0}, {"begin": 25, "end": 44, "text": ", V. and Moodley, U", "tokenized_text": ", V . and Moodley , U", "type": "authors", "id": 1}, {"begin": 47, "end": 51, "text": "2015", "tokenized_text": "2015", "type": "year", "id": 2}, {"begin": 53, "end": 156, "text": "A study of learners’ conceptual development in mathematics in a grade eight class using concept mappi", "tokenized_text": "A study of learners’ conceptual development in mathematics in a grade eight class using concept mapping", "type": "title", "id": 3}, {"begin": 158, "end": 188, "text": ". Journal of Educational Studi", "tokenized_text": "Journal of Educational Studies", "type": "venue", "id": 4}]