[{"begin": 0, "end": 10, "text": "Mudaly, V.", "tokenized_text": "Mudaly , V .", "type": "authors", "id": 0}, {"begin": 12, "end": 16, "text": "2016", "tokenized_text": "2016", "type": "year", "id": 1}, {"begin": 20, "end": 73, "text": "Re)-Forming Pre-Service Mathematics Teacher Education", "tokenized_text": "Re ) - Forming Pre - Service Mathematics Teacher Education", "type": "title", "id": 2}, {"begin": 75, "end": 118, "text": "International Scientific Researches Journal", "tokenized_text": "International Scientific Researches Journal", "type": "venue", "id": 3}]