[{"begin": 0, "end": 27, "text": "Mudaly, V. and Jugoo, R. V.", "tokenized_text": "Mudaly , V . and Jugoo , R . V .", "type": "authors", "id": 0}, {"begin": 29, "end": 33, "text": "2016", "tokenized_text": "2016", "type": "year", "id": 1}, {"begin": 35, "end": 138, "text": "The use of Action Research in a Computer Programming module taught using a Blended Learning Environment", "tokenized_text": "The use of Action Research in a Computer Programming module taught using a Blended Learning Environment", "type": "title", "id": 2}, {"begin": 140, "end": 183, "text": "International Scientific Researches Journal", "tokenized_text": "International Scientific Researches Journal", "type": "venue", "id": 3}]