[{"begin": 0, "end": 27, "text": "Mudaly, V. and Uddin, R. S.", "tokenized_text": "Mudaly , V . and Uddin , R . S .", "type": "authors", "id": 0}, {"begin": 29, "end": 33, "text": "2016", "tokenized_text": "2016", "type": "year", "id": 1}, {"begin": 35, "end": 99, "text": "Technology in Mathematics: Use of GeoGebra applets International", "tokenized_text": "Technology in Mathematics : Use of GeoGebra applets International", "type": "title", "id": 2}, {"begin": 100, "end": 129, "text": "Scientific Researches Journal", "tokenized_text": "Scientific Researches Journal", "type": "venue", "id": 3}]