[{"begin": 0, "end": 26, "text": "Mudaly, V. and Dowlath, E.", "tokenized_text": "Mudaly , V . and Dowlath , E .", "type": "authors", "id": 0}, {"begin": 28, "end": 32, "text": "2016", "tokenized_text": "2016", "type": "year", "id": 1}, {"begin": 34, "end": 85, "text": "Pre-service teachers’ use of mathematical modelli", "tokenized_text": "Pre - service teachers’ use of mathematical modelling", "type": "title", "id": 2}, {"begin": 87, "end": 130, "text": ". International Scientific Researches Journ", "tokenized_text": "International Scientific Researches Journal", "type": "venue", "id": 3}, {"begin": 145, "end": 188, "text": "9 International Scientific Researches Journ", "tokenized_text": "International Scientific Researches Journal", "type": "venue", "id": 4}]