[{"begin": 0, "end": 24, "text": "Mudaly, V. and Reddy, L.", "tokenized_text": "Mudaly , V . and Reddy , L .", "type": "authors", "id": 0}, {"begin": 26, "end": 30, "text": "2016", "tokenized_text": "2016", "type": "year", "id": 1}, {"begin": 33, "end": 112, "text": "The role of visualisation in the proving process of Euclidean geometry problems", "tokenized_text": "The role of visualisation in the proving process of Euclidean geometry problems", "type": "title", "id": 2}, {"begin": 114, "end": 157, "text": "International Scientific Researches Journal", "tokenized_text": "International Scientific Researches Journal", "type": "venue", "id": 3}]