[{"begin": 0, "end": 27, "text": "Mudaly, V. and Singh, R. I.", "tokenized_text": "Mudaly , V . and Singh , R . I .", "type": "authors", "id": 0}, {"begin": 29, "end": 33, "text": "2016", "tokenized_text": "2016", "type": "year", "id": 1}, {"begin": 36, "end": 112, "text": "Teachers’ use of multiple representations when teaching Mathematics Litera", "tokenized_text": "Teachers’ use of multiple representations when teaching Mathematics Literacy", "type": "title", "id": 2}, {"begin": 114, "end": 157, "text": ". International Scientific Researches Journ", "tokenized_text": "International Scientific Researches Journal", "type": "venue", "id": 3}]