[{"begin": 0, "end": 10, "text": "Mudaly, V.", "tokenized_text": "Mudaly , V .", "type": "authors", "id": 0}, {"begin": 12, "end": 16, "text": "2016", "tokenized_text": "2016", "type": "year", "id": 1}, {"begin": 19, "end": 78, "text": "Pre-service teachers’ understanding of the concept of pro", "tokenized_text": "Pre - service teachers’ understanding of the concept of proof", "type": "title", "id": 2}, {"begin": 80, "end": 123, "text": ". International Scientific Researches Journ", "tokenized_text": "International Scientific Researches Journal", "type": "venue", "id": 3}]