[{"begin": 0, "end": 28, "text": "Mudaly, V. and Budaloo, V.R.", "tokenized_text": "Mudaly , V . and Budaloo , V . R .", "type": "authors", "id": 0}, {"begin": 30, "end": 34, "text": "2016", "tokenized_text": "2016", "type": "year", "id": 1}, {"begin": 37, "end": 99, "text": "The Use of Visual Reasoning by Successful Mathematics Teachers", "tokenized_text": "The Use of Visual Reasoning by Successful Mathematics Teachers", "type": "title", "id": 2}, {"begin": 101, "end": 144, "text": "International Scientific Researches Journal", "tokenized_text": "International Scientific Researches Journal", "type": "venue", "id": 3}]