[{"begin": 0, "end": 26, "text": "Mudaly, V. and Sukhdeo, S.", "tokenized_text": "Mudaly , V . and Sukhdeo , S .", "type": "authors", "id": 0}, {"begin": 28, "end": 32, "text": "2015", "tokenized_text": "2015", "type": "year", "id": 1}, {"begin": 35, "end": 122, "text": "Mathematics Learning in the Midst of School Transition from Primary to Secondary School", "tokenized_text": "Mathematics Learning in the Midst of School Transition from Primary to Secondary School", "type": "title", "id": 2}, {"begin": 124, "end": 164, "text": "International Journal of Social Sciences", "tokenized_text": "International Journal of Social Sciences", "type": "venue", "id": 3}]