[{"begin": 0, "end": 10, "text": "Mudaly, V.", "tokenized_text": "Mudaly , V .", "type": "authors", "id": 0}, {"begin": 12, "end": 16, "text": "2015", "tokenized_text": "2015", "type": "year", "id": 1}, {"begin": 19, "end": 89, "text": "Pre-service Teacher Knowledge: Thinking about conceptual understanding", "tokenized_text": "Pre - service Teacher Knowledge : Thinking about conceptual understanding", "type": "title", "id": 2}, {"begin": 91, "end": 131, "text": "International Journal of Social Sciences", "tokenized_text": "International Journal of Social Sciences", "type": "venue", "id": 3}]