[{"begin": 0, "end": 25, "text": "Mudaly, V. and Naidoo, J.", "tokenized_text": "Mudaly , V . and Naidoo , J .", "type": "authors", "id": 0}, {"begin": 27, "end": 31, "text": "2015", "tokenized_text": "2015", "type": "year", "id": 1}, {"begin": 34, "end": 122, "text": "The concrete-representational-abstract sequence of instruction in mathematics classrooms", "tokenized_text": "The concrete - representational - abstract sequence of instruction in mathematics classrooms", "type": "title", "id": 2}, {"begin": 124, "end": 149, "text": "Perspectives in Education", "tokenized_text": "Perspectives in Education", "type": "venue", "id": 3}]