[{"begin": 0, "end": 10, "text": "Mudaly, V.", "tokenized_text": "Mudaly , V .", "type": "authors", "id": 0}, {"begin": 12, "end": 16, "text": "2014", "tokenized_text": "2014", "type": "year", "id": 1}, {"begin": 19, "end": 134, "text": "A Visualisation-based Semiotic Analysis of Learners’ Conceptual Understanding of Graphical Functional Relationshi", "tokenized_text": "A Visualisation - based Semiotic Analysis of Learners’ Conceptual Understanding of Graphical Functional Relationships", "type": "title", "id": 2}, {"begin": 136, "end": 212, "text": ". African Journal of Research in Mathematics, Science and Technology Educati", "tokenized_text": "African Journal of Research in Mathematics , Science and Technology Education", "type": "venue", "id": 3}]