[{"begin": 0, "end": 10, "text": "Mudaly, V.", "tokenized_text": "Mudaly , V .", "type": "authors", "id": 0}, {"begin": 12, "end": 16, "text": "2013", "tokenized_text": "2013", "type": "year", "id": 1}, {"begin": 19, "end": 42, "text": "Is proving a visual act", "tokenized_text": "Is proving a visual act", "type": "title", "id": 2}, {"begin": 44, "end": 86, "text": "Mevlana International Journal of Education", "tokenized_text": "Mevlana International Journal of Education", "type": "venue", "id": 3}, {"begin": 159, "end": 179, "text": "Mathematics Learning", "tokenized_text": "Mathematics Learning", "type": "venue", "id": 4}]