[{"begin": 0, "end": 10, "text": "Mudaly, V.", "tokenized_text": "Mudaly , V .", "type": "authors", "id": 0}, {"begin": 12, "end": 16, "text": "2012", "tokenized_text": "2012", "type": "year", "id": 1}, {"begin": 19, "end": 67, "text": "Diagrams in Mathematics: To draw or not to draw?", "tokenized_text": "Diagrams in Mathematics : To draw or not to draw ?", "type": "title", "id": 2}, {"begin": 68, "end": 93, "text": "Perspectives in Education", "tokenized_text": "Perspectives in Education", "type": "venue", "id": 3}]