[{"begin": 0, "end": 30, "text": "Mudaly, V. and Moore-Russo, D.", "tokenized_text": "Mudaly , V . and Moore - Russo , D .", "type": "authors", "id": 0}, {"begin": 32, "end": 36, "text": "2011", "tokenized_text": "2011", "type": "year", "id": 1}, {"begin": 39, "end": 191, "text": "South African Teachers’ conceptualisations of gradient: A study of historically disadvantaged teachers in an Advanced Certificate in Education program", "tokenized_text": "South African Teachers’ conceptualisations of gradient : A study of historically disadvantaged teachers in an Advanced Certificate in Education programme", "type": "title", "id": 2}]