[{"begin": 0, "end": 28, "text": "Mudaly, V. and Rampersad, R.", "tokenized_text": "Mudaly , V . and Rampersad , R .", "type": "authors", "id": 0}, {"begin": 30, "end": 34, "text": "2010", "tokenized_text": "2010", "type": "year", "id": 1}, {"begin": 37, "end": 138, "text": "The role of visualisation in learners’ conceptual understanding of graphical functional relationshi", "tokenized_text": "The role of visualisation in learners’ conceptual understanding of graphical functional relationships", "type": "title", "id": 2}, {"begin": 140, "end": 216, "text": ". African Journal of Research in Mathematics, Science and Technology Educati", "tokenized_text": "African Journal of Research in Mathematics , Science and Technology Education", "type": "venue", "id": 3}]