[{"begin": 0, "end": 10, "text": "Mudaly, V.", "tokenized_text": "Mudaly , V .", "type": "authors", "id": 0}, {"begin": 12, "end": 16, "text": "2009", "tokenized_text": "2009", "type": "year", "id": 1}, {"begin": 19, "end": 63, "text": "Iterative processes in mathematics education", "tokenized_text": "Iterative processes in mathematics education", "type": "title", "id": 2}, {"begin": 65, "end": 90, "text": "Perspectives in Education", "tokenized_text": "Perspectives in Education", "type": "venue", "id": 3}]