[{"begin": 0, "end": 10, "text": "Mudaly, V.", "tokenized_text": "Mudaly , V .", "type": "authors", "id": 0}, {"begin": 12, "end": 16, "text": "2007", "tokenized_text": "2007", "type": "year", "id": 1}, {"begin": 19, "end": 61, "text": "Can our learners model in mathematics? The", "tokenized_text": "Can our learners model in mathematics ? The", "type": "title", "id": 2}, {"begin": 62, "end": 92, "text": "Montana Mathematics Enthusiast", "tokenized_text": "Montana Mathematics Enthusiast", "type": "venue", "id": 3}]