[{"begin": 0, "end": 10, "text": "Mudaly, V.", "tokenized_text": "Mudaly , V .", "type": "authors", "id": 0}, {"begin": 12, "end": 16, "text": "2006", "tokenized_text": "2006", "type": "year", "id": 1}, {"begin": 19, "end": 57, "text": "Mathematical Modelling using Sketchpad", "tokenized_text": "Mathematical Modelling using Sketchpad", "type": "title", "id": 2}, {"begin": 59, "end": 99, "text": "Bulletin for Academic Staff and Students", "tokenized_text": "Bulletin for Academic Staff and Students", "type": "venue", "id": 3}]