[{"begin": 0, "end": 10, "text": "Mudaly, V.", "tokenized_text": "Mudaly , V .", "type": "authors", "id": 0}, {"begin": 12, "end": 16, "text": "2006", "tokenized_text": "2006", "type": "year", "id": 1}, {"begin": 19, "end": 63, "text": "Marking Matric scripts is a learning process", "tokenized_text": "Marking Matric scripts is a learning process", "type": "title", "id": 2}, {"begin": 65, "end": 118, "text": "Learning and Teaching Mathematics: A Journal of AMESA", "tokenized_text": "Learning and Teaching Mathematics : A Journal of AMESA", "type": "venue", "id": 3}, {"begin": 142, "end": 154, "text": "M and Bizony", "tokenized_text": "M and Bizony", "type": "venue", "id": 4}]