[{"begin": 0, "end": 10, "text": "Mudaly, V.", "tokenized_text": "Mudaly , V .", "type": "authors", "id": 0}, {"begin": 12, "end": 16, "text": "1994", "tokenized_text": "1994", "type": "year", "id": 1}, {"begin": 19, "end": 89, "text": "Modelling of real-world problems is often the starting point for proof", "tokenized_text": "Modelling of real - world problems is often the starting point for proof", "type": "title", "id": 2}, {"begin": 118, "end": 122, "text": "2004", "tokenized_text": "2004", "type": "year", "id": 3}]