[{"begin": 0, "end": 10, "text": "Mudaly, V.", "tokenized_text": "Mudaly , V .", "type": "authors", "id": 0}, {"begin": 12, "end": 16, "text": "2004", "tokenized_text": "2004", "type": "year", "id": 1}, {"begin": 19, "end": 87, "text": "Modeling of real-world problems is often the starting point of proof", "tokenized_text": "Modeling of real - world problems is often the starting point of proof", "type": "title", "id": 2}, {"begin": 89, "end": 99, "text": "ICMI Study", "tokenized_text": "ICMI Study", "type": "venue", "id": 3}, {"begin": 100, "end": 102, "text": "14", "tokenized_text": "14", "type": "title", "id": 4}, {"begin": 104, "end": 155, "text": "Applications and Modelling in Mathematics Education", "tokenized_text": "Applications and Modelling in Mathematics Education", "type": "venue", "id": 5}]