[{"begin": 0, "end": 30, "text": "Mudaly, V. and De Villiers, M.", "tokenized_text": "Mudaly , V . and De Villiers , M .", "type": "authors", "id": 0}, {"begin": 32, "end": 36, "text": "2000", "tokenized_text": "2000", "type": "year", "id": 1}, {"begin": 39, "end": 122, "text": "Pupils’ needs for conviction and explanation within the context of dynamic geomet", "tokenized_text": "Pupils’ needs for conviction and explanation within the context of dynamic geometry", "type": "title", "id": 2}, {"begin": 136, "end": 138, "text": "s ", "tokenized_text": "of", "type": "venue", "id": 3}, {"begin": 143, "end": 227, "text": "e Sixth National Congress of the Association for Mathematics Education in South Afri", "tokenized_text": "Sixth National Congress of the Association for Mathematics Education in South Africa", "type": "venue", "id": 4}, {"begin": 265, "end": 277, "text": ". Hooglandpe", "tokenized_text": "Hooglandpers", "type": "venue", "id": 5}]