[{"begin": 0, "end": 30, "text": "Mudaly, V. and De Villiers, M.", "tokenized_text": "Mudaly , V . and De Villiers , M .", "type": "authors", "id": 0}, {"begin": 32, "end": 36, "text": "2000", "tokenized_text": "2000", "type": "year", "id": 1}, {"begin": 39, "end": 124, "text": "Learners’ needs for conviction and explanation within the context of dynamic geomet", "tokenized_text": "Learners’ needs for conviction and explanation within the context of dynamic geometry", "type": "title", "id": 2}]