[{"begin": 0, "end": 22, "text": "Mudaly, V and Julie, C", "tokenized_text": "Mudaly , V and Julie , C", "type": "authors", "id": 0}, {"begin": 24, "end": 28, "text": "2006", "tokenized_text": "2006", "type": "year", "id": 1}, {"begin": 31, "end": 108, "text": "Mathematical Modelling of Social Issues in School Mathematics in South Africa", "tokenized_text": "Mathematical Modelling of Social Issues in School Mathematics in South Africa", "type": "title", "id": 2}, {"begin": 121, "end": 130, "text": "ICMI Book", "tokenized_text": "ICMI Book", "type": "venue", "id": 3}, {"begin": 132, "end": 183, "text": "Modelling and Applications in Mathematics Education", "tokenized_text": "Modelling and Applications in Mathematics Education", "type": "venue", "id": 4}]