[{"begin": 0, "end": 10, "text": "Mudaly, V.", "tokenized_text": "Mudaly , V .", "type": "authors", "id": 0}, {"begin": 12, "end": 16, "text": "2010", "tokenized_text": "2010", "type": "year", "id": 1}, {"begin": 19, "end": 56, "text": "Can diagrams help in solving problems", "tokenized_text": "Can diagrams help in solving problems", "type": "title", "id": 2}, {"begin": 70, "end": 72, "text": "of", "tokenized_text": "of", "type": "venue", "id": 3}, {"begin": 77, "end": 106, "text": "16th Annual Congress of AMESA", "tokenized_text": "16th Annual Congress of AMESA", "type": "venue", "id": 4}]