[{"begin": 0, "end": 24, "text": "Mudaly, R and Mudaly, V.", "tokenized_text": "Mudaly , R and Mudaly , V .", "type": "authors", "id": 0}, {"begin": 26, "end": 30, "text": "2006", "tokenized_text": "2006", "type": "year", "id": 1}, {"begin": 33, "end": 168, "text": "Empowering secondary school learners to explore risk perceptions and the role of gender among young people in the context of HIV / AIDS", "tokenized_text": "Empowering secondary school learners to explore risk perceptions and the role of gender among young people in the context of HIV / AIDS", "type": "title", "id": 2}, {"begin": 170, "end": 216, "text": "New Frontiers in School Science and Technology", "tokenized_text": "New Frontiers in School Science and Technology", "type": "venue", "id": 3}, {"begin": 218, "end": 235, "text": "SAASTE CONFERENCE", "tokenized_text": "SAASTE CONFERENCE", "type": "venue", "id": 4}, {"begin": 250, "end": 254, "text": "2006", "tokenized_text": "2006", "type": "year", "id": 5}]