[{"begin": 0, "end": 10, "text": "Mudaly, V.", "tokenized_text": "Mudaly , V .", "type": "authors", "id": 0}, {"begin": 12, "end": 16, "text": "2004", "tokenized_text": "2004", "type": "year", "id": 1}, {"begin": 19, "end": 78, "text": "Mathematical Modelling and Proof. The Tenth Annual Congress", "tokenized_text": "Mathematical Modelling and Proof . The Tenth Annual Congress", "type": "title", "id": 2}, {"begin": 79, "end": 81, "text": "of", "tokenized_text": "of", "type": "venue", "id": 3}, {"begin": 82, "end": 85, "text": "the", "tokenized_text": "the", "type": "title", "id": 4}, {"begin": 86, "end": 100, "text": "Association of", "tokenized_text": "Association of", "type": "venue", "id": 5}, {"begin": 101, "end": 138, "text": "Mathematics Education of South Africa", "tokenized_text": "Mathematics Education of South Africa", "type": "title", "id": 6}, {"begin": 166, "end": 195, "text": "Sonica Froneman and Pentecost", "tokenized_text": "Sonica Froneman and Pentecost", "type": "venue", "id": 7}]