[{"begin": 0, "end": 10, "text": "Mudaly, V.", "tokenized_text": "Mudaly , V .", "type": "authors", "id": 0}, {"begin": 12, "end": 16, "text": "2003", "tokenized_text": "2003", "type": "year", "id": 1}, {"begin": 18, "end": 59, "text": "Real World Mathematics for the Real World", "tokenized_text": "Real World Mathematics for the Real World", "type": "title", "id": 2}, {"begin": 104, "end": 157, "text": "of the Association for Mathematics Education in South", "tokenized_text": "of the Association for Mathematics Education in South", "type": "venue", "id": 3}, {"begin": 158, "end": 164, "text": "Africa", "tokenized_text": "Africa", "type": "title", "id": 4}]