[{"begin": 0, "end": 10, "text": "Mudaly, V.", "tokenized_text": "Mudaly , V .", "type": "authors", "id": 0}, {"begin": 12, "end": 16, "text": "1997", "tokenized_text": "1997", "type": "year", "id": 1}, {"begin": 19, "end": 49, "text": "Who said that proof was boring", "tokenized_text": "Who said that proof was boring", "type": "title", "id": 2}, {"begin": 76, "end": 154, "text": "National Congress of the Association for Mathematics Education in South Africa", "tokenized_text": "National Congress of the Association for Mathematics Education in South Africa", "type": "venue", "id": 3}]