{
  "comment": "//leave comments here if needed",
  "contain_publication_list": "T",
  "email": "COPY_AND_CORRECT_OWNER_EMAIL_HERE",
  "filename": "d5634d6c-8bee-4b6e-916e-cef8f4cf8a61",
  "info": "T means true, F means False. If no publications, just leave the publication structure unchanged.",
  "is_personal_homepage": "F",
  "name": "COPY_OWNER_NAME_HERE",
  "publications": [
    {
      "text": "COPY_SINGLE_PUBLICATION_HERE"
    },
    {
      "text": "COPY_SINGLE_PUBLICATION_HERE"
    }
  ],
  "url": "http://www.plants.uwa.edu.au/contact/staff?type=profile&dn=cn%3DAmber%20Bateman%2Cou%3DSchool%20of%20Plant%20Biology%2Cou%3DFaculty%20of%20Science%2Cou%3DFaculties%2Co%3DThe%20University%20of%20Western%20Australia"
}