{
  "comment": "//leave comments here if needed",
  "contain_publication_list": "T",
  "email": "trevor.morrison@nyu.edu",
  "filename": "c29f6b39-bf8f-423b-979d-3b08d8b1a7db",
  "info": "T means true, F means False. If no publications, just leave the publication structure unchanged.",
  "is_personal_homepage": "T",
  "name": "Trevor W. Morrison",
  "name_index": [
    {
      "index_in_file": [
        [
          323,
          338
        ],
        [
          955,
          970
        ]
      ],
      "name_format": "Begin_First_Full End_Last_Full",
      "text": "Trevor Morrison"
    },
    {
      "index_in_file": [
        [
          153,
          165
        ]
      ],
      "name_format": "Begin_First_Full End_Last_Full",
      "text": "Davide Hagen"
    },
    {
      "index_in_file": [
        [
          168,
          182
        ]
      ],
      "name_format": "Begin_First_Full End_Last_Full",
      "text": "Anna Petsching"
    },
    {
      "index_in_file": [
        [
          13,
          31
        ]
      ],
      "name_format": "Begin_First_Full Inside_Middle_Initial End_Last_Full",
      "text": "Trevor W. Morrison"
    },
    {
      "index_in_file": [
        [
          1233,
          1250
        ],
        [
          1336,
          1353
        ]
      ],
      "name_format": "Begin_First_Full Inside_Middle_Initial End_Last_Full",
      "text": "Curtis A. Bradley"
    },
    {
      "index_in_file": [
        [
          1586,
          1601
        ]
      ],
      "name_format": "Begin_First_Full Inside_Middle_Initial End_Last_Full",
      "text": "Michael C. Dorf"
    },
    {
      "index_in_file": [
        [
          37,
          44
        ],
        [
          360,
          367
        ]
      ],
      "name_format": "Begin_Last_Full End_First_Initial",
      "text": "Eric M."
    },
    {
      "index_in_file": [
        [
          49,
          58
        ],
        [
          372,
          381
        ]
      ],
      "name_format": "Begin_Last_Full End_First_Initial",
      "text": "Laurie B."
    },
    {
      "index_in_file": [
        [
          88,
          96
        ],
        [
          548,
          556
        ],
        [
          612,
          620
        ]
      ],
      "name_format": "Begin_Last_Full",
      "text": "Morrison"
    }
  ],
  "publications": [
    {
      "length": 120,
      "line_num": [
        24
      ],
      "start_index_in_file": 1131,
      "text": "\"Presidential Power, Historical Practice, and Legal Constraint,\" 113 Colum. L. Rev. 1097 (2013) (with Curtis A. Bradley)"
    },
    {
      "length": 102,
      "line_num": [
        25
      ],
      "start_index_in_file": 1252,
      "text": "\"Historical Gloss and the Separation of Powers,\" 126 Harv. L. Rev. 411 (2012) (with Curtis A. Bradley)"
    },
    {
      "length": 56,
      "line_num": [
        26
      ],
      "start_index_in_file": 1355,
      "text": "\"Constitutional Alarmism,\" 124 Harv. L. Rev. 1688 (2011)"
    },
    {
      "length": 78,
      "line_num": [
        27
      ],
      "start_index_in_file": 1412,
      "text": "\"Stare Decisis in the Office of Legal Counsel,\" 110 Colum. L. Rev. 1448 (2010)"
    },
    {
      "length": 111,
      "line_num": [
        28
      ],
      "start_index_in_file": 1491,
      "text": "The Oxford Introductions to U.S. Law: Constitutional Law (Oxford University Press, 2010) (with Michael C. Dorf)"
    }
  ],
  "url": "https://its.law.nyu.edu/facultyprofiles/index.cfm?fuseaction=profile.overview&personid=28632"
}