{
  "comment": "//leave comments here if needed",
  "contain_publication_list": "F",
  "email": "koberg@cfa.harvard.edu",
  "filename": "df16ecd2-bdcb-4b1f-a430-296daaf67db1",
  "info": "T means true, F means False. If no publications, just leave the publication structure unchanged.",
  "is_personal_homepage": "T",
  "name": "Karin \u00d6berg",
  "name_index": [
    {
      "index_in_file": [
        [
          193,
          204
        ]
      ],
      "name_format": "Begin_First_Full End_Last_Full",
      "text": "Karin \u00d6berg"
    },
    {
      "index_in_file": [
        [
          205,
          220
        ]
      ],
      "name_format": "Begin_First_Full Inside_Middle_Initial End_Last_Full",
      "text": "Thomas D. Cabot"
    },
    {
      "index_in_file": [
        [
          2236,
          2242
        ]
      ],
      "name_format": "Begin_Last_Full",
      "text": "Stubbs"
    },
    {
      "index_in_file": [
        [
          1986,
          1993
        ]
      ],
      "name_format": "Begin_Last_Full",
      "text": "Dvorkin"
    },
    {
      "index_in_file": [
        [
          1935,
          1941
        ]
      ],
      "name_format": "Begin_Last_Full",
      "text": "Berger"
    },
    {
      "index_in_file": [
        [
          2187,
          2194
        ]
      ],
      "name_format": "Begin_Last_Full",
      "text": "Narayan"
    },
    {
      "index_in_file": [
        [
          1974,
          1981
        ]
      ],
      "name_format": "Begin_Last_Full",
      "text": "Cranmer"
    },
    {
      "index_in_file": [
        [
          2010,
          2020
        ]
      ],
      "name_format": "Begin_Last_Full",
      "text": "Eisenstein"
    },
    {
      "index_in_file": [
        [
          1998,
          2005
        ]
      ],
      "name_format": "Begin_Last_Full",
      "text": "Eastman"
    },
    {
      "index_in_file": [
        [
          1947,
          1958
        ]
      ],
      "name_format": "Begin_Last_Full",
      "text": "Charbonneau"
    },
    {
      "index_in_file": [
        [
          2025,
          2035
        ]
      ],
      "name_format": "Begin_Last_Full",
      "text": "Finkbeiner"
    },
    {
      "index_in_file": [
        [
          2222,
          2231
        ]
      ],
      "name_format": "Begin_Last_Full",
      "text": "Soderberg"
    },
    {
      "index_in_file": [
        [
          2247,
          2253
        ]
      ],
      "name_format": "Begin_Last_Full",
      "text": "Wilner"
    },
    {
      "index_in_file": [
        [
          1963,
          1969
        ]
      ],
      "name_format": "Begin_Last_Full",
      "text": "Conroy"
    },
    {
      "index_in_file": [
        [
          2153,
          2166
        ]
      ],
      "name_format": "Begin_Last_Full",
      "text": "Lopez-Morales"
    },
    {
      "index_in_file": [
        [
          2134,
          2138
        ]
      ],
      "name_format": "Begin_Last_Full",
      "text": "Loeb"
    },
    {
      "index_in_file": [
        [
          2171,
          2182
        ]
      ],
      "name_format": "Begin_Last_Full",
      "text": "Murray-Clay"
    },
    {
      "index_in_file": [
        [
          2123,
          2129
        ]
      ],
      "name_format": "Begin_Last_Full",
      "text": "Latham"
    },
    {
      "index_in_file": [
        [
          2091,
          2099
        ]
      ],
      "name_format": "Begin_Last_Full",
      "text": "Kirshner"
    },
    {
      "index_in_file": [
        [
          2065,
          2074
        ]
      ],
      "name_format": "Begin_Last_Full",
      "text": "Hernquist"
    },
    {
      "index_in_file": [
        [
          1144,
          1149
        ],
        [
          2199,
          2204
        ]
      ],
      "name_format": "Begin_Last_Full",
      "text": "Oberg"
    },
    {
      "index_in_file": [
        [
          2143,
          2148
        ]
      ],
      "name_format": "Begin_Last_Full",
      "text": "Lopez"
    },
    {
      "index_in_file": [
        [
          1923,
          1930
        ]
      ],
      "name_format": "Begin_Last_Full",
      "text": "Andrews"
    },
    {
      "index_in_file": [
        [
          2104,
          2109
        ]
      ],
      "name_format": "Begin_Last_Full",
      "text": "Kovac"
    },
    {
      "index_in_file": [
        [
          2209,
          2217
        ]
      ],
      "name_format": "Begin_Last_Full",
      "text": "Sasselov"
    },
    {
      "index_in_file": [
        [
          2040,
          2047
        ]
      ],
      "name_format": "Begin_Last_Full",
      "text": "Goodman"
    },
    {
      "index_in_file": [
        [
          2079,
          2086
        ]
      ],
      "name_format": "Begin_Last_Full",
      "text": "Johnson"
    },
    {
      "index_in_file": [
        [
          2052,
          2060
        ]
      ],
      "name_format": "Begin_Last_Full",
      "text": "Grindlay"
    },
    {
      "index_in_file": [
        [
          2114,
          2118
        ]
      ],
      "name_format": "Begin_Last_Full",
      "text": "Lada"
    }
  ],
  "publications": [
    {
      "text": "COPY_SINGLE_PUBLICATION_HERE"
    },
    {
      "text": "COPY_SINGLE_PUBLICATION_HERE"
    }
  ],
  "url": "http://astronomy.fas.harvard.edu/people/karin-oberg"
}