{
  "comment": "//leave comments here if needed",
  "contain_publication_list": "F",
  "email": "liu.yuzhe@medstudent.pitt.edu",
  "filename": "de890d5f-890f-4f28-9b2f-5e31dcdd6fd2",
  "info": "T means true, F means False. If no publications, just leave the publication structure unchanged.",
  "is_personal_homepage": "T",
  "name": "Yuzhe Brian Liu",
  "name_index": [
    {
      "index_in_file": [
        [
          566,
          583
        ]
      ],
      "name_format": "Begin_First_Full End_Last_Full",
      "text": "Shyam Visweswaran"
    },
    {
      "index_in_file": [
        [
          255,
          270
        ],
        [
          279,
          294
        ]
      ],
      "name_format": "Begin_First_Full Inside_Middle_Full End_Last_Full",
      "text": "Yuzhe Brian Liu"
    },
    {
      "in_email": "BEFORE_AT",
      "index_in_file": [
        [
          303,
          312
        ]
      ],
      "name_format": "Begin_Last_Full End_First_Full",
      "text": "liu.yuzhe"
    },
    {
      "index_in_file": [
        [
          519,
          541
        ]
      ],
      "name_format": "Begin_First_Full End_Last_Full",
      "text": "Vanathi Gopalakrishnan"
    }
  ],
  "publications": [
    {
      "text": "COPY_SINGLE_PUBLICATION_HERE"
    },
    {
      "text": "COPY_SINGLE_PUBLICATION_HERE"
    }
  ],
  "url": "http://www.dbmi.pitt.edu/person/yuzhe-brian-liu-bs-ms"
}