[{"begin": 0, "end": 34, "text": "Quattrone P, Vine R, Nightingale P", "tokenized_text": "Quattrone P , Vine R , Nightingale P", "type": "authors", "id": 0}, {"begin": 36, "end": 40, "text": "2015", "tokenized_text": "2015", "type": "year", "id": 1}, {"begin": 42, "end": 208, "text": "“Governing through numbers: Accounting figures as platforms of engagement in the construction of Heathrow Airport” presented at Organization Science Winter Confer", "tokenized_text": "“Governing through numbers : Accounting figures as platforms of engagement in the construction of Heathrow Airport” presented at Organization Science Winter Conference", "type": "title", "id": 2}]