[{"begin": 0, "end": 42, "text": "Barlé, N., Wortman, C. B., & Latack, J. A", "tokenized_text": "Barlé , N . , Wortman , C . B . , & Latack , J . A .", "type": "authors", "id": 0}, {"begin": 56, "end": 119, "text": " Traumatic bereavement: Basic research and clinical implication", "tokenized_text": "Traumatic bereavement : Basic research and clinical implications", "type": "title", "id": 1}, {"begin": 122, "end": 158, "text": " Journal of Psychotherapy Integratio", "tokenized_text": "Journal of Psychotherapy Integration", "type": "venue", "id": 2}]