[{"begin": 0, "end": 67, "text": "Pearlman, L. A., Wortman, C. B., Feuer, C., Farber, C., & Rando, T.", "tokenized_text": "Pearlman , L . A . , Wortman , C . B . , Feuer , C . , Farber , C . , & Rando , T .", "type": "authors", "id": 0}, {"begin": 69, "end": 73, "text": "2014", "tokenized_text": "2014", "type": "year", "id": 1}, {"begin": 76, "end": 121, "text": "Traumatic bereavement: A practitioner’s gui", "tokenized_text": "Traumatic bereavement : A practitioner’s guide", "type": "title", "id": 2}]