[{"begin": 0, "end": 63, "text": "Pearlman, L., Wortman, C. B., Feuer, C., Farber, C., & Rando,T.", "tokenized_text": "Pearlman , L . , Wortman , C . B . , Feuer , C . , Farber , C . , & Rando , T .", "type": "authors", "id": 0}, {"begin": 65, "end": 69, "text": "2012", "tokenized_text": "2012", "type": "year", "id": 1}, {"begin": 73, "end": 94, "text": "Traumatic bereavement", "tokenized_text": "Traumatic bereavement", "type": "title", "id": 2}, {"begin": 117, "end": 139, "text": "Encyclopedia of Trauma", "tokenized_text": "Encyclopedia of Trauma", "type": "venue", "id": 3}, {"begin": 156, "end": 169, "text": "Thousand Oaks", "tokenized_text": "Thousand Oaks", "type": "venue", "id": 4}]