[{"begin": 0, "end": 29, "text": "Wortman, C. B., & Boerner, K.", "tokenized_text": "Wortman , C . B . , & Boerner , K .", "type": "authors", "id": 0}, {"begin": 31, "end": 35, "text": "2011", "tokenized_text": "2011", "type": "year", "id": 1}, {"begin": 38, "end": 106, "text": "The myths of coping with loss: What the scientific evidence tells us", "tokenized_text": "The myths of coping with loss : What the scientific evidence tells us", "type": "title", "id": 2}, {"begin": 130, "end": 166, "text": "Oxford handbook of health psychology", "tokenized_text": "Oxford handbook of health psychology", "type": "venue", "id": 3}]