{
  "comment": "//leave comments here if needed",
  "contain_publication_list": "T",
  "email": "",
  "filename": "286ebc34-d746-47d6-8dcf-0287a9b90383",
  "info": "T means true, F means False. If no publications, just leave the publication structure unchanged.",
  "is_personal_homepage": "T",
  "name": "Luigi Nassimbeni",
  "name_index": [
    {
      "index_in_file": [
        [
          140,
          156
        ],
        [
          577,
          593
        ],
        [
          621,
          637
        ]
      ],
      "name_format": "Begin_First_Full End_Last_Full",
      "text": "Luigi Nassimbeni"
    },
    {
      "index_in_file": [
        [
          470,
          482
        ]
      ],
      "name_format": "Begin_First_Full End_Last_Full",
      "text": "Clive Oliver"
    },
    {
      "index_in_file": [
        [
          291,
          305
        ]
      ],
      "name_format": "Begin_First_Full End_Last_Full",
      "text": "Graham Jackson"
    },
    {
      "index_in_file": [
        [
          252,
          265
        ]
      ],
      "name_format": "Begin_First_Full End_Last_Full",
      "text": "Kelly Chibale"
    },
    {
      "index_in_file": [
        [
          317,
          333
        ]
      ],
      "name_format": "Begin_First_Full End_Last_Full",
      "text": "Bette Davidowitz"
    },
    {
      "index_in_file": [
        [
          420,
          433
        ]
      ],
      "name_format": "Begin_First_Full End_Last_Full",
      "text": "Gregory Smith"
    },
    {
      "index_in_file": [
        [
          528,
          542
        ]
      ],
      "name_format": "Begin_First_Full End_Last_Full",
      "text": "Sunny Sunassee"
    },
    {
      "index_in_file": [
        [
          553,
          566
        ]
      ],
      "name_format": "Begin_First_Full End_Last_Full",
      "text": "Allen Rodgers"
    },
    {
      "index_in_file": [
        [
          200,
          212
        ]
      ],
      "name_format": "Begin_First_Full End_Last_Full",
      "text": "Roger Hunter"
    },
    {
      "index_in_file": [
        [
          392,
          408
        ]
      ],
      "name_format": "Begin_First_Full End_Last_Full",
      "text": "Neil Ravenscroft"
    },
    {
      "index_in_file": [
        [
          437,
          450
        ]
      ],
      "name_format": "Begin_First_Full End_Last_Full",
      "text": "Anwar Jardine"
    },
    {
      "index_in_file": [
        [
          486,
          500
        ]
      ],
      "name_format": "Begin_First_Full End_Last_Full",
      "text": "Gerhard Venter"
    },
    {
      "index_in_file": [
        [
          3482,
          3493
        ]
      ],
      "name_format": "Begin_First_Full End_Last_Full",
      "text": "Fumino Toda"
    },
    {
      "index_in_file": [
        [
          454,
          466
        ]
      ],
      "name_format": "Begin_First_Full End_Last_Full",
      "text": "Sarah Wilson"
    },
    {
      "index_in_file": [
        [
          182,
          194
        ]
      ],
      "name_format": "Begin_First_Full End_Last_Full",
      "text": "Susan Bourne"
    },
    {
      "index_in_file": [
        [
          218,
          228
        ]
      ],
      "name_format": "Begin_First_Full End_Last_Full",
      "text": "Mino Caira"
    },
    {
      "index_in_file": [
        [
          345,
          357
        ]
      ],
      "name_format": "Begin_First_Full End_Last_Full",
      "text": "David Gammon"
    },
    {
      "index_in_file": [
        [
          369,
          380
        ]
      ],
      "name_format": "Begin_First_Full End_Last_Full",
      "text": "Alan Hutton"
    },
    {
      "index_in_file": [
        [
          3499,
          3513
        ]
      ],
      "name_format": "Begin_First_Full End_Last_Full",
      "text": "Dejana Vujovic"
    },
    {
      "index_in_file": [
        [
          234,
          246
        ]
      ],
      "name_format": "Begin_First_Full End_Last_Full",
      "text": "Timothy Egan"
    },
    {
      "in_email": "BEFORE_AT",
      "index_in_file": [
        [
          4631,
          4645
        ]
      ],
      "name_format": "Begin_First_Full End_Last_Full",
      "text": "deirdre.brooks"
    },
    {
      "index_in_file": [
        [
          2231,
          2244
        ]
      ],
      "name_format": "Begin_First_Initial End_Last_Full",
      "text": "A. Gavezzotti"
    },
    {
      "index_in_file": [
        [
          4294,
          4302
        ]
      ],
      "name_format": "Begin_First_Initial End_Last_Full",
      "text": "R Bishop"
    },
    {
      "index_in_file": [
        [
          3062,
          3069
        ]
      ],
      "name_format": "Begin_First_Initial End_Last_Full",
      "text": "D Braga"
    },
    {
      "index_in_file": [
        [
          3451,
          3459
        ]
      ],
      "name_format": "Begin_First_Initial End_Last_Full",
      "text": "R. Caira"
    },
    {
      "index_in_file": [
        [
          2259,
          2271
        ]
      ],
      "name_format": "Begin_First_Initial End_Last_Full",
      "text": "J. Lipkowski"
    },
    {
      "index_in_file": [
        [
          2522,
          2530
        ],
        [
          2673,
          2681
        ]
      ],
      "name_format": "Begin_First_Initial End_Last_Full",
      "text": "A. Horne"
    },
    {
      "index_in_file": [
        [
          2321,
          2328
        ],
        [
          2550,
          2557
        ],
        [
          2701,
          2708
        ],
        [
          3285,
          3292
        ]
      ],
      "name_format": "Begin_First_Initial End_Last_Full",
      "text": "F. Toda"
    },
    {
      "index_in_file": [
        [
          2204,
          2212
        ]
      ],
      "name_format": "Begin_First_Initial End_Last_Full",
      "text": "F. Allen"
    },
    {
      "index_in_file": [
        [
          2350,
          2358
        ]
      ],
      "name_format": "Begin_First_Initial End_Last_Full",
      "text": "E. Weber"
    },
    {
      "index_in_file": [
        [
          3294,
          3304
        ]
      ],
      "name_format": "Begin_First_Initial End_Last_Full",
      "text": "D. Vujovic"
    },
    {
      "index_in_file": [
        [
          2379,
          2390
        ]
      ],
      "name_format": "Begin_First_Initial End_Last_Full",
      "text": "G. Desiraju"
    },
    {
      "index_in_file": [
        [
          4283,
          4289
        ]
      ],
      "name_format": "Begin_First_Initial End_Last_Full",
      "text": "F Toda"
    },
    {
      "index_in_file": [
        [
          2854,
          2865
        ]
      ],
      "name_format": "Begin_First_Initial Inside_Middle_Initial End_Last_Full",
      "text": "A W Coleman"
    },
    {
      "index_in_file": [
        [
          3074,
          3083
        ]
      ],
      "name_format": "Begin_First_Initial Inside_Middle_Initial End_Last_Full",
      "text": "A G Orpen"
    },
    {
      "index_in_file": [
        [
          2287,
          2302
        ]
      ],
      "name_format": "Begin_First_Initial Inside_Middle_Initial End_Last_Full",
      "text": "G. M. Sheldrick"
    },
    {
      "index_in_file": [
        [
          2532,
          2548
        ],
        [
          2683,
          2699
        ],
        [
          2792,
          2808
        ],
        [
          2974,
          2990
        ],
        [
          3267,
          3283
        ]
      ],
      "name_format": "Begin_First_Initial Inside_Middle_Initial End_Last_Full",
      "text": "L. R. Nassimbeni"
    },
    {
      "index_in_file": [
        [
          2509,
          2520
        ],
        [
          2660,
          2671
        ],
        [
          3254,
          3265
        ]
      ],
      "name_format": "Begin_First_Initial Inside_Middle_Initial End_Last_Full",
      "text": "M. R. Caira"
    },
    {
      "index_in_file": [
        [
          3596,
          3611
        ],
        [
          3754,
          3769
        ],
        [
          4252,
          4267
        ],
        [
          4408,
          4423
        ]
      ],
      "name_format": "Begin_Last_Full Inside_First_Initial End_Middle_Initial",
      "text": "Nassimbeni, L R"
    },
    {
      "index_in_file": [
        [
          4396,
          4406
        ]
      ],
      "name_format": "Begin_Last_Full Inside_First_Initial End_Middle_Initial",
      "text": "Corin, K C"
    },
    {
      "index_in_file": [
        [
          3860,
          3874
        ]
      ],
      "name_format": "Begin_Last_Full Inside_First_Initial End_Middle_Initial",
      "text": "Nassimbeni L.R"
    },
    {
      "index_in_file": [
        [
          4383,
          4394
        ]
      ],
      "name_format": "Begin_Last_Full Inside_First_Initial End_Middle_Initial",
      "text": "Bourne, S A"
    },
    {
      "index_in_file": [
        [
          4003,
          4019
        ]
      ],
      "name_format": "Begin_Last_Full Inside_First_Initial End_Middle_Initial",
      "text": "Nassimbeni, L.R."
    },
    {
      "index_in_file": [
        [
          3572,
          3582
        ]
      ],
      "name_format": "Begin_Last_Full Inside_First_Initial End_Middle_Initial",
      "text": "Caira, M R"
    },
    {
      "index_in_file": [
        [
          3979,
          3990
        ]
      ],
      "name_format": "Begin_Last_Full Inside_First_Initial End_Middle_Initial",
      "text": "Caira, M.R."
    },
    {
      "index_in_file": [
        [
          271,
          285
        ]
      ],
      "name_format": "Begin_First_Full Inside_Middle_Initial End_Last_Full",
      "text": "Kevin J Naidoo"
    },
    {
      "index_in_file": [
        [
          3461,
          3480
        ]
      ],
      "name_format": "Begin_First_Full Inside_Middle_Initial End_Last_Full",
      "text": "Luigi R. Nassimbeni"
    },
    {
      "index_in_file": [
        [
          504,
          524
        ]
      ],
      "name_format": "Begin_First_Full Inside_Middle_Initial End_Last_Full",
      "text": "Catherine H Kaschula"
    },
    {
      "index_in_file": [
        [
          3584,
          3594
        ]
      ],
      "name_format": "Begin_Last_Full Inside_Last_Full End_First_Initial",
      "text": "Le Roex, T"
    },
    {
      "index_in_file": [
        [
          4428,
          4434
        ]
      ],
      "name_format": "Begin_Last_Full End_First_Initial",
      "text": "Toda F"
    },
    {
      "index_in_file": [
        [
          3992,
          4001
        ]
      ],
      "name_format": "Begin_Last_Full End_First_Initial",
      "text": "Chang, P."
    },
    {
      "index_in_file": [
        [
          3771,
          3776
        ],
        [
          4024,
          4029
        ]
      ],
      "name_format": "Begin_Last_Full End_First_Initial",
      "text": "Su, H"
    }
  ],
  "publications": [
    {
      "length": 153,
      "line_num": [
        46
      ],
      "start_index_in_file": 2439,
      "text": "Inclusion and separation of picoline isomers by a diol host compound. M. R. Caira, A. Horne, L. R. Nassimbeni, F. Toda. J Mater Chem. 7 (1997) 2145-2149."
    },
    {
      "length": 151,
      "line_num": [
        47
      ],
      "start_index_in_file": 2593,
      "text": "Selective Inclusion of aliphatic alcohols by a diol host compound. M. R. Caira, A. Horne, L. R. Nassimbeni, F. Toda J. Mater. Chem. 8 (1998) 1481\u20131484."
    },
    {
      "length": 164,
      "line_num": [
        48
      ],
      "start_index_in_file": 2745,
      "text": "Inclusion compounds: kinetics and selectivity. L. R. Nassimbeni in Molecular Recognition and Inclusion, (Ed. A W Coleman) Kluwer Academic Publishers (1998) 135-152."
    },
    {
      "length": 217,
      "line_num": [
        49
      ],
      "start_index_in_file": 2910,
      "text": "Thermodynamics and Kinetics of Crystalline Inclusion Compounds. L. R. Nassimbeni in Crystal Engineering: From Molecules and Crystals to Materials, (Ed. D Braga and A G Orpen) Kluwer Academic Publishers (1999) 163\u2013179."
    },
    {
      "length": 227,
      "line_num": [
        50
      ],
      "start_index_in_file": 3128,
      "text": "Complexation with diol host compounds. Part 32. Separation of lutidine isomers by 1,1,6,6-tetraphenylhexa-2,4-diyne-1,6-diol. M. R. Caira, L. R. Nassimbeni, F. Toda, D. Vujovic. J. Chem. Soc., Perkin Trans. 2. (1999) 2681-2684."
    },
    {
      "length": 195,
      "line_num": [
        51
      ],
      "start_index_in_file": 3356,
      "text": "Inclusion of Aminobenzonitrile Isomers by a Diol Host Compound: Structure and Selectivity Mino R. Caira, Luigi R. Nassimbeni, Fumino Toda, and Dejana Vujovic J.Am. Chem. Soc. 2000, 122, 9367-9372"
    },
    {
      "length": 92,
      "line_num": [
        52
      ],
      "start_index_in_file": 3552,
      "text": "Tunable Clathrates. Caira, M R, Le Roex, T, Nassimbeni, L R: Chem.Commun. 2128 \u2013 2129, 2001."
    },
    {
      "length": 108,
      "line_num": [
        53
      ],
      "start_index_in_file": 3645,
      "text": "Inclusion compounds of binaphthol with volatile guests: structures, selectivity and kinetics of desolvation."
    },
    {
      "length": 56,
      "line_num": [
        54
      ],
      "start_index_in_file": 3754,
      "text": "Nassimbeni, L R, Su, H: New J. Chem., 26, 989-995, 2002."
    },
    {
      "length": 100,
      "line_num": [
        55
      ],
      "start_index_in_file": 3811,
      "text": "Physicochemical aspects of host-guest compounds. Nassimbeni L.R. Acc. Chem. Res., 36, 631-637, 2003."
    },
    {
      "length": 155,
      "line_num": [
        56
      ],
      "start_index_in_file": 3912,
      "text": "Inclusion of quinolines by binaphthol: structures and selectivity. Caira, M.R., Chang, P., Nassimbeni, L.R. and Su, H. Org.Biomol. Chem., 2, 655-659, 2004."
    },
    {
      "length": 276,
      "line_num": [
        57
      ],
      "start_index_in_file": 4068,
      "text": "Physicochemical studies of separation of isomers by supramolecular systems\u2019 in Separations and Reactions in Organic Supramolecular Chemistry. Perspectives in Supramolecular Chemistry, Nassimbeni, L R: Volume 8, Ed. F Toda and R Bishop, John Wiley & Sons, Ltd. 123 \u2013 135, 2004."
    },
    {
      "length": 137,
      "line_num": [
        58
      ],
      "start_index_in_file": 4345,
      "text": "Selective Enclathration of Picolines. Bourne, S A, Corin, K C, Nassimbeni, L R and Toda F: Crystal Growth and Design, 5(1),379-382, 2005."
    }
  ],
  "url": "http://www.chemistry.uct.ac.za/cem/staff/academic/nassimbeni/"
}