{
  "comment": "//leave comments here if needed",
  "contain_publication_list": "F",
  "email": "anniek.eigenraam@vu.nl",
  "filename": "f6631c20-697f-4ca0-b773-b640f1879cc5",
  "info": "T means true, F means False. If no publications, just leave the publication structure unchanged.",
  "is_personal_homepage": "T",
  "name": "A. EIGENRAAM",
  "name_index": [
    {
      "index_in_file": [
        [
          297,
          313
        ]
      ],
      "name_format": "Begin_First_Full End_Last_Full",
      "text": "Anniek Eigenraam"
    },
    {
      "in_email": "BEFORE_AT",
      "index_in_file": [
        [
          163,
          179
        ]
      ],
      "name_format": "Begin_First_Full End_Last_Full",
      "text": "anniek.eigenraam"
    },
    {
      "index_in_file": [
        [
          103,
          115
        ]
      ],
      "name_format": "Begin_First_Initial End_Last_Full",
      "text": "A. EIGENRAAM"
    },
    {
      "index_in_file": [
        [
          89,
          102
        ]
      ],
      "name_format": "Begin_Last_Full End_First_Initial",
      "text": "Eigenraam, A."
    }
  ],
  "publications": [
    {
      "text": "COPY_SINGLE_PUBLICATION_HERE"
    },
    {
      "text": "COPY_SINGLE_PUBLICATION_HERE"
    }
  ],
  "url": "http://www.feweb.vu.nl/en/departments-and-institutes/marketing/staff/a-eigenraam/index.aspx"
}