{
  "comment": "//leave comments here if needed",
  "contain_publication_list": "T",
  "email": "",
  "filename": "9c106345-b70b-4785-b85f-fee153f058f6",
  "info": "T means true, F means False. If no publications, just leave the publication structure unchanged.",
  "is_personal_homepage": "T",
  "name": "Matthew J. Lang",
  "name_index": [
    {
      "index_in_file": [
        [
          234,
          249
        ]
      ],
      "name_format": "Begin_First_Full Inside_Middle_Initial End_Last_Full",
      "text": "Matthew J. Lang"
    },
    {
      "index_in_file": [
        [
          4298,
          4309
        ],
        [
          4496,
          4507
        ]
      ],
      "name_format": "Begin_Last_Full End_First_Initial_Middle_Initial",
      "text": "Shaevitz JW"
    },
    {
      "index_in_file": [
        [
          3874,
          3882
        ]
      ],
      "name_format": "Begin_Last_Full End_First_Initial_Middle_Initial",
      "text": "David PH"
    },
    {
      "index_in_file": [
        [
          3832,
          3837
        ]
      ],
      "name_format": "Begin_Last_Full End_First_Initial",
      "text": "Dao M"
    },
    {
      "index_in_file": [
        [
          4156,
          4164
        ],
        [
          4277,
          4285
        ],
        [
          4509,
          4517
        ],
        [
          4636,
          4644
        ]
      ],
      "name_format": "Begin_Last_Full End_First_Initial_Middle_Initial",
      "text": "Block SM"
    },
    {
      "index_in_file": [
        [
          2920,
          2926
        ]
      ],
      "name_format": "Begin_Last_Full End_First_Initial",
      "text": "Pelz B"
    },
    {
      "index_in_file": [
        [
          3411,
          3418
        ]
      ],
      "name_format": "Begin_Last_Full End_First_Initial",
      "text": "Barch M"
    },
    {
      "index_in_file": [
        [
          2314,
          2322
        ]
      ],
      "name_format": "Begin_Last_Full End_First_Initial",
      "text": "Martin A"
    },
    {
      "index_in_file": [
        [
          3638,
          3646
        ]
      ],
      "name_format": "Begin_Last_Full End_First_Initial_Middle_Initial",
      "text": "Noren CJ"
    },
    {
      "index_in_file": [
        [
          3442,
          3454
        ]
      ],
      "name_format": "Begin_Last_Full End_First_Initial",
      "text": "Matsudaira P"
    },
    {
      "index_in_file": [
        [
          4751,
          4764
        ]
      ],
      "name_format": "Begin_Last_Full End_First_Initial_Middle_Initial",
      "text": "Jordanides XJ"
    },
    {
      "index_in_file": [
        [
          2928,
          2935
        ]
      ],
      "name_format": "Begin_Last_Full End_First_Initial_Middle_Initial",
      "text": "Kamm RD"
    },
    {
      "index_in_file": [
        [
          2338,
          2346
        ]
      ],
      "name_format": "Begin_Last_Full End_First_Initial_Middle_Initial",
      "text": "Baker TA"
    },
    {
      "index_in_file": [
        [
          3884,
          3904
        ]
      ],
      "name_format": "Begin_Last_Full End_First_Initial",
      "text": "Mercereau-Puijalon O"
    },
    {
      "index_in_file": [
        [
          2688,
          2697
        ]
      ],
      "name_format": "Begin_Last_Full End_First_Initial",
      "text": "Georges A"
    },
    {
      "index_in_file": [
        [
          2699,
          2708
        ],
        [
          3138,
          3147
        ]
      ],
      "name_format": "Begin_Last_Full End_First_Initial",
      "text": "Karplus M"
    },
    {
      "index_in_file": [
        [
          2305,
          2312
        ],
        [
          3402,
          3409
        ],
        [
          3616,
          3623
        ]
      ],
      "name_format": "Begin_Last_Full End_First_Initial_Middle_Initial",
      "text": "Brau RR"
    },
    {
      "index_in_file": [
        [
          3797,
          3805
        ]
      ],
      "name_format": "Begin_Last_Full End_First_Initial_Middle_Initial",
      "text": "Mills JP"
    },
    {
      "index_in_file": [
        [
          2893,
          2898
        ]
      ],
      "name_format": "Begin_Last_Full End_First_Initial",
      "text": "Lee H"
    },
    {
      "index_in_file": [
        [
          2882,
          2891
        ],
        [
          3420,
          3429
        ],
        [
          3605,
          3614
        ]
      ],
      "name_format": "Begin_Last_Full End_First_Initial_Middle_Initial",
      "text": "Ferrer JM"
    },
    {
      "index_in_file": [
        [
          2678,
          2686
        ]
      ],
      "name_format": "Begin_Last_Full End_First_Initial_Middle_Initial",
      "text": "Labno AK"
    },
    {
      "index_in_file": [
        [
          3857,
          3863
        ]
      ],
      "name_format": "Begin_Last_Full End_First_Initial_Middle_Initial",
      "text": "Lim CT"
    },
    {
      "index_in_file": [
        [
          3919,
          3927
        ]
      ],
      "name_format": "Begin_Last_Full End_First_Initial",
      "text": "Suresh S"
    },
    {
      "index_in_file": [
        [
          2664,
          2676
        ],
        [
          3245,
          3257
        ]
      ],
      "name_format": "Begin_Last_Full End_First_Initial_Middle_Initial",
      "text": "Appleyard DC"
    },
    {
      "index_in_file": [
        [
          2295,
          2303
        ]
      ],
      "name_format": "Begin_Last_Full End_First_Initial_Middle_Initial",
      "text": "Davis JJ"
    },
    {
      "index_in_file": [
        [
          2900,
          2906
        ]
      ],
      "name_format": "Begin_Last_Full End_First_Initial",
      "text": "Chen J"
    },
    {
      "index_in_file": [
        [
          3822,
          3830
        ]
      ],
      "name_format": "Begin_Last_Full End_First_Initial_Middle_Initial",
      "text": "Quinn DJ"
    },
    {
      "index_in_file": [
        [
          3848,
          3855
        ]
      ],
      "name_format": "Begin_Last_Full End_First_Initial_Middle_Initial_Middle_Initial",
      "text": "Tan KSW"
    },
    {
      "index_in_file": [
        [
          2710,
          2719
        ]
      ],
      "name_format": "Begin_Last_Full End_First_Initial",
      "text": "Belcher A"
    },
    {
      "index_in_file": [
        [
          2653,
          2662
        ],
        [
          3594,
          3603
        ]
      ],
      "name_format": "Begin_Last_Full End_First_Initial_Middle_Initial",
      "text": "Khalil AS"
    },
    {
      "index_in_file": [
        [
          2324,
          2336
        ]
      ],
      "name_format": "Begin_Last_Full End_First_Initial_Middle_Initial",
      "text": "Kenniston JA"
    },
    {
      "index_in_file": [
        [
          3625,
          3636
        ]
      ],
      "name_format": "Begin_Last_Full End_First_Initial_Middle_Initial",
      "text": "Kottmann ST"
    },
    {
      "index_in_file": [
        [
          2362,
          2369
        ],
        [
          2541,
          2548
        ],
        [
          2734,
          2741
        ],
        [
          2941,
          2948
        ],
        [
          3129,
          3136
        ],
        [
          3259,
          3266
        ],
        [
          3456,
          3463
        ],
        [
          3648,
          3655
        ],
        [
          3839,
          3846
        ],
        [
          4115,
          4122
        ],
        [
          4311,
          4318
        ],
        [
          4476,
          4483
        ],
        [
          4624,
          4631
        ],
        [
          4742,
          4749
        ]
      ],
      "name_format": "Begin_Last_Full End_First_Initial_Middle_Initial",
      "text": "Lang MJ"
    },
    {
      "index_in_file": [
        [
          4766,
          4772
        ]
      ],
      "name_format": "Begin_Last_Full End_First_Initial",
      "text": "Song X"
    },
    {
      "index_in_file": [
        [
          3431,
          3440
        ]
      ],
      "name_format": "Begin_Last_Full End_First_Initial",
      "text": "Freyzon Y"
    },
    {
      "index_in_file": [
        [
          2908,
          2918
        ]
      ],
      "name_format": "Begin_Last_Full End_First_Initial",
      "text": "Nakamura F"
    },
    {
      "index_in_file": [
        [
          3392,
          3400
        ]
      ],
      "name_format": "Begin_Last_Full End_First_Initial_Middle_Initial",
      "text": "Tarsa PB"
    },
    {
      "index_in_file": [
        [
          3865,
          3872
        ]
      ],
      "name_format": "Begin_Last_Full End_First_Initial",
      "text": "Milon G"
    },
    {
      "index_in_file": [
        [
          3807,
          3820
        ]
      ],
      "name_format": "Begin_Last_Full End_First_Initial_Middle_Initial",
      "text": "Diez-Silva MD"
    },
    {
      "index_in_file": [
        [
          3657,
          3667
        ]
      ],
      "name_format": "Begin_Last_Full End_First_Initial_Middle_Initial",
      "text": "Belcher AM"
    },
    {
      "index_in_file": [
        [
          2529,
          2536
        ],
        [
          2721,
          2728
        ],
        [
          3120,
          3127
        ]
      ],
      "name_format": "Begin_Last_Full End_First_Initial",
      "text": "Hwang W"
    },
    {
      "index_in_file": [
        [
          3906,
          3917
        ]
      ],
      "name_format": "Begin_Last_Full End_First_Initial",
      "text": "Bonnnefoy S"
    },
    {
      "index_in_file": [
        [
          2287,
          2293
        ]
      ],
      "name_format": "Begin_Last_Full End_First_Initial",
      "text": "Shin Y"
    },
    {
      "index_in_file": [
        [
          4774,
          4784
        ]
      ],
      "name_format": "Begin_Last_Full End_First_Initial_Middle_Initial",
      "text": "Fleming GR"
    },
    {
      "index_in_file": [
        [
          4145,
          4154
        ]
      ],
      "name_format": "Begin_Last_Full End_First_Initial_Middle_Initial",
      "text": "Neuman KC"
    },
    {
      "index_in_file": [
        [
          2348,
          2356
        ]
      ],
      "name_format": "Begin_Last_Full End_First_Initial_Middle_Initial",
      "text": "Sauer RT"
    },
    {
      "index_in_file": [
        [
          4287,
          4296
        ],
        [
          4485,
          4494
        ]
      ],
      "name_format": "Begin_Last_Full End_First_Initial_Middle_Initial",
      "text": "Asbury CL"
    },
    {
      "index_in_file": [
        [
          4136,
          4143
        ]
      ],
      "name_format": "Begin_Last_Full End_First_Initial_Middle_Initial",
      "text": "Engh AM"
    },
    {
      "index_in_file": [
        [
          1666,
          1674
        ]
      ],
      "name_format": "Begin_First_Initial End_Last_Full",
      "text": "Z-Y. Sun"
    },
    {
      "index_in_file": [
        [
          1676,
          1684
        ]
      ],
      "name_format": "Begin_First_Initial End_Last_Full",
      "text": "M. Touma"
    },
    {
      "index_in_file": [
        [
          1643,
          1651
        ]
      ],
      "name_format": "Begin_First_Initial Inside_Middle_Initial End_Last_Full",
      "text": "S.T. Kim"
    },
    {
      "index_in_file": [
        [
          2121,
          2130
        ]
      ],
      "name_format": "Begin_First_Initial End_Last_Full",
      "text": "V. Garbin"
    },
    {
      "index_in_file": [
        [
          2109,
          2119
        ]
      ],
      "name_format": "Begin_First_Initial End_Last_Full",
      "text": "E. Ferrari"
    },
    {
      "index_in_file": [
        [
          1877,
          1891
        ]
      ],
      "name_format": "Begin_First_Initial Inside_Middle_Initial End_Last_Full",
      "text": "M.E. Aubin-Tam"
    },
    {
      "index_in_file": [
        [
          1475,
          1484
        ]
      ],
      "name_format": "Begin_First_Initial Inside_Middle_Initial End_Last_Full",
      "text": "R.D. Kamm"
    },
    {
      "index_in_file": [
        [
          1686,
          1697
        ]
      ],
      "name_format": "Begin_First_Initial Inside_Middle_Initial End_Last_Full",
      "text": "C.E. Castro"
    },
    {
      "index_in_file": [
        [
          1893,
          1906
        ]
      ],
      "name_format": "Begin_First_Initial Inside_Middle_Initial End_Last_Full",
      "text": "A.O. Olivares"
    },
    {
      "index_in_file": [
        [
          1908,
          1918
        ]
      ],
      "name_format": "Begin_First_Initial Inside_Middle_Initial End_Last_Full",
      "text": "R.T. Sauer"
    },
    {
      "index_in_file": [
        [
          1920,
          1930
        ]
      ],
      "name_format": "Begin_First_Initial Inside_Middle_Initial End_Last_Full",
      "text": "T.A. Baker"
    },
    {
      "index_in_file": [
        [
          1438,
          1451
        ]
      ],
      "name_format": "Begin_First_Initial End_Last_Full",
      "text": "P. Honarmandi"
    },
    {
      "index_in_file": [
        [
          1720,
          1729
        ]
      ],
      "name_format": "Begin_First_Initial End_Last_Full",
      "text": "G. Wagner"
    },
    {
      "index_in_file": [
        [
          1453,
          1459
        ]
      ],
      "name_format": "Begin_First_Initial End_Last_Full",
      "text": "H. Lee"
    },
    {
      "index_in_file": [
        [
          1734,
          1747
        ]
      ],
      "name_format": "Begin_First_Initial Inside_Middle_Initial End_Last_Full",
      "text": "E.L. Reinherz"
    },
    {
      "index_in_file": [
        [
          1461,
          1470
        ],
        [
          1709,
          1718
        ],
        [
          1932,
          1941
        ]
      ],
      "name_format": "Begin_First_Initial Inside_Middle_Initial End_Last_Full",
      "text": "M.J. Lang"
    },
    {
      "index_in_file": [
        [
          2147,
          2156
        ]
      ],
      "name_format": "Begin_First_Initial End_Last_Full",
      "text": "J. Kunkel"
    },
    {
      "index_in_file": [
        [
          1699,
          1707
        ]
      ],
      "name_format": "Begin_First_Initial End_Last_Full",
      "text": "A. Fahmy"
    },
    {
      "index_in_file": [
        [
          1653,
          1664
        ]
      ],
      "name_format": "Begin_First_Initial End_Last_Full",
      "text": "K. Takeuchi"
    }
  ],
  "publications": [
    {
      "length": 204,
      "start_index_in_file": 1438,
      "text": "P. Honarmandi, H. Lee, M.J. Lang and R.D. Kamm \u201cA microfluidic system with optical laser tweezers to study mechanotransduction and focal adhesion recruitment.\u201d Lab Chip 11 684\u2013694, (2011). PMID: 21152510."
    },
    {
      "length": 233,
      "start_index_in_file": 1643,
      "text": "S.T. Kim, K. Takeuchi, Z-Y. Sun, M. Touma, C.E. Castro, A. Fahmy, M.J. Lang, G. Wagner and E.L. Reinherz \u201cThe T cell receptor is an anisotropic mechanosensor,\u201d Journal of Biological Chemistry. 284 31028\u201331037, (2009). PMCID: 2781503."
    },
    {
      "length": 198,
      "start_index_in_file": 1877,
      "text": "M.E. Aubin-Tam, A.O. Olivares, R.T. Sauer, T.A. Baker, M.J. Lang \u201cSingle-Molecule Protein Unfolding and Translocation by an ATP-Fueled Proteolytic Machine,\u201d Cell 145 257\u2013267, (2011). PMID: 21496645."
    },
    {
      "length": 210,
      "start_index_in_file": 2076,
      "text": "M-E. Aubin-Tam, D. C. Appleyard, E. Ferrari, V. Garbin, O. O. Fadiran, J. Kunkel and M. J. Lang \u201cAdhesion through single peptide aptamers,\u201d Journal of Physical Chemistry A 115 3657\u20133664, (2011). PMID: 20795685."
    },
    {
      "length": 241,
      "start_index_in_file": 2287,
      "text": "Shin Y, Davis JJ, Brau RR, Martin A, Kenniston JA, Baker TA, Sauer RT, and Lang MJ, \u201cSingle-molecule denaturation and degradation of proteins by the AAA+ ClpXP protease,\u201d Proceedings of the National Academy of Sciences, USA, accepted (2009)."
    },
    {
      "length": 123,
      "start_index_in_file": 2529,
      "text": "Hwang W and Lang MJ, \u201cMechanical design of translocating motor proteins,\u201d Cell Biochemistry and Biophysics. 2009;54: 11-22."
    },
    {
      "length": 228,
      "start_index_in_file": 2653,
      "text": "Khalil AS, Appleyard DC, Labno AK, Georges A, Karplus M, Belcher A, Hwang W, and Lang MJ, \u201cKinesin\u2019s cover-neck bundle folds forward to generate force,\u201d Proceedings of the National Academy of Sciences, USA. 2008;105 19246-19251."
    },
    {
      "length": 237,
      "start_index_in_file": 2882,
      "text": "Ferrer JM, Lee H, Chen J, Nakamura F, Pelz B, Kamm RD, and Lang MJ, \u201cMeasuring molecular rupture forces between single actin filaments and actin binding proteins,\u201d Proceedings of the National Academy of Sciences, USA. 2008;105 9221-9226."
    },
    {
      "length": 124,
      "start_index_in_file": 3120,
      "text": "Hwang W, Lang MJ, Karplus M, \u201cForce generation in kinesin hinges on cover-neck bundle formation,\u201d Structure. 2008;16: 62-71."
    },
    {
      "length": 146,
      "start_index_in_file": 3245,
      "text": "Appleyard DC, Lang MJ, \u201cActive particle control through silicon using conventional optical trapping techniques,\u201d Lab on a Chip. 2007;7: 1837-1840."
    },
    {
      "length": 201,
      "start_index_in_file": 3392,
      "text": "Tarsa PB, Brau RR, Barch M, Ferrer JM, Freyzon Y, Matsudaira P, Lang MJ \u201cDetecting force-induced molecular transitions with fluorescence resonant energy transfer,\u201d Angewandte Chemie. 2007;46 1999-2001."
    },
    {
      "length": 202,
      "start_index_in_file": 3594,
      "text": "Khalil AS, Ferrer JM, Brau RR, Kottmann ST, Noren CJ, Lang MJ, Belcher AM, \u201cSingle M13 bacteriophage tethering and stretching,\u201d Proceedings of the National Academy of Sciences, USA. 2007;104: 4892-4897."
    },
    {
      "length": 317,
      "start_index_in_file": 3797,
      "text": "Mills JP, Diez-Silva MD, Quinn DJ, Dao M, Lang MJ, Tan KSW, Lim CT, Milon G, David PH, Mercereau-Puijalon O, Bonnnefoy S, Suresh S, \u201cEffect of plasmodial RESA protein on deformability of human red blood cells harboring plasmodium falciparum,\u201d Proceedings of the National Academy of Sciences, USA. 2007;104: 9213-9217."
    },
    {
      "length": 161,
      "start_index_in_file": 4115,
      "text": "Lang MJ, Fordyce PM, Engh AM, Neuman KC, Block SM, \u201cSimultaneous, coincident optical trapping and single-molecule fluorescence,\u201d Nature Methods. 2004; 1:133-139."
    },
    {
      "length": 198,
      "start_index_in_file": 4277,
      "text": "Block SM, Asbury CL, Shaevitz JW, Lang MJ, \u201cProbing the kinesin reaction cycle with a two-dimensional optical force clamp,\u201d Proceedings of the National Academy of Sciences, USA. 2003;100: 2351-2356."
    },
    {
      "length": 147,
      "start_index_in_file": 4476,
      "text": "Lang MJ, Asbury CL, Shaevitz JW, Block SM, \u201cAn automated 2D optical force clamp for single molecule studies,\u201d Biophysical Journal. 2002;83:491-501."
    },
    {
      "length": 117,
      "start_index_in_file": 4624,
      "text": "Lang MJ and Block SM, \u201cResource Letter: Laser-based optical tweezers,\u201d American Journal of Physics. 2003;71: 201-215."
    },
    {
      "length": 163,
      "start_index_in_file": 4742,
      "text": "Lang MJ, Jordanides XJ, Song X, Fleming GR, \u201cAqueous solvation dynamics studied by photon echo spectroscopy,\u201d Journal of Physical Chemistry B. 1999;110: 5884-5892."
    }
  ],
  "url": "http://web.mit.edu/smart/research/biosym/dir_biosym%20-%20Matthew%20Lang.html"
}