{
  "comment": "//leave comments here if needed",
  "contain_publication_list": "F",
  "email": "Margaret.Archibald@wits.ac.za",
  "filename": "12c74555-7acd-4cd2-857c-9fab84b546a4",
  "info": "T means true, F means False. If no publications, just leave the publication structure unchanged.",
  "is_personal_homepage": "T",
  "name": "Margaret Archibald",
  "name_index": [
    {
      "index_in_file": [
        [
          184,
          202
        ]
      ],
      "name_format": "Begin_First_Full End_Last_Full",
      "text": "Margaret Archibald"
    },
    {
      "in_email": "BEFORE_AT",
      "index_in_file": [
        [
          133,
          151
        ],
        [
          290,
          308
        ]
      ],
      "name_format": "Begin_First_Full End_Last_Full",
      "text": "Margaret.Archibald"
    }
  ],
  "publications": [
    {
      "text": "COPY_SINGLE_PUBLICATION_HERE"
    },
    {
      "text": "COPY_SINGLE_PUBLICATION_HERE"
    }
  ],
  "url": "https://www.wits.ac.za/staff/academic-a-z-listing/a/margaretarchibaldwitsacza/"
}