{
  "comment": "//leave comments here if needed",
  "contain_publication_list": "T",
  "email": "lshaffe1@umd.edu",
  "filename": "29e4e5fa-b97a-453b-8411-d053a74788a8",
  "info": "T means true, F means False. If no publications, just leave the publication structure unchanged.",
  "is_personal_homepage": "T",
  "name": "L. Jen Shaffer",
  "name_index": [
    {
      "index_in_file": [
        [
          62,
          76
        ]
      ],
      "name_format": "Begin_First_Initial Inside_Middle_Full End_Last_Full",
      "text": "L. Jen Shaffer"
    },
    {
      "index_in_file": [
        [
          1706,
          1719
        ],
        [
          1920,
          1933
        ]
      ],
      "name_format": "Begin_Last_Full End_First_Initial",
      "text": "Tschakert, P."
    },
    {
      "index_in_file": [
        [
          2444,
          2453
        ]
      ],
      "name_format": "Begin_First_Initial End_Last_Full",
      "text": "L. Naiene"
    },
    {
      "index_in_file": [
        [
          1757,
          1767
        ]
      ],
      "name_format": "Begin_First_Initial End_Last_Full",
      "text": "J. Shaffer"
    },
    {
      "index_in_file": [
        [
          1747,
          1755
        ]
      ],
      "name_format": "Begin_First_Initial End_Last_Full",
      "text": "E. Prins"
    },
    {
      "index_in_file": [
        [
          1721,
          1732
        ]
      ],
      "name_format": "Begin_First_Initial End_Last_Full",
      "text": "K. Dietrich"
    },
    {
      "index_in_file": [
        [
          1734,
          1745
        ]
      ],
      "name_format": "Begin_First_Initial End_Last_Full",
      "text": "K. Tamminga"
    },
    {
      "index_in_file": [
        [
          1785,
          1794
        ]
      ],
      "name_format": "Begin_First_Initial End_Last_Full",
      "text": "A. Asiedu"
    },
    {
      "index_in_file": [
        [
          1769,
          1779
        ]
      ],
      "name_format": "Begin_First_Initial End_Last_Full",
      "text": "E. Liwenga"
    },
    {
      "index_in_file": [
        [
          2145,
          2159
        ],
        [
          2425,
          2439
        ],
        [
          2590,
          2604
        ]
      ],
      "name_format": "Begin_Last_Full Inside_First_Initial End_Middle_Initial",
      "text": "Shaffer, L. J."
    },
    {
      "index_in_file": [
        [
          1937,
          1950
        ]
      ],
      "name_format": "Begin_First_Initial Inside_Middle_Initial End_Last_Full",
      "text": "L. J. Shaffer"
    }
  ],
  "publications": [
    {
      "length": 213,
      "line_num": [
        15
      ],
      "start_index_in_file": 1700,
      "text": "2014. Tschakert, P., K. Dietrich, K. Tamminga, E. Prins, J. Shaffer, E. Liwenga, and A. Asiedu. Learning and envisioning under climatic uncertainty: an African experience. Environment and Planning A 46: 1049-1068."
    },
    {
      "length": 224,
      "line_num": [
        16
      ],
      "start_index_in_file": 1914,
      "text": "2014. Tschakert, P., & L. J. Shaffer. Ingredients for Social-Ecological Resilience, Poverty Traps, and Adaptive Social Protection in Semi-Arid Africa. In Social-Ecological Systems in Transition (pp. 139-156). Springer Japan."
    },
    {
      "length": 279,
      "line_num": [
        17
      ],
      "start_index_in_file": 2139,
      "text": "2012. Shaffer, L. J. Mobilizing knowledge to build adaptive capacity: lessons from southern Mozambique. In Climate Change and Threatened Communities: Vulnerability, Capacity, & Action. P. Castro, D. Taylor, and D. Brokensha (eds.). Pp. 69-80. Practical Action Publishers, London."
    },
    {
      "length": 164,
      "line_num": [
        18
      ],
      "start_index_in_file": 2419,
      "text": "2011. Shaffer, L. J. and L. Naiene. Why analyze mental models of local climate change?: A case from southern Mozambique. Weather, Climate and Society 3(4): 223-237."
    },
    {
      "length": 119,
      "line_num": [
        19
      ],
      "start_index_in_file": 2584,
      "text": "2010. Shaffer, L. J. Indigenous fire use to manage savanna landscapes in southern Mozambique. Fire Ecology 6(2): 43-59."
    }
  ],
  "url": "https://anth.umd.edu/facultyprofile/Shaffer/L.%20Jen"
}