{
  "comment": "//leave comments here if needed",
  "contain_publication_list": "F",
  "email": "clemens@usc.edu",
  "filename": "050635c6-f947-4ec0-b160-47123ee690e6",
  "info": "T means true, F means False. If no publications, just leave the publication structure unchanged.",
  "is_personal_homepage": "T",
  "name": "Roger Clemens",
  "name_index": [
    {
      "index_in_file": [
        [
          138,
          151
        ],
        [
          152,
          165
        ],
        [
          751,
          764
        ]
      ],
      "name_format": "Begin_First_Full End_Last_Full",
      "text": "Roger Clemens"
    },
    {
      "index_in_file": [
        [
          941,
          957
        ]
      ],
      "name_format": "Begin_First_Full Inside_Middle_Initial End_Last_Full",
      "text": "Roger A. Clemens"
    },
    {
      "index_in_file": [
        [
          517,
          524
        ],
        [
          1432,
          1439
        ],
        [
          1769,
          1776
        ],
        [
          1935,
          1942
        ],
        [
          2133,
          2140
        ]
      ],
      "name_format": "Begin_Last_Full",
      "text": "Clemens"
    }
  ],
  "publications": [
    {
      "text": "COPY_SINGLE_PUBLICATION_HERE"
    },
    {
      "text": "COPY_SINGLE_PUBLICATION_HERE"
    }
  ],
  "url": "http://pharmacyschool.usc.edu/faculty/profile/?id=396"
}