{
  "comment": "//leave comments here if needed",
  "contain_publication_list": "T",
  "email": "gbennett@tamu.edu",
  "filename": "d4e10748-6d2f-4e99-a21d-a261ecce3157",
  "info": "T means true, F means False. If no publications, just leave the publication structure unchanged.",
  "is_personal_homepage": "T",
  "name": "GREGG BENNETT",
  "name_index": [
    {
      "index_in_file": [
        [
          119,
          132
        ],
        [
          139,
          152
        ]
      ],
      "name_format": "Begin_First_Full End_Last_Full",
      "text": "GREGG BENNETT"
    },
    {
      "index_in_file": [
        [
          1876,
          1890
        ]
      ],
      "name_format": "Begin_Last_Full End_First_Initial",
      "text": "Hutchinson, M."
    },
    {
      "index_in_file": [
        [
          698,
          711
        ]
      ],
      "name_format": "Begin_Last_Full End_First_Initial",
      "text": "Wakefield, L."
    },
    {
      "index_in_file": [
        [
          2245,
          2253
        ]
      ],
      "name_format": "Begin_Last_Full End_First_Initial",
      "text": "Dees, W."
    },
    {
      "index_in_file": [
        [
          551,
          559
        ],
        [
          1157,
          1165
        ]
      ],
      "name_format": "Begin_Last_Full End_First_Initial",
      "text": "Kang, C."
    },
    {
      "index_in_file": [
        [
          954,
          963
        ]
      ],
      "name_format": "Begin_Last_Full End_First_Initial",
      "text": "Brown, B."
    },
    {
      "index_in_file": [
        [
          576,
          592
        ]
      ],
      "name_format": "Begin_Last_Full End_First_Initial",
      "text": "Welty-Peachy, J."
    },
    {
      "index_in_file": [
        [
          1395,
          1407
        ],
        [
          2083,
          2095
        ]
      ],
      "name_format": "Begin_Last_Full End_First_Initial",
      "text": "Ballouli, K."
    },
    {
      "index_in_file": [
        [
          1756,
          1765
        ],
        [
          2219,
          2228
        ]
      ],
      "name_format": "Begin_Last_Full End_First_Initial",
      "text": "Tsuji, Y."
    },
    {
      "index_in_file": [
        [
          1727,
          1740
        ]
      ],
      "name_format": "Begin_Last_Full End_First_Initial End_Middle_Initial",
      "text": "Petrick, J.F."
    },
    {
      "index_in_file": [
        [
          1167,
          1174
        ]
      ],
      "name_format": "Begin_Last_Full End_First_Initial",
      "text": "Lee, J."
    },
    {
      "index_in_file": [
        [
          561,
          572
        ],
        [
          715,
          726
        ],
        [
          967,
          978
        ],
        [
          1178,
          1189
        ],
        [
          1409,
          1420
        ],
        [
          1601,
          1612
        ],
        [
          1742,
          1753
        ],
        [
          1894,
          1905
        ],
        [
          2099,
          2110
        ],
        [
          2230,
          2241
        ]
      ],
      "name_format": "Begin_Last_Full End_First_Initial",
      "text": "Bennett, G."
    },
    {
      "index_in_file": [
        [
          940,
          952
        ],
        [
          1585,
          1597
        ]
      ],
      "name_format": "Begin_Last_Full Inside_First_Initial End_Middle_Initial",
      "text": "Reese, J. D."
    },
    {
      "in_email": "Before_At",
      "index_in_file": [
        [
          261,
          269
        ]
      ],
      "name_format": "Begin_First_Initial_Last_Full",
      "text": "gbennett"
    }
  ],
  "publications": [
    {
      "length": 146,
      "line_num": [
        25
      ],
      "start_index_in_file": 548,
      "text": "1. Kang, C., Bennett, G., & Welty-Peachy, J. (2016). Five dimensions of brand personality traits in sport. Sport Management Review, 19(4), 441-453"
    },
    {
      "length": 241,
      "line_num": [
        26
      ],
      "start_index_in_file": 695,
      "text": "2. Wakefield, L., & Bennett, G. (2016). How do fans feel? A case analysis of measuring and modeling attitudes using partial least squares structural equation modeling. Case Studies in Sport Management, 5, X[48]13X. doi:10.1123/cssm.2015-0053"
    },
    {
      "length": 216,
      "line_num": [
        27
      ],
      "start_index_in_file": 937,
      "text": "3. Reese, J. D., Brown, B., & Bennett, G. (2015). Required donations: An empirical test of Prospect Theory & framing of per-seat contributions in intercollegiate athletics. Global Sport Business Journal, 3(1), 43-62."
    },
    {
      "length": 237,
      "line_num": [
        28
      ],
      "start_index_in_file": 1154,
      "text": "4. Kang, C., Lee, J., & Bennett, G. (2014). Comparative analysis of sport consumer motivation affecting sport consumption behavior between American and Asian international students. International Journal of Sport Management, 15, 286-310."
    },
    {
      "length": 189,
      "line_num": [
        29
      ],
      "start_index_in_file": 1392,
      "text": "5. Ballouli, K., Bennett, G. (2014). New (sound)waves in sport marketing: Do semantic differences in analogous music impact shopping behaviors of sport consumers? Sport Marketing Quarterly."
    },
    {
      "length": 141,
      "line_num": [
        30
      ],
      "start_index_in_file": 1582,
      "text": "6. Reese, J. D., & Bennett, G. (2013). Fan satisfaction with the season ticket sales process. Journal of Contemporary Athletics, 7(2), 1-15 *"
    },
    {
      "length": 148,
      "line_num": [
        31
      ],
      "start_index_in_file": 1724,
      "text": "7. Petrick, J.F., Bennett, G. & Tsuji, Y. (2013). Measuring Event Attendees Evaluations of a Sporting Event to Determine Loyalty. Event Management *"
    },
    {
      "length": 206,
      "line_num": [
        32
      ],
      "start_index_in_file": 1873,
      "text": "8. Hutchinson, M., & Bennett, G. (2012). Core values brand building in sport: Stakeholder attitudes towards intercollegiate athletics and university brand congruency. Sport Management Review, 15(4), 434-447"
    },
    {
      "length": 134,
      "line_num": [
        33
      ],
      "start_index_in_file": 2080,
      "text": "9. Ballouli, K., & Bennett, G. (2012). Creating a sonic identity for the University of Houston. Sport Marketing Quarterly, 21, 53-60 *"
    },
    {
      "length": 177,
      "line_num": [
        34
      ],
      "start_index_in_file": 2215,
      "text": "10. Tsuji, Y., Bennett, G., & Dees, W. (2011). Exploring the effects of sportscape at a professional tennis tournament. International Journal of Sport Management, 12(1), 33-49 *"
    }
  ],
  "url": "http://directory.cehd.tamu.edu/view.epl?nid=gbennett"
}