{
  "comment": "//leave comments here if needed",
  "contain_publication_list": "T",
  "email": "",
  "filename": "9be568e5-71bc-4349-85eb-2036c6b0de18",
  "info": "T means true, F means False. If no publications, just leave the publication structure unchanged.",
  "is_personal_homepage": "T",
  "name": "Peter B. Kang",
  "name_index": [
    {
      "index_in_file": [
        [
          228,
          241
        ],
        [
          2004,
          2017
        ]
      ],
      "name_format": "Begin_First_Full Inside_Middle_Initial End_Last_Full",
      "text": "Peter B. Kang"
    },
    {
      "index_in_file": [
        [
          4834,
          4842
        ]
      ],
      "name_format": "Begin_Last_Full End_First_Initial_Middle_Initial",
      "text": "Joshi SM"
    },
    {
      "index_in_file": [
        [
          5145,
          5153
        ],
        [
          5568,
          5576
        ]
      ],
      "name_format": "Begin_Last_Full End_First_Initial_Middle_Initial",
      "text": "Reddy HM"
    },
    {
      "index_in_file": [
        [
          2474,
          2482
        ]
      ],
      "name_format": "Begin_Last_Full End_First_Initial_Middle_Initial",
      "text": "Beggs AH"
    },
    {
      "index_in_file": [
        [
          4055,
          4063
        ],
        [
          5399,
          5407
        ]
      ],
      "name_format": "Begin_Last_Full End_First_Initial_Middle_Initial",
      "text": "Pacak CA"
    },
    {
      "index_in_file": [
        [
          3324,
          3333
        ]
      ],
      "name_format": "Begin_Last_Full End_First_Initial_Middle_Initial",
      "text": "Finkel RS"
    },
    {
      "index_in_file": [
        [
          5688,
          5700
        ]
      ],
      "name_format": "Begin_Last_Full End_First_Initial_Middle_Initial",
      "text": "Margulies DM"
    },
    {
      "index_in_file": [
        [
          4844,
          4854
        ]
      ],
      "name_format": "Begin_Last_Full End_First_Initial_Middle_Initial",
      "text": "Gilbert DL"
    },
    {
      "index_in_file": [
        [
          2350,
          2361
        ],
        [
          3036,
          3047
        ]
      ],
      "name_format": "Begin_Last_Full End_First_Initial_Middle_Initial",
      "text": "Estrella EA"
    },
    {
      "index_in_file": [
        [
          3111,
          3119
        ]
      ],
      "name_format": "Begin_Last_Full End_First_Initial_Middle_Initial",
      "text": "Jones PL"
    },
    {
      "index_in_file": [
        [
          4372,
          4381
        ],
        [
          4726,
          4735
        ]
      ],
      "name_format": "Begin_Last_Full End_First_Initial_Middle_Initial",
      "text": "Griggs RC"
    },
    {
      "index_in_file": [
        [
          5709,
          5717
        ]
      ],
      "name_format": "Begin_Last_Full End_First_Initial_Middle_Initial",
      "text": "Salih MA"
    },
    {
      "index_in_file": [
        [
          3098,
          3109
        ]
      ],
      "name_format": "Begin_Last_Full End_First_Initial_Middle_Initial",
      "text": "Folkerth RD"
    },
    {
      "index_in_file": [
        [
          2862,
          2874
        ]
      ],
      "name_format": "Begin_Last_Full End_First_Initial_Middle_Initial",
      "text": "Alexander MS"
    },
    {
      "index_in_file": [
        [
          2634,
          2641
        ]
      ],
      "name_format": "Begin_Last_Full End_First_Initial_Middle_Initial",
      "text": "Shah DU"
    },
    {
      "index_in_file": [
        [
          3088,
          3096
        ],
        [
          5652,
          5660
        ]
      ],
      "name_format": "Begin_Last_Full End_First_Initial_Middle_Initial",
      "text": "Amato AA"
    },
    {
      "index_in_file": [
        [
          2161,
          2170
        ],
        [
          2429,
          2438
        ],
        [
          2643,
          2652
        ],
        [
          3077,
          3086
        ],
        [
          3313,
          3322
        ],
        [
          3679,
          3688
        ],
        [
          3868,
          3877
        ],
        [
          5419,
          5428
        ],
        [
          5641,
          5650
        ]
      ],
      "name_format": "Begin_Last_Full End_First_Initial_Middle_Initial",
      "text": "Darras BT"
    },
    {
      "index_in_file": [
        [
          3344,
          3354
        ]
      ],
      "name_format": "Begin_Last_Full End_First_Initial_Middle_Initial",
      "text": "Sproule DM"
    },
    {
      "index_in_file": [
        [
          2138,
          2149
        ]
      ],
      "name_format": "Begin_Last_Full End_First_Initial_Middle_Initial",
      "text": "McMillan HJ"
    },
    {
      "index_in_file": [
        [
          5155,
          5163
        ]
      ],
      "name_format": "Begin_Last_Full End_First_Initial_Middle_Initial",
      "text": "Hamed SA"
    },
    {
      "index_in_file": [
        [
          5673,
          5686
        ]
      ],
      "name_format": "Begin_Last_Full End_First_Initial_Middle_Initial",
      "text": "Brownstein CA"
    },
    {
      "index_in_file": [
        [
          3335,
          3342
        ]
      ],
      "name_format": "Begin_Last_Full End_First_Initial_Middle_Initial",
      "text": "Yang ML"
    },
    {
      "index_in_file": [
        [
          2326,
          2334
        ]
      ],
      "name_format": "Begin_Last_Full End_First_Initial_Middle_Initial",
      "text": "Myers JA"
    },
    {
      "index_in_file": [
        [
          3668,
          3677
        ]
      ],
      "name_format": "Begin_Last_Full End_First_Initial_Middle_Initial",
      "text": "Weldon CB"
    },
    {
      "index_in_file": [
        [
          5239,
          5251
        ],
        [
          5730,
          5742
        ]
      ],
      "name_format": "Begin_Last_Full End_First_Initial_Middle_Initial",
      "text": "MacArthur DG"
    },
    {
      "index_in_file": [
        [
          3643,
          3651
        ]
      ],
      "name_format": "Begin_Last_Full End_First_Initial_Middle_Initial",
      "text": "Sloan SR"
    },
    {
      "index_in_file": [
        [
          2381,
          2391
        ]
      ],
      "name_format": "Begin_Last_Full End_First_Initial_Middle_Initial",
      "text": "DeChene ET"
    },
    {
      "index_in_file": [
        [
          4236,
          4249
        ]
      ],
      "name_format": "Begin_Last_Full End_First_Initial_Middle_Initial",
      "text": "Iannaccone ST"
    },
    {
      "index_in_file": [
        [
          2415,
          2427
        ],
        [
          4262,
          4274
        ]
      ],
      "name_format": "Begin_Last_Full End_First_Initial_Middle_Initial",
      "text": "B\u00f6nnemann CG"
    },
    {
      "index_in_file": [
        [
          4065,
          4075
        ]
      ],
      "name_format": "Begin_Last_Full End_First_Initial_Middle_Initial",
      "text": "Salomon RN"
    },
    {
      "index_in_file": [
        [
          4251,
          4260
        ]
      ],
      "name_format": "Begin_Last_Full End_First_Initial_Middle_Initial",
      "text": "Graham RJ"
    },
    {
      "index_in_file": [
        [
          2172,
          2179
        ],
        [
          2495,
          2502
        ],
        [
          2681,
          2688
        ],
        [
          2888,
          2895
        ],
        [
          3132,
          3139
        ],
        [
          3280,
          3287
        ],
        [
          3690,
          3697
        ],
        [
          3892,
          3899
        ],
        [
          4077,
          4084
        ],
        [
          4215,
          4222
        ],
        [
          4717,
          4724
        ],
        [
          4804,
          4811
        ],
        [
          5264,
          5271
        ],
        [
          5443,
          5450
        ],
        [
          5744,
          5751
        ]
      ],
      "name_format": "Begin_Last_Full End_First_Initial_Middle_Initial",
      "text": "Kang PB"
    },
    {
      "index_in_file": [
        [
          3299,
          3311
        ]
      ],
      "name_format": "Begin_Last_Full End_First_Initial_Middle_Initial",
      "text": "McDermott MP"
    },
    {
      "index_in_file": [
        [
          5198,
          5206
        ],
        [
          5617,
          5625
        ]
      ],
      "name_format": "Begin_Last_Full End_First_Initial_Middle_Initial",
      "text": "Jones MD"
    },
    {
      "index_in_file": [
        [
          2440,
          2450
        ]
      ],
      "name_format": "Begin_Last_Full End_First_Initial_Middle_Initial",
      "text": "Mendell JR"
    },
    {
      "index_in_file": [
        [
          3289,
          3297
        ]
      ],
      "name_format": "Begin_Last_Full End_First_Initial_Middle_Initial",
      "text": "Gooch CL"
    },
    {
      "index_in_file": [
        [
          2363,
          2372
        ],
        [
          5220,
          5229
        ]
      ],
      "name_format": "Begin_Last_Full End_First_Initial_Middle_Initial",
      "text": "Duncan AR"
    },
    {
      "index_in_file": [
        [
          3049,
          3057
        ]
      ],
      "name_format": "Begin_Last_Full End_First_Initial_Middle_Initial",
      "text": "Jones TI"
    },
    {
      "index_in_file": [
        [
          2393,
          2413
        ]
      ],
      "name_format": "Begin_Last_Full End_First_Initial_Middle_Initial",
      "text": "Blasko-Goehringer JM"
    },
    {
      "index_in_file": [
        [
          4350,
          4358
        ]
      ],
      "name_format": "Begin_Last_Full End_First_Initial_Middle_Initial",
      "text": "Hagen EE"
    },
    {
      "index_in_file": [
        [
          3653,
          3666
        ]
      ],
      "name_format": "Begin_Last_Full End_First_Initial_Middle_Initial",
      "text": "Shamberger RC"
    },
    {
      "index_in_file": [
        [
          3632,
          3641
        ]
      ],
      "name_format": "Begin_Last_Full End_First_Initial_Middle_Initial",
      "text": "Powell CA"
    },
    {
      "index_in_file": [
        [
          4342,
          4348
        ]
      ],
      "name_format": "Begin_Last_Full End_First_Initial_Middle_Initial",
      "text": "Cox JA"
    },
    {
      "index_in_file": [
        [
          5231,
          5237
        ],
        [
          5578,
          5584
        ]
      ],
      "name_format": "Begin_Last_Full End_First_Initial_Middle_Initial",
      "text": "Cho KA"
    },
    {
      "index_in_file": [
        [
          2484,
          2493
        ],
        [
          3121,
          3130
        ],
        [
          5253,
          5262
        ],
        [
          5719,
          5728
        ]
      ],
      "name_format": "Begin_Last_Full End_First_Initial_Middle_Initial",
      "text": "Kunkel LM"
    },
    {
      "index_in_file": [
        [
          2654,
          2666
        ]
      ],
      "name_format": "Begin_Last_Full End_First_Initial_Middle_Initial",
      "text": "Markowitz JA"
    },
    {
      "index_in_file": [
        [
          3356,
          3364
        ]
      ],
      "name_format": "Begin_Last_Full End_First_Initial_Middle_Initial",
      "text": "Chung WK"
    },
    {
      "index_in_file": [
        [
          2302,
          2312
        ],
        [
          4029,
          4039
        ],
        [
          5208,
          5218
        ]
      ],
      "name_format": "Begin_Last_Full End_First_Initial_Middle_Initial",
      "text": "Mahoney LJ"
    },
    {
      "index_in_file": [
        [
          2291,
          2300
        ],
        [
          3025,
          3034
        ]
      ],
      "name_format": "Begin_Last_Full End_First_Initial_Middle_Initial",
      "text": "Boyden SE"
    },
    {
      "index_in_file": [
        [
          3070,
          3075
        ],
        [
          5702,
          5707
        ]
      ],
      "name_format": "Begin_Last_Full End_First_Initial_Middle_Initial",
      "text": "Yu TW"
    },
    {
      "index_in_file": [
        [
          4289,
          4298
        ]
      ],
      "name_format": "Begin_Last_Full End_First_Initial",
      "text": "Hornyak J"
    },
    {
      "index_in_file": [
        [
          2336,
          2348
        ],
        [
          2834,
          2846
        ],
        [
          3011,
          3023
        ],
        [
          4041,
          4053
        ],
        [
          5172,
          5184
        ],
        [
          5627,
          5639
        ]
      ],
      "name_format": "Begin_Last_Full End_First_Initial",
      "text": "Mitsuhashi S"
    },
    {
      "index_in_file": [
        [
          4869,
          4880
        ]
      ],
      "name_format": "Begin_Last_Full End_First_Initial",
      "text": "Ruch-Ross H"
    },
    {
      "index_in_file": [
        [
          4019,
          4027
        ]
      ],
      "name_format": "Begin_Last_Full End_First_Initial",
      "text": "Draper I"
    },
    {
      "index_in_file": [
        [
          4360,
          4370
        ]
      ],
      "name_format": "Begin_Last_Full End_First_Initial",
      "text": "Gronseth G"
    },
    {
      "index_in_file": [
        [
          5605,
          5615
        ]
      ],
      "name_format": "Begin_Last_Full End_First_Initial",
      "text": "Valkanas E"
    },
    {
      "index_in_file": [
        [
          2848,
          2860
        ]
      ],
      "name_format": "Begin_Last_Full End_First_Initial",
      "text": "Mitsuhashi H"
    },
    {
      "index_in_file": [
        [
          2463,
          2472
        ]
      ],
      "name_format": "Begin_Last_Full End_First_Initial",
      "text": "Nishino I"
    },
    {
      "index_in_file": [
        [
          5165,
          5170
        ],
        [
          5586,
          5591
        ]
      ],
      "name_format": "Begin_Last_Full End_First_Initial",
      "text": "Lek M"
    },
    {
      "index_in_file": [
        [
          2151,
          2159
        ]
      ],
      "name_format": "Begin_Last_Full End_First_Initial",
      "text": "Gregas M"
    },
    {
      "index_in_file": [
        [
          5409,
          5417
        ]
      ],
      "name_format": "Begin_Last_Full End_First_Initial",
      "text": "Visyak N"
    },
    {
      "index_in_file": [
        [
          5430,
          5441
        ]
      ],
      "name_format": "Begin_Last_Full End_First_Initial",
      "text": "Bousvaros A"
    },
    {
      "index_in_file": [
        [
          2876,
          2886
        ]
      ],
      "name_format": "Begin_Last_Full End_First_Initial",
      "text": "Sugimoto H"
    },
    {
      "index_in_file": [
        [
          4318,
          4326
        ]
      ],
      "name_format": "Begin_Last_Full End_First_Initial",
      "text": "Oskoui M"
    },
    {
      "index_in_file": [
        [
          3849,
          3858
        ]
      ],
      "name_format": "Begin_Last_Full End_First_Initial",
      "text": "Karakis I"
    },
    {
      "index_in_file": [
        [
          3059,
          3068
        ]
      ],
      "name_format": "Begin_Last_Full End_First_Initial",
      "text": "Rahimov F"
    },
    {
      "index_in_file": [
        [
          4224,
          4234
        ]
      ],
      "name_format": "Begin_Last_Full End_First_Initial",
      "text": "Morrison L"
    },
    {
      "index_in_file": [
        [
          4276,
          4287
        ]
      ],
      "name_format": "Begin_Last_Full End_First_Initial",
      "text": "Rutkowski A"
    },
    {
      "index_in_file": [
        [
          4825,
          4832
        ]
      ],
      "name_format": "Begin_Last_Full End_First_Initial",
      "text": "Mintz M"
    },
    {
      "index_in_file": [
        [
          2314,
          2324
        ]
      ],
      "name_format": "Begin_Last_Full End_First_Initial",
      "text": "Kawahara G"
    },
    {
      "index_in_file": [
        [
          4309,
          4316
        ]
      ],
      "name_format": "Begin_Last_Full End_First_Initial",
      "text": "North K"
    },
    {
      "index_in_file": [
        [
          5186,
          5196
        ],
        [
          5593,
          5603
        ]
      ],
      "name_format": "Begin_Last_Full End_First_Initial",
      "text": "Estrella E"
    },
    {
      "index_in_file": [
        [
          4856,
          4867
        ]
      ],
      "name_format": "Begin_Last_Full End_First_Initial",
      "text": "Radabaugh C"
    },
    {
      "index_in_file": [
        [
          3860,
          3866
        ]
      ],
      "name_format": "Begin_Last_Full End_First_Initial",
      "text": "Liew W"
    },
    {
      "index_in_file": [
        [
          3366,
          3376
        ]
      ],
      "name_format": "Begin_Last_Full End_First_Initial",
      "text": "Kaufmann P"
    },
    {
      "index_in_file": [
        [
          2374,
          2379
        ]
      ],
      "name_format": "Begin_Last_Full End_First_Initial",
      "text": "Dey F"
    },
    {
      "index_in_file": [
        [
          3378,
          3388
        ]
      ],
      "name_format": "Begin_Last_Full Inside_Last_Full End_First_Initial_Middle_Initial",
      "text": "De Vivo DC"
    },
    {
      "index_in_file": [
        [
          2452,
          2461
        ],
        [
          5662,
          5671
        ]
      ],
      "name_format": "Begin_Last_Full End_First_Initial_Middle_Initial_Middle_Initial",
      "text": "Lidov HGW"
    },
    {
      "index_in_file": [
        [
          3622,
          3630
        ],
        [
          5389,
          5397
        ]
      ],
      "name_format": "Begin_Last_Full End_First_Initial_Middle_Initial_Middle_Initial",
      "text": "Liew WKM"
    },
    {
      "index_in_file": [
        [
          4328,
          4340
        ]
      ],
      "name_format": "Begin_Last_Full End_First_Initial_Middle_Initial_Middle_Initial",
      "text": "Getchius TSD"
    },
    {
      "index_in_file": [
        [
          4813,
          4823
        ]
      ],
      "name_format": "Begin_Last_Full Inside_First_Initial_Middle_Initial End_Last_Full",
      "text": "Bale JF Jr"
    },
    {
      "index_in_file": [
        [
          2668,
          2679
        ],
        [
          3879,
          3890
        ]
      ],
      "name_format": "Begin_Last_Full Inside_First_Initial_Middle_Initial End_Last_Full",
      "text": "Jones HR Jr"
    }
  ],
  "publications": [
    {
      "length": 152,
      "line_num": [
        42
      ],
      "start_index_in_file": 2138,
      "text": "McMillan HJ, Gregas M, Darras BT, Kang PB.  Serum transaminase levels in boys with Duchenne and Becker muscular dystrophy.  Pediatrics2011;127:e132-136."
    },
    {
      "length": 342,
      "line_num": [
        43
      ],
      "start_index_in_file": 2291,
      "text": "Boyden SE, Mahoney LJ, Kawahara G, Myers JA, Mitsuhashi S, Estrella EA, Duncan AR, Dey F, DeChene ET, Blasko-Goehringer JM, B\u00f6nnemann CG, Darras BT, Mendell JR, Lidov HGW, Nishino I, Beggs AH, Kunkel LM, Kang PB.  Mutations in the satellite cell gene MEGF10cause a recessive congenital myopathy with minicores.  Neurogenetics 2012;13:115-124."
    },
    {
      "length": 199,
      "line_num": [
        44
      ],
      "start_index_in_file": 2634,
      "text": "Shah DU, Darras BT, Markowitz JA, Jones HR Jr, Kang PB.  The spectrum of myotonic and myopathic disorders in a pediatric electromyography laboratory over 12 years.  Pediatric Neurology2012;47:97-100."
    },
    {
      "length": 176,
      "line_num": [
        45
      ],
      "start_index_in_file": 2834,
      "text": "Mitsuhashi S, Mitsuhashi H, Alexander MS, Sugimoto H, Kang PB.  Cysteine mutations cause defective tyrosine phosphorylation in MEGF10 myopathy.  FEBS Letters2013;587:2952-2957."
    },
    {
      "length": 268,
      "line_num": [
        46
      ],
      "start_index_in_file": 3011,
      "text": "Mitsuhashi S, Boyden SE, Estrella EA, Jones TI, Rahimov F, Yu TW, Darras BT, Amato AA, Folkerth RD, Jones PL, Kunkel LM, Kang PB.  Exome sequencing identifies a novel SMCHD1mutation in facioscapulohumeral muscular dystrophy 2.  Neuromuscular Disorders 2013;23:975-980."
    },
    {
      "length": 341,
      "line_num": [
        47
      ],
      "start_index_in_file": 3280,
      "text": "Kang PB, Gooch CL, McDermott MP, Darras BT, Finkel RS, Yang ML, Sproule DM, Chung WK, Kaufmann P, De Vivo DC for the Muscle Study Group (MSG) and the Pediatric Neuromuscular Clinical Research Network for Spinal Muscular Atrophy (PNCR).  The motor neuron response to SMN1deficiency in spinal muscular atrophy.  Muscle & Nerve 2014;49:636-644."
    },
    {
      "length": 226,
      "line_num": [
        48
      ],
      "start_index_in_file": 3622,
      "text": "Liew WKM, Powell CA, Sloan SR, Shamberger RC, Weldon CB, Darras BT, Kang PB.  Comparison of plasmapheresis and intravenous immunoglobulin as maintenance therapies for juvenile myasthenia gravis.  JAMA Neurology2014;71:575-580."
    },
    {
      "length": 169,
      "line_num": [
        49
      ],
      "start_index_in_file": 3849,
      "text": "Karakis I, Liew W, Darras BT, Jones HR Jr, Kang PB.  Referral and diagnostic trends in pediatric electromyography in the molecular era.  Muscle and Nerve2014;50:244-249."
    },
    {
      "length": 195,
      "line_num": [
        50
      ],
      "start_index_in_file": 4019,
      "text": "Draper I, Mahoney LJ, Mitsuhashi S, Pacak CA, Salomon RN, Kang PB.  Silencing of drprleads to muscle and brain degeneration in adult Drosophila.  American Journal of Pathology 2014;184:2653-2661."
    },
    {
      "length": 501,
      "line_num": [
        51
      ],
      "start_index_in_file": 4215,
      "text": "Kang PB, Morrison L, Iannaccone ST, Graham RJ, B\u00f6nnemann CG, Rutkowski A, Hornyak J, Wang CH, North K, Oskoui M, Getchius TSD, Cox JA, Hagen EE, Gronseth G, Griggs RC.  Evidence-based guideline summary: evaluation, diagnosis, and management of congenital muscular dystrophy: report of the Guideline Development Subcommittee of the American Academy of Neurology and the Practice Issues Review Panel of the American Association of Neuromuscular & Electrodiagnostic Medicine.  Neurology2015;84:1369-1378."
    },
    {
      "length": 86,
      "line_num": [
        52
      ],
      "start_index_in_file": 4717,
      "text": "Kang PB, Griggs RC.  Advances in muscular dystrophies.  JAMA Neurology2015;72:741-742."
    },
    {
      "length": 340,
      "line_num": [
        53
      ],
      "start_index_in_file": 4804,
      "text": "Kang PB, Bale JF Jr, Mintz M, Joshi SM, Gilbert DL, Radabaugh C, Ruch-Ross H, for the Section on Neurology Executive Committee of the American Academy of Pediatrics and the Board of Directors of the Child Neurology Society. The child neurology clinical workforce in 2015: report of the AAP/CNS joint taskforce.  Neurology 2016;87:1384-1392."
    },
    {
      "length": 243,
      "line_num": [
        54
      ],
      "start_index_in_file": 5145,
      "text": "Reddy HM, Hamed SA, Lek M, Mitsuhashi S, Estrella E, Jones MD, Mahoney LJ, Duncan AR, Cho KA, MacArthur DG, Kunkel LM, Kang PB. A homozygous nonsense mutation in SGCA is a common cause of LGMD in Assiut, Egypt.  Muscle & Nerve 2016;54:690-695."
    },
    {
      "length": 178,
      "line_num": [
        55
      ],
      "start_index_in_file": 5389,
      "text": "Liew WKM, Pacak CA, Visyak N, Darras BT, Bousvaros A, Kang PB. Longitudinal impact of thalidomide neuropathy in children and adolescents.  Journal of Pediatrics 2016;178:227-232."
    },
    {
      "length": 331,
      "line_num": [
        56
      ],
      "start_index_in_file": 5568,
      "text": "Reddy HM, Cho KA, Lek M, Estrella E, Valkanas E, Jones MD, Mitsuhashi S, Darras BT, Amato AA, Lidov HGW, Brownstein CA, Margulies DM, Yu TW, Salih MA, Kunkel LM, MacArthur DG, Kang PB.  The sensitivity of exome sequencing in identifying causative mutations for LGMD in the United States.  Journal of Human Genetics 2017;62:243-252."
    }
  ],
  "url": "http://research.pediatrics.med.ufl.edu/researchers/research-faculty/peter-kang"
}