{
  "comment": "//leave comments here if needed",
  "contain_publication_list": "F",
  "email": "COPY_AND_CORRECT_OWNER_EMAIL_HERE",
  "filename": "68f4051e-8f51-424e-9b4e-40ddb6461cf0",
  "info": "T means true, F means False. If no publications, just leave the publication structure unchanged.",
  "is_personal_homepage": "F",
  "name": "COPY_OWNER_NAME_HERE",
  "publications": [
    {
      "text": "COPY_SINGLE_PUBLICATION_HERE"
    },
    {
      "text": "COPY_SINGLE_PUBLICATION_HERE"
    }
  ],
  "url": "https://dental.case.edu/aegd/faculty/harris.html"
}