{
  "comment": "//leave comments here if needed",
  "contain_publication_list": "F",
  "email": "pww28@cam.ac.uk",
  "filename": "4015e6f6-84ab-40d0-ade8-5bc5f97ae861",
  "info": "T means true, F means False. If no publications, just leave the publication structure unchanged.",
  "is_personal_homepage": "T",
  "name": "Peter William Walsh",
  "name_index": [
    {
      "index_in_file": [
        [
          757,
          776
        ]
      ],
      "name_format": "Begin_First_Full Inside_Middle_Full End_Last_Full",
      "text": "Peter William Walsh"
    }
  ],
  "publications": [
    {
      "text": "COPY_SINGLE_PUBLICATION_HERE"
    },
    {
      "text": "COPY_SINGLE_PUBLICATION_HERE"
    }
  ],
  "url": "http://www.sociology.cam.ac.uk/people/graduate-students/pwalsh"
}