{
  "comment": "//leave comments here if needed",
  "contain_publication_list": "F",
  "email": "ajm2010@columbia.edu",
  "filename": "b3d674b4-6656-4a15-8f77-ad1a8d553d42",
  "info": "T means true, F means False. If no publications, just leave the publication structure unchanged.",
  "is_personal_homepage": "T",
  "name": "Andrew Millis",
  "name_index": [
    {
      "index_in_file": [
        [
          514,
          527
        ]
      ],
      "name_format": "Begin_First_Full End_Last_Full",
      "text": "Andrew Millis"
    },
    {
      "in_email": "Before_At",
      "index_in_file": [
        [
          786,
          789
        ]
      ],
      "name_format": "Begin_First_Initial_Middle_Initial_Last_Initial",
      "text": "ajm"
    }
  ],
  "publications": [
    {
      "text": "COPY_SINGLE_PUBLICATION_HERE"
    },
    {
      "text": "COPY_SINGLE_PUBLICATION_HERE"
    }
  ],
  "url": "http://physics.columbia.edu/people/profile/424"
}