[{"begin": 0, "end": 70, "text": "‘The limits of enquiry in imperial Greek didactic poetry,’ in J. K", "tokenized_text": "‘The limits of enquiry in imperial Greek didactic poetry , ’ in J . König", "type": "title", "id": 0}, {"begin": 71, "end": 76, "text": "�nig ", "tokenized_text": "and G", "type": "authors", "id": 1}, {"begin": 76, "end": 77, "text": "a", "tokenized_text": ".", "type": "title", "id": 2}, {"begin": 91, "end": 100, "text": "ds.) Auth", "tokenized_text": "Authority", "type": "venue", "id": 3}, {"begin": 101, "end": 114, "text": "rity and Expe", "tokenized_text": "and Expertise", "type": "title", "id": 4}, {"begin": 115, "end": 144, "text": "tise in Ancient Scientific Cu", "tokenized_text": "in Ancient Scientific Culture", "type": "venue", "id": 5}]