[{"begin": 0, "end": 10, "text": "‘Josephu", "tokenized_text": "‘Josephus’", "type": "title", "id": 0}, {"begin": 11, "end": 40, "text": "’ Esther and diaspora Judai", "tokenized_text": "Esther and diaspora Judaism , ’", "type": "authors", "id": 1}, {"begin": 44, "end": 45, "text": "�", "tokenized_text": "T", "type": "authors", "id": 2}, {"begin": 47, "end": 56, "text": "in T. Whi", "tokenized_text": "Whitmarsh", "type": "authors", "id": 3}, {"begin": 57, "end": 62, "text": "marsh", "tokenized_text": "and S", "type": "title", "id": 4}, {"begin": 79, "end": 82, "text": "eds", "tokenized_text": "The", "type": "venue", "id": 5}, {"begin": 83, "end": 118, "text": ") The Romance Between Greece and th", "tokenized_text": "Romance Between Greece and the East", "type": "title", "id": 6}, {"begin": 120, "end": 129, "text": "East, Cam", "tokenized_text": "Cambridge", "type": "venue", "id": 7}, {"begin": 131, "end": 140, "text": "idge: Cam", "tokenized_text": "Cambridge", "type": "venue", "id": 8}, {"begin": 159, "end": 163, "text": "ress", "tokenized_text": "2013", "type": "year", "id": 9}]