[{"begin": 0, "end": 25, "text": "‘The Poetics of Knowled", "tokenized_text": "‘The Poetics of Knowledge", "type": "venue", "id": 0}, {"begin": 26, "end": 28, "text": "e ", "tokenized_text": "in", "type": "title", "id": 1}, {"begin": 29, "end": 37, "text": "n Oppian", "tokenized_text": "Oppian’s", "type": "venue", "id": 2}, {"begin": 38, "end": 48, "text": "��s Halieu", "tokenized_text": "Halieutica", "type": "title", "id": 3}, {"begin": 51, "end": 56, "text": "a,’", "tokenized_text": "Ramus", "type": "venue", "id": 4}, {"begin": 61, "end": 65, "text": "s 37", "tokenized_text": "2008", "type": "year", "id": 5}]