{
  "comment": "//leave comments here if needed",
  "contain_publication_list": "F",
  "email": "max@cs.ucdavis.edu",
  "filename": "e490cf1c-d65a-47e8-a0ee-995e5d5d0207",
  "info": "T means true, F means False. If no publications, just leave the publication structure unchanged.",
  "is_personal_homepage": "T",
  "name": "Nelson Max",
  "name_index": [
    {
      "index_in_file": [
        [
          158,
          168
        ],
        [
          1343,
          1353
        ]
      ],
      "name_format": "Begin_First_Full End_Last_Full",
      "text": "Nelson Max"
    },
    {
      "index_in_file": [
        [
          265,
          268
        ],
        [
          362,
          365
        ],
        [
          845,
          848
        ],
        [
          1103,
          1106
        ],
        [
          1283,
          1286
        ],
        [
          1423,
          1426
        ]
      ],
      "name_format": "Begin_Last_Full",
      "text": "Max"
    }
  ],
  "publications": [
    {
      "text": "COPY_SINGLE_PUBLICATION_HERE"
    },
    {
      "text": "COPY_SINGLE_PUBLICATION_HERE"
    }
  ],
  "url": "http://faculty.engineering.ucdavis.edu/max"
}