{
  "comment": "//leave comments here if needed",
  "contain_publication_list": "F",
  "email": "califeri@umn.edu",
  "filename": "c582e87f-41bd-426c-8c1c-61907e54c114",
  "info": "T means true, F means False. If no publications, just leave the publication structure unchanged.",
  "is_personal_homepage": "T",
  "name": "Constantin Aliferis",
  "name_index": [
    {
      "index_in_file": [
        [
          245,
          264
        ],
        [
          265,
          284
        ]
      ],
      "name_format": "Begin_First_Full End_Last_Full",
      "text": "Constantin Aliferis"
    },
    {
      "in_email": "Before_At",
      "index_in_file": [
        [
          354,
          362
        ]
      ],
      "name_format": "Begin_First_Initial_Last_Full",
      "text": "califeri"
    }
  ],
  "publications": [
    {
      "text": "COPY_SINGLE_PUBLICATION_HERE"
    },
    {
      "text": "COPY_SINGLE_PUBLICATION_HERE"
    }
  ],
  "url": "http://healthinformatics.umn.edu/bio/ihi-faculty-staff/constantin-aliferis"
}