[{"begin": 0, "end": 41, "text": "McMillan HJ, Gregas M, Darras BT, Kang PB", "tokenized_text": "McMillan HJ , Gregas M , Darras BT , Kang PB", "type": "authors", "id": 0}, {"begin": 44, "end": 121, "text": "Serum transaminase levels in boys with Duchenne and Becker muscular dystrophy", "tokenized_text": "Serum transaminase levels in boys with Duchenne and Becker muscular dystrophy", "type": "title", "id": 1}, {"begin": 124, "end": 138, "text": "Pediatrics2011", "tokenized_text": "Pediatrics2011", "type": "venue", "id": 2}]