[{"begin": 193, "end": 211, "text": " Kunkel LM, Kang P", "tokenized_text": "Kunkel LM , Kang PB", "type": "authors", "id": 0}, {"begin": 214, "end": 309, "text": " Mutations in the satellite cell gene MEGF10cause a recessive congenital myopathy with minicore", "tokenized_text": "Mutations in the satellite cell gene MEGF10cause a recessive congenital myopathy with minicores", "type": "title", "id": 1}, {"begin": 312, "end": 325, "text": " Neurogenetic", "tokenized_text": "Neurogenetics", "type": "venue", "id": 2}, {"begin": 326, "end": 330, "text": " 201", "tokenized_text": "2012", "type": "year", "id": 3}, {"begin": 0, "end": 192, "text": "Boyden SE, Mahoney LJ, Kawahara G, Myers JA, Mitsuhashi S, Estrella EA, Duncan AR, Dey F, DeChene ET, Blasko-Goehringer JM, Bönnemann CG, Darras BT, Mendell JR, Lidov HGW, Nishino I, Beggs AH", "tokenized_text": "Boyden SE , Mahoney LJ , Kawahara G , Myers JA , Mitsuhashi S , Estrella EA , Duncan AR , Dey F , DeChene ET , Blasko - Goehringer JM , Bönnemann CG , Darras BT , Mendell JR , Lidov HGW , Nishino I , Beggs AH ,", "type": "authors", "id": 4}]