[{"begin": 0, "end": 54, "text": "Shah DU, Darras BT, Markowitz JA, Jones HR Jr, Kang PB", "tokenized_text": "Shah DU , Darras BT , Markowitz JA , Jones HR Jr , Kang PB", "type": "authors", "id": 0}, {"begin": 57, "end": 162, "text": "The spectrum of myotonic and myopathic disorders in a pediatric electromyography laboratory over 12 years", "tokenized_text": "The spectrum of myotonic and myopathic disorders in a pediatric electromyography laboratory over 12 years", "type": "title", "id": 1}, {"begin": 165, "end": 188, "text": "Pediatric Neurology2012", "tokenized_text": "Pediatric Neurology2012", "type": "venue", "id": 2}]