[{"begin": 0, "end": 61, "text": "Mitsuhashi S, Mitsuhashi H, Alexander MS, Sugimoto H, Kang PB", "tokenized_text": "Mitsuhashi S , Mitsuhashi H , Alexander MS , Sugimoto H , Kang PB", "type": "authors", "id": 0}, {"begin": 64, "end": 142, "text": "Cysteine mutations cause defective tyrosine phosphorylation in MEGF10 myopathy", "tokenized_text": "Cysteine mutations cause defective tyrosine phosphorylation in MEGF10 myopathy", "type": "title", "id": 1}, {"begin": 145, "end": 161, "text": "FEBS Letters2013", "tokenized_text": "FEBS Letters2013", "type": "venue", "id": 2}]