[{"begin": 0, "end": 128, "text": "Mitsuhashi S, Boyden SE, Estrella EA, Jones TI, Rahimov F, Yu TW, Darras BT, Amato AA, Folkerth RD, Jones PL, Kunkel LM, Kang PB", "tokenized_text": "Mitsuhashi S , Boyden SE , Estrella EA , Jones TI , Rahimov F , Yu TW , Darras BT , Amato AA , Folkerth RD , Jones PL , Kunkel LM , Kang PB", "type": "authors", "id": 0}, {"begin": 131, "end": 225, "text": "Exome sequencing identifies a novel SMCHD1mutation in facioscapulohumeral muscular dystrophy 2", "tokenized_text": "Exome sequencing identifies a novel SMCHD1mutation in facioscapulohumeral muscular dystrophy 2", "type": "title", "id": 1}, {"begin": 228, "end": 251, "text": "Neuromuscular Disorders", "tokenized_text": "Neuromuscular Disorders", "type": "venue", "id": 2}, {"begin": 252, "end": 256, "text": "2013", "tokenized_text": "2013", "type": "year", "id": 3}]