[{"begin": 229, "end": 233, "text": "PNCR", "tokenized_text": "PNCR", "type": "authors", "id": 0}, {"begin": 237, "end": 307, "text": "The motor neuron response to SMN1deficiency in spinal muscular atrophy", "tokenized_text": "The motor neuron response to SMN1deficiency in spinal muscular atrophy", "type": "title", "id": 1}, {"begin": 310, "end": 324, "text": "Muscle & Nerve", "tokenized_text": "Muscle & Nerve", "type": "venue", "id": 2}, {"begin": 325, "end": 329, "text": "2014", "tokenized_text": "2014", "type": "year", "id": 3}, {"begin": 0, "end": 105, "text": "Kang PB, Gooch CL, McDermott MP, Darras BT, Finkel RS, Yang ML, Sproule DM, Chung WK, Kaufmann P, De Vivo", "tokenized_text": "Kang PB , Gooch CL , McDermott MP , Darras BT , Finkel RS , Yang ML , Sproule DM , Chung WK , Kaufmann P , De Vivo", "type": "authors", "id": 4}, {"begin": 106, "end": 227, "text": "DC for the Muscle Study Group (MSG) and the Pediatric Neuromuscular Clinical Research Network for Spinal Muscular Atrophy", "tokenized_text": "DC for the Muscle Study Group ( MSG ) and the Pediatric Neuromuscular Clinical Research Network for Spinal Muscular Atrophy", "type": "title", "id": 5}]