[{"begin": 0, "end": 75, "text": "Liew WKM, Powell CA, Sloan SR, Shamberger RC, Weldon CB, Darras BT, Kang PB", "tokenized_text": "Liew WKM , Powell CA , Sloan SR , Shamberger RC , Weldon CB , Darras BT , Kang PB", "type": "authors", "id": 0}, {"begin": 78, "end": 193, "text": "Comparison of plasmapheresis and intravenous immunoglobulin as maintenance therapies for juvenile myasthenia gravis", "tokenized_text": "Comparison of plasmapheresis and intravenous immunoglobulin as maintenance therapies for juvenile myasthenia gravis", "type": "title", "id": 1}, {"begin": 196, "end": 214, "text": "JAMA Neurology2014", "tokenized_text": "JAMA Neurology2014", "type": "venue", "id": 2}]