[{"begin": 0, "end": 50, "text": "Karakis I, Liew W, Darras BT, Jones HR Jr, Kang PB", "tokenized_text": "Karakis I , Liew W , Darras BT , Jones HR Jr , Kang PB", "type": "authors", "id": 0}, {"begin": 53, "end": 134, "text": "Referral and diagnostic trends in pediatric electromyography in the molecular era", "tokenized_text": "Referral and diagnostic trends in pediatric electromyography in the molecular era", "type": "title", "id": 1}, {"begin": 137, "end": 157, "text": "Muscle and Nerve2014", "tokenized_text": "Muscle and Nerve2014", "type": "venue", "id": 2}]