[{"begin": 0, "end": 65, "text": "Draper I, Mahoney LJ, Mitsuhashi S, Pacak CA, Salomon RN, Kang PB", "tokenized_text": "Draper I , Mahoney LJ , Mitsuhashi S , Pacak CA , Salomon RN , Kang PB", "type": "authors", "id": 0}, {"begin": 68, "end": 143, "text": "Silencing of drprleads to muscle and brain degeneration in adult Drosophila", "tokenized_text": "Silencing of drprleads to muscle and brain degeneration in adult Drosophila", "type": "title", "id": 1}, {"begin": 146, "end": 175, "text": "American Journal of Pathology", "tokenized_text": "American Journal of Pathology", "type": "venue", "id": 2}, {"begin": 176, "end": 180, "text": "2014", "tokenized_text": "2014", "type": "year", "id": 3}]