[{"begin": 0, "end": 166, "text": "Kang PB, Morrison L, Iannaccone ST, Graham RJ, Bönnemann CG, Rutkowski A, Hornyak J, Wang CH, North K, Oskoui M, Getchius TSD, Cox JA, Hagen EE, Gronseth G, Griggs R", "tokenized_text": "Kang PB , Morrison L , Iannaccone ST , Graham RJ , Bönnemann CG , Rutkowski A , Hornyak J , Wang CH , North K , Oskoui M , Getchius TSD , Cox JA , Hagen EE , Gronseth G , Griggs RC", "type": "authors", "id": 0}, {"begin": 169, "end": 201, "text": " Evidence-based guideline summar", "tokenized_text": "Evidence - based guideline summary", "type": "title", "id": 1}, {"begin": 201, "end": 330, "text": "y: evaluation, diagnosis, and management of congenital muscular dystrophy: report of the Guideline Development Subcommittee of th", "tokenized_text": ": evaluation , diagnosis , and management of congenital muscular dystrophy : report of the Guideline Development Subcommittee of the", "type": "title", "id": 2}, {"begin": 331, "end": 471, "text": " American Academy of Neurology and the Practice Issues Review Panel of the American Association of Neuromuscular & Electrodiagnostic Medicin", "tokenized_text": "American Academy of Neurology and the Practice Issues Review Panel of the American Association of Neuromuscular & Electrodiagnostic Medicine", "type": "venue", "id": 3}, {"begin": 474, "end": 487, "text": " Neurology201", "tokenized_text": "Neurology2015", "type": "venue", "id": 4}]