[{"begin": 234, "end": 265, "text": "neurology clinical workforce in", "tokenized_text": "neurology clinical workforce in", "type": "title", "id": 0}, {"begin": 266, "end": 270, "text": "2015", "tokenized_text": "2015", "type": "year", "id": 1}, {"begin": 270, "end": 309, "text": ": report of the AAP/CNS joint taskforce", "tokenized_text": ": report of the AAP / CNS joint taskforce", "type": "title", "id": 2}, {"begin": 312, "end": 321, "text": "Neurology", "tokenized_text": "Neurology", "type": "venue", "id": 3}, {"begin": 322, "end": 326, "text": "2016", "tokenized_text": "2016", "type": "year", "id": 4}, {"begin": 0, "end": 76, "text": "Kang PB, Bale JF Jr, Mintz M, Joshi SM, Gilbert DL, Radabaugh C, Ruch-Ross H", "tokenized_text": "Kang PB , Bale JF Jr , Mintz M , Joshi SM , Gilbert DL , Radabaugh C , Ruch - Ross H", "type": "authors", "id": 5}, {"begin": 78, "end": 142, "text": "for the Section on Neurology Executive Committee of the American", "tokenized_text": "for the Section on Neurology Executive Committee of the American", "type": "title", "id": 6}, {"begin": 143, "end": 153, "text": "Academy of", "tokenized_text": "Academy of", "type": "venue", "id": 7}, {"begin": 154, "end": 222, "text": "Pediatrics and the Board of Directors of the Child Neurology Society", "tokenized_text": "Pediatrics and the Board of Directors of the Child Neurology Society", "type": "title", "id": 8}, {"begin": 224, "end": 233, "text": "The child", "tokenized_text": "The child", "type": "venue", "id": 9}]