[{"begin": 204, "end": 209, "text": "Egypt", "tokenized_text": "Egypt", "type": "title", "id": 0}, {"begin": 212, "end": 226, "text": "Muscle & Nerve", "tokenized_text": "Muscle & Nerve", "type": "venue", "id": 1}, {"begin": 227, "end": 231, "text": "2016", "tokenized_text": "2016", "type": "year", "id": 2}, {"begin": 0, "end": 126, "text": "Reddy HM, Hamed SA, Lek M, Mitsuhashi S, Estrella E, Jones MD, Mahoney LJ, Duncan AR, Cho KA, MacArthur DG, Kunkel LM, Kang PB", "tokenized_text": "Reddy HM , Hamed SA , Lek M , Mitsuhashi S , Estrella E , Jones MD , Mahoney LJ , Duncan AR , Cho KA , MacArthur DG , Kunkel LM , Kang PB", "type": "authors", "id": 3}, {"begin": 128, "end": 202, "text": "A homozygous nonsense mutation in SGCA is a common cause of LGMD in Assiut", "tokenized_text": "A homozygous nonsense mutation in SGCA is a common cause of LGMD in Assiut", "type": "title", "id": 4}]