[{"begin": 0, "end": 61, "text": "Liew WKM, Pacak CA, Visyak N, Darras BT, Bousvaros A, Kang PB", "tokenized_text": "Liew WKM , Pacak CA , Visyak N , Darras BT , Bousvaros A , Kang PB", "type": "authors", "id": 0}, {"begin": 63, "end": 136, "text": "Longitudinal impact of thalidomide neuropathy in children and adolescents", "tokenized_text": "Longitudinal impact of thalidomide neuropathy in children and adolescents", "type": "title", "id": 1}, {"begin": 139, "end": 160, "text": "Journal of Pediatrics", "tokenized_text": "Journal of Pediatrics", "type": "venue", "id": 2}, {"begin": 161, "end": 165, "text": "2016", "tokenized_text": "2016", "type": "year", "id": 3}]