[{"begin": 0, "end": 183, "text": "Reddy HM, Cho KA, Lek M, Estrella E, Valkanas E, Jones MD, Mitsuhashi S, Darras BT, Amato AA, Lidov HGW, Brownstein CA, Margulies DM, Yu TW, Salih MA, Kunkel LM, MacArthur DG, Kang PB", "tokenized_text": "Reddy HM , Cho KA , Lek M , Estrella E , Valkanas E , Jones MD , Mitsuhashi S , Darras BT , Amato AA , Lidov HGW , Brownstein CA , Margulies DM , Yu TW , Salih MA , Kunkel LM , MacArthur DG , Kang PB", "type": "authors", "id": 0}, {"begin": 186, "end": 286, "text": "The sensitivity of exome sequencing in identifying causative mutations for LGMD in the United States", "tokenized_text": "The sensitivity of exome sequencing in identifying causative mutations for LGMD in the United States", "type": "title", "id": 1}, {"begin": 289, "end": 314, "text": "Journal of Human Genetics", "tokenized_text": "Journal of Human Genetics", "type": "venue", "id": 2}, {"begin": 315, "end": 319, "text": "2017", "tokenized_text": "2017", "type": "year", "id": 3}]