{
  "comment": "//leave comments here if needed",
  "contain_publication_list": "F",
  "email": "hongbo.xie@qut.edu.au",
  "filename": "60c66322-fef7-4b1f-bcaf-36695a06560c",
  "info": "T means true, F means False. If no publications, just leave the publication structure unchanged.",
  "is_personal_homepage": "T",
  "name": "Hongbo Xie",
  "name_index": [
    {
      "index_in_file": [
        [
          48,
          58
        ],
        [
          165,
          175
        ]
      ],
      "name_format": "Begin_First_Full End_Last_Full",
      "text": "Hongbo Xie"
    },
    {
      "in_email": "Before_At",
      "index_in_file": [
        [
          308,
          318
        ]
      ],
      "name_format": "Begin_First_Full End_Last_Full",
      "text": "hongbo.xie"
    }
  ],
  "publications": [
    {
      "text": "COPY_SINGLE_PUBLICATION_HERE"
    },
    {
      "text": "COPY_SINGLE_PUBLICATION_HERE"
    }
  ],
  "url": "http://staff.qut.edu.au/staff/xieh2/"
}