{
  "comment": "//leave comments here if needed",
  "contain_publication_list": "F",
  "email": "dpowell@uoguelph.ca",
  "filename": "aa3a5d57-c24a-4557-9f89-5f9531df58ca",
  "info": "T means true, F means False. If no publications, just leave the publication structure unchanged.",
  "is_personal_homepage": "T",
  "name": "Deborah Powell",
  "name_index": [
    {
      "index_in_file": [
        [
          123,
          137
        ]
      ],
      "name_format": "Begin_First_Full End_Last_Full",
      "text": "Deborah Powell"
    }
  ],
  "publications": [
    {
      "text": "COPY_SINGLE_PUBLICATION_HERE"
    },
    {
      "text": "COPY_SINGLE_PUBLICATION_HERE"
    }
  ],
  "url": "https://www.uoguelph.ca/psychology/users/deborah-powell"
}