{
  "comment": "//leave comments here if needed",
  "contain_publication_list": "F",
  "email": "wang.zheng@yale.edu",
  "filename": "d74e7096-d3c3-4feb-8d9d-6a4dd534ee4c",
  "info": "T means true, F means False. If no publications, just leave the publication structure unchanged.",
  "is_personal_homepage": "T",
  "name": "Zheng Wang",
  "name_index": [
    {
      "index_in_file": [
        [
          206,
          216
        ],
        [
          387,
          397
        ],
        [
          2008,
          2018
        ]
      ],
      "name_format": "Begin_First_Full End_Last_Full",
      "text": "Zheng Wang"
    }
  ],
  "publications": [
    {
      "text": "COPY_SINGLE_PUBLICATION_HERE"
    },
    {
      "text": "COPY_SINGLE_PUBLICATION_HERE"
    }
  ],
  "url": "http://medicine.yale.edu/ysph/people/wang_zheng.profile"
}